matchKey,homeId,awayId,goalsHome,goalsAway
31-6,31,6,0,1
75-48,75,48,1,0
22-4,22,4,2,0
45-38,45,38,2,2
17-21,17,21,1,1
54-57,54,57,2,1
62-20,62,20,0,4
63-33,63,33,0,1
43-25,43,25,1,4
32-40,32,40,0,1
46-6,46,6,0,0
39-51,39,51,3,1
22-40,22,40,5,0
77-15,77,15,0,1
76-28,76,28,2,0
52-17,52,17,1,1
20-19,20,19,2,3
45-33,45,33,0,1
14-1,14,1,1,0
61-75,61,75,0,0
57-36,57,36,0,0
49-15,49,15,0,0
71-79,71,79,3,0
54-67,54,67,1,2
35-9,35,9,1,0
28-34,28,34,0,1
63-79,63,79,1,0
18-38,18,38,0,0
18-35,18,35,1,3
34-36,34,36,2,3
37-9,37,9,2,1
64-50,64,50,1,3
36-76,36,76,1,0
6-80,6,80,2,0
71-33,71,33,0,2
39-9,39,9,0,0
25-41,25,41,0,0
45-80,45,80,2,3
60-69,60,69,1,1
29-5,29,5,0,3
26-69,26,69,1,0
13-52,13,52,0,0
76-32,76,32,0,1
30-67,30,67,1,1
33-56,33,56,2,0
28-68,28,68,0,0
32-37,32,37,3,0
21-11,21,11,0,1
13-41,13,41,2,0
71-53,71,53,1,2
31-22,31,22,1,0
54-78,54,78,0,2
64-8,64,8,0,3
19-72,19,72,0,1
53-73,53,73,2,0
62-63,62,63,0,0
24-52,24,52,0,0
33-53,33,53,1,0
70-51,70,51,0,2
55-59,55,59,1,2
51-47,51,47,3,1
18-47,18,47,2,2
31-56,31,56,0,0
69-34,69,34,0,0
77-51,77,51,0,0
80-7,80,7,1,1
43-29,43,29,1,1
30-25,30,25,3,0
74-25,74,25,0,2
50-70,50,70,0,0
3-79,3,79,2,0
30-24,30,24,4,0
21-48,21,48,2,0
10-43,10,43,3,0
71-73,71,73,1,1
57-80,57,80,2,1
33-20,33,20,3,0
78-47,78,47,0,0
65-14,65,14,0,1
10-11,10,11,3,0
57-5,57,5,0,1
41-80,41,80,1,2
28-41,28,41,3,0
38-75,38,75,0,0
4-11,4,11,1,0
62-60,62,60,0,1
16-18,16,18,1,1
34-26,34,26,0,0
51-12,51,12,1,3
54-12,54,12,0,2
2-67,2,67,1,0
57-45,57,45,3,0
27-7,27,7,1,3
25-65,25,65,0,0
40-4,40,4,0,0
65-49,65,49,0,2
37-64,37,64,0,2
47-1,47,1,1,2
21-15,21,15,1,0
46-19,46,19,1,2
13-73,13,73,2,1
38-33,38,33,3,1
46-8,46,8,1,1
20-4,20,4,3,1
30-72,30,72,2,0
38-52,38,52,1,2
58-70,58,70,3,0
44-33,44,33,1,1
72-38,72,38,0,0
9-34,9,34,2,0
27-50,27,50,0,2
74-58,74,58,1,2
51-67,51,67,2,0
69-28,69,28,0,0
65-17,65,17,1,3
67-40,67,40,1,3
38-73,38,73,1,0
62-17,62,17,0,0
51-60,51,60,1,0
56-14,56,14,1,1
59-75,59,75,1,1
80-35,80,35,1,2
55-30,55,30,1,2
35-36,35,36,1,2
57-10,57,10,2,3
27-32,27,32,3,1
18-36,18,36,2,0
3-47,3,47,0,0
66-47,66,47,3,2
32-73,32,73,2,0
4-63,4,63,0,0
76-73,76,73,1,0
73-49,73,49,2,2
51-6,51,6,2,1
28-30,28,30,0,1
38-44,38,44,0,0
4-45,4,45,3,3
22-49,22,49,0,0
57-62,57,62,2,1
19-52,19,52,2,0
57-8,57,8,1,2
51-70,51,70,0,1
50-32,50,32,1,1
78-16,78,16,0,3
40-41,40,41,0,0
59-18,59,18,1,2
62-12,62,12,0,2
5-21,5,21,1,1
72-33,72,33,0,3
22-31,22,31,2,0
9-23,9,23,0,0
62-47,62,47,0,1
27-38,27,38,0,0
64-69,64,69,2,1
57-22,57,22,2,1
31-61,31,61,4,0
64-74,64,74,0,0
13-65,13,65,0,1
47-50,47,50,0,1
56-75,56,75,3,1
56-7,56,7,1,1
62-58,62,58,0,1
27-6,27,6,1,0
58-50,58,50,1,1
37-39,37,39,2,1
18-20,18,20,2,1
79-18,79,18,0,0
23-37,23,37,4,0
35-54,35,54,1,0
32-41,32,41,1,1
25-31,25,31,2,0
74-76,74,76,1,0
74-37,74,37,0,1
5-28,5,28,0,0
78-55,78,55,0,1
48-45,48,45,1,2
22-20,22,20,1,1
19-64,19,64,0,0
23-74,23,74,2,0
51-23,51,23,1,0
62-36,62,36,0,1
7-36,7,36,0,0
32-31,32,31,0,1
53-21,53,21,0,1
76-33,76,33,2,0
54-28,54,28,1,2
74-6,74,6,1,3
6-50,6,50,2,0
43-52,43,52,0,2
55-49,55,49,2,2
29-25,29,25,1,1
26-76,26,76,1,0
7-54,7,54,4,1
12-29,12,29,2,0
13-54,13,54,0,2
64-16,64,16,1,1
20-38,20,38,2,1
4-7,4,7,2,1
80-1,80,1,0,0
39-29,39,29,1,1
10-80,10,80,5,0
20-58,20,58,0,0
58-41,58,41,2,0
32-65,32,65,1,0
24-72,24,72,2,0
71-37,71,37,0,2
53-3,53,3,0,0
29-63,29,63,0,0
5-59,5,59,1,0
75-39,75,39,0,2
49-58,49,58,2,1
40-4,40,4,0,0
31-38,31,38,1,3
1-17,1,17,1,6
4-15,4,15,0,1
3-65,3,65,0,1
69-55,69,55,0,3
16-61,16,61,1,0
30-54,30,54,0,1
52-55,52,55,2,2
15-47,15,47,0,0
65-69,65,69,1,2
27-10,27,10,0,1
6-18,6,18,1,1
41-37,41,37,0,2
67-52,67,52,0,2
2-60,2,60,2,1
4-61,4,61,3,1
53-78,53,78,1,1
80-40,80,40,2,0
20-70,20,70,0,0
12-35,12,35,1,1
10-20,10,20,1,1
15-22,15,22,0,2
11-51,11,51,1,0
10-64,10,64,2,0
58-79,58,79,1,0
53-36,53,36,2,2
54-69,54,69,1,0
62-25,62,25,1,0
27-26,27,26,0,3
42-63,42,63,2,1
18-53,18,53,2,0
46-18,46,18,1,2
15-76,15,76,2,0
25-8,25,8,0,2
78-21,78,21,1,0
3-68,3,68,1,1
17-71,17,71,0,0
32-19,32,19,1,1
2-36,2,36,0,0
27-36,27,36,2,0
4-74,4,74,2,0
63-33,63,33,0,4
5-45,5,45,2,0
59-32,59,32,0,1
52-63,52,63,2,0
58-8,58,8,1,1
34-28,34,28,3,0
63-36,63,36,0,0
62-34,62,34,1,0
17-43,17,43,0,1
10-51,10,51,2,1
16-4,16,4,2,1
40-49,40,49,0,0
3-73,3,73,1,1
14-64,14,64,1,1
54-42,54,42,0,2
14-56,14,56,0,0
35-78,35,78,4,0
11-35,11,35,1,0
59-56,59,56,2,0
15-39,15,39,3,0
56-26,56,26,0,1
38-18,38,18,1,0
70-12,70,12,0,2
16-37,16,37,1,1
2-20,2,20,1,0
10-29,10,29,1,0
34-45,34,45,0,0
54-72,54,72,4,0
69-61,69,61,2,2
65-15,65,15,0,3
26-58,26,58,1,0
38-60,38,60,1,1
19-79,19,79,1,0
65-61,65,61,1,3
59-11,59,11,0,0
55-39,55,39,1,3
27-4,27,4,0,1
5-41,5,41,1,0
45-16,45,16,1,0
33-55,33,55,1,2
46-35,46,35,1,1
16-30,16,30,0,1
26-14,26,14,1,1
7-30,7,30,2,1
61-36,61,36,0,0
78-1,78,1,0,3
47-18,47,18,1,0
15-17,15,17,2,1
14-60,14,60,1,0
35-2,35,2,1,1
63-59,63,59,1,0
28-50,28,50,1,0
22-66,22,66,2,0
68-34,68,34,0,3
59-16,59,16,0,0
72-15,72,15,1,5
6-54,6,54,0,0
66-30,66,30,1,3
38-68,38,68,0,1
33-31,33,31,2,0
23-37,23,37,0,0
58-38,58,38,0,1
34-16,34,16,2,1
33-54,33,54,2,0
37-60,37,60,0,0
16-36,16,36,1,2
80-28,80,28,0,1
16-48,16,48,2,1
74-30,74,30,1,1
78-53,78,53,1,1
57-46,57,46,0,0
35-15,35,15,0,0
15-3,15,3,2,0
76-46,76,46,0,0
49-25,49,25,0,1
26-48,26,48,1,1
58-30,58,30,1,0
17-33,17,33,2,1
9-34,9,34,0,0
42-8,42,8,1,1
25-41,25,41,0,0
1-62,1,62,5,0
55-19,55,19,1,2
46-51,46,51,2,0
14-28,14,28,1,0
21-27,21,27,1,0
10-76,10,76,0,0
37-62,37,62,2,0
80-55,80,55,0,2
5-53,5,53,2,0
8-20,8,20,1,0
11-21,11,21,2,0
2-25,2,25,2,2
53-59,53,59,1,0
56-57,56,57,1,1
7-58,7,58,2,0
5-23,5,23,1,0
71-64,71,64,3,0
35-18,35,18,0,4
76-59,76,59,2,0
3-46,3,46,3,0
63-75,63,75,3,2
65-17,65,17,0,1
25-44,25,44,2,0
16-74,16,74,3,0
22-7,22,7,0,0
21-73,21,73,1,1
12-18,12,18,2,1
25-69,25,69,3,0
7-20,7,20,3,1
43-36,43,36,2,2
74-41,74,41,2,0
3-80,3,80,1,0
8-42,8,42,4,0
57-38,57,38,1,0
65-2,65,2,0,2
76-33,76,33,1,0
39-37,39,37,3,1
2-30,2,30,2,0
53-39,53,39,0,0
62-6,62,6,0,3
67-72,67,72,1,1
35-43,35,43,0,1
77-20,77,20,1,3
62-74,62,74,1,2
43-10,43,10,1,1
13-37,13,37,0,1
68-11,68,11,0,2
61-12,61,12,0,3
31-59,31,59,1,0
27-56,27,56,1,0
27-50,27,50,3,2
49-38,49,38,1,1
53-39,53,39,2,0
39-36,39,36,0,0
41-26,41,26,1,2
32-35,32,35,1,1
3-34,3,34,2,0
20-77,20,77,1,1
78-53,78,53,2,0
7-20,7,20,1,0
80-23,80,23,1,2
38-4,38,4,1,0
61-29,61,29,0,2
19-45,19,45,2,1
69-67,69,67,0,2
51-79,51,79,0,0
27-3,27,3,0,1
43-19,43,19,1,1
11-38,11,38,0,0
39-44,39,44,2,0
65-42,65,42,0,0
19-32,19,32,1,1
33-24,33,24,2,0
39-54,39,54,1,0
17-7,17,7,1,3
71-28,71,28,1,2
47-59,47,59,1,1
7-42,7,42,1,0
49-30,49,30,1,0
30-65,30,65,1,0
75-40,75,40,0,2
15-55,15,55,2,0
68-2,68,2,0,1
26-74,26,74,3,2
37-25,37,25,0,0
7-80,7,80,0,0
37-32,37,32,1,0
42-77,42,77,2,3
48-39,48,39,2,0
39-67,39,67,3,1
56-51,56,51,1,0
34-16,34,16,0,0
33-9,33,9,4,0
56-23,56,23,3,0
65-17,65,17,0,2
65-3,65,3,0,1
41-58,41,58,2,0
37-7,37,7,0,1
66-40,66,40,0,1
79-54,79,54,1,0
46-5,46,5,0,4
62-5,62,5,1,1
43-42,43,42,1,1
28-34,28,34,2,0
28-47,28,47,1,2
72-78,72,78,1,2
2-54,2,54,3,0
27-76,27,76,4,1
49-27,49,27,1,0
30-17,30,17,1,2
70-21,70,21,1,2
48-41,48,41,2,1
59-11,59,11,1,1
4-39,4,39,1,0
38-7,38,7,0,0
50-2,50,2,0,2
56-72,56,72,0,0
57-66,57,66,2,0
26-36,26,36,0,1
65-1,65,1,0,3
63-8,63,8,0,2
21-15,21,15,1,1
12-28,12,28,2,1
80-34,80,34,1,3
19-69,19,69,1,0
19-48,19,48,2,0
30-49,30,49,3,0
24-79,24,79,4,0
77-30,77,30,0,1
68-77,68,77,0,0
34-22,34,22,1,1
13-4,13,4,1,4
33-76,33,76,2,0
33-4,33,4,2,1
41-5,41,5,1,2
33-21,33,21,1,0
3-64,3,64,0,0
43-64,43,64,3,0
63-7,63,7,0,2
56-21,56,21,0,0
72-26,72,26,2,3
7-56,7,56,1,1
62-32,62,32,1,2
73-9,73,9,0,2
32-70,32,70,4,0
31-4,31,4,2,2
59-10,59,10,1,1
36-23,36,23,0,1
43-25,43,25,2,0
7-18,7,18,0,1
51-69,51,69,1,0
60-62,60,62,2,0
14-19,14,19,0,0
47-1,47,1,0,0
2-66,2,66,2,1
3-7,3,7,2,0
26-5,26,5,0,1
15-59,15,59,2,2
23-78,23,78,2,0
39-49,39,49,1,0
17-56,17,56,1,0
37-67,37,67,2,2
67-76,67,76,1,0
38-6,38,6,0,1
40-45,40,45,2,0
48-1,48,1,3,1
49-4,49,4,0,2
25-63,25,63,4,0
9-35,9,35,2,0
63-7,63,7,0,2
67-56,67,56,1,1
64-8,64,8,0,0
13-76,13,76,1,1
79-73,79,73,1,1
14-10,14,10,0,2
34-43,34,43,1,0
22-38,22,38,2,0
8-58,8,58,2,0
34-30,34,30,0,1
72-44,72,44,0,3
14-28,14,28,2,1
6-2,6,2,0,1
56-63,56,63,1,1
50-38,50,38,1,5
47-31,47,31,3,1
10-54,10,54,2,0
79-66,79,66,2,1
2-76,2,76,2,0
64-51,64,51,0,0
27-24,27,24,1,0
77-56,77,56,2,3
32-29,32,29,1,0
10-27,10,27,2,3
2-32,2,32,0,0
3-73,3,73,1,0
5-28,5,28,1,1
60-55,60,55,0,1
41-73,41,73,3,0
21-66,21,66,1,0
73-46,73,46,0,1
25-44,25,44,2,1
5-50,5,50,0,0
14-27,14,27,4,0
30-75,30,75,2,0
6-50,6,50,3,0
41-43,41,43,0,0
73-3,73,3,0,0
13-55,13,55,0,0
33-74,33,74,0,1
67-54,67,54,0,0
17-43,17,43,1,0
46-76,46,76,1,1
42-4,42,4,1,1
9-20,9,20,4,1
70-50,70,50,0,1
41-63,41,63,2,3
60-16,60,16,0,2
41-49,41,49,1,1
16-63,16,63,1,0
41-2,41,2,1,1
3-79,3,79,4,0
74-45,74,45,0,1
61-66,61,66,1,0
46-68,46,68,1,0
51-32,51,32,0,5
11-44,11,44,1,1
79-51,79,51,0,0
20-49,20,49,2,0
55-32,55,32,1,1
64-77,64,77,3,0
33-47,33,47,4,0
63-8,63,8,0,0
79-55,79,55,0,0
55-78,55,78,3,0
62-78,62,78,0,1
43-63,43,63,1,1
47-43,47,43,0,1
69-3,69,3,0,0
35-47,35,47,3,0
60-63,60,63,1,0
53-29,53,29,0,1
54-23,54,23,0,1
55-42,55,42,3,0
62-72,62,72,1,1
3-60,3,60,1,1
22-44,22,44,0,0
29-6,29,6,2,1
56-49,56,49,1,0
17-73,17,73,3,0
72-27,72,27,1,3
67-54,67,54,0,1
45-41,45,41,1,0
46-45,46,45,1,0
51-59,51,59,0,0
20-18,20,18,3,1
56-53,56,53,2,2
30-54,30,54,1,2
44-78,44,78,2,1
66-11,66,11,2,1
74-65,74,65,2,1
10-51,10,51,1,0
80-63,80,63,1,2
27-57,27,57,0,0
8-49,8,49,1,0
63-53,63,53,1,1
22-42,22,42,1,0
71-72,71,72,0,3
59-25,59,25,2,2
21-7,21,7,1,0
44-30,44,30,0,2
80-6,80,6,0,3
8-27,8,27,2,1
70-75,70,75,2,0
34-73,34,73,1,0
7-75,7,75,3,0
56-33,56,33,2,1
74-48,74,48,1,2
74-43,74,43,3,0
23-34,23,34,1,0
3-61,3,61,1,0
32-74,32,74,2,1
9-16,9,16,2,0
5-47,5,47,2,1
65-24,65,24,0,1
21-7,21,7,1,2
71-41,71,41,1,0
29-55,29,55,1,2
66-37,66,37,0,2
39-75,39,75,0,0
62-25,62,25,0,2
28-50,28,50,1,0
28-56,28,56,1,0
22-26,22,26,1,0
7-42,7,42,3,0
65-19,65,19,1,2
35-18,35,18,0,0
50-58,50,58,2,0
18-52,18,52,1,0
68-58,68,58,0,1
73-42,73,42,2,1
11-53,11,53,0,0
71-14,71,14,0,3
67-3,67,3,2,0
60-43,60,43,0,1
47-30,47,30,0,1
35-80,35,80,1,0
72-32,72,32,0,2
38-62,38,62,2,0
79-73,79,73,2,0
49-47,49,47,2,0
6-38,6,38,3,1
52-42,52,42,2,0
65-29,65,29,1,0
50-33,50,33,1,1
69-3,69,3,1,2
75-73,75,73,1,0
2-63,2,63,2,0
21-64,21,64,2,0
45-43,45,43,1,1
77-49,77,49,3,0
31-44,31,44,2,0
22-44,22,44,2,0
79-58,79,58,0,1
63-54,63,54,0,0
38-50,38,50,1,1
57-70,57,70,1,0
10-44,10,44,0,2
52-76,52,76,1,1
19-1,19,1,1,3
30-15,30,15,0,3
22-63,22,63,1,2
60-35,60,35,2,1
6-27,6,27,1,0
62-34,62,34,0,2
28-50,28,50,0,1
16-61,16,61,3,0
65-37,65,37,1,1
34-29,34,29,3,0
5-54,5,54,2,0
36-39,36,39,1,2
16-1,16,1,1,1
59-13,59,13,0,0
3-42,3,42,3,0
25-9,25,9,0,0
14-42,14,42,2,0
21-78,21,78,2,0
34-40,34,40,0,0
37-74,37,74,0,0
79-49,79,49,1,1
8-55,8,55,1,0
76-68,76,68,0,3
4-25,4,25,0,1
28-2,28,2,0,2
68-9,68,9,0,2
60-54,60,54,2,0
53-35,53,35,3,1
69-3,69,3,0,1
31-33,31,33,1,1
5-52,5,52,0,0
10-54,10,54,0,0
40-45,40,45,1,0
13-34,13,34,2,0
15-75,15,75,2,1
6-54,6,54,0,0
78-57,78,57,2,1
3-8,3,8,2,1
46-71,46,71,2,1
34-51,34,51,2,0
24-16,24,16,1,1
25-17,25,17,0,1
54-49,54,49,2,1
65-60,65,60,1,0
8-62,8,62,3,1
11-36,11,36,0,0
70-33,70,33,3,0
8-40,8,40,1,0
59-49,59,49,0,0
38-12,38,12,0,2
56-23,56,23,0,2
21-47,21,47,3,0
1-66,1,66,3,1
29-23,29,23,1,1
33-24,33,24,0,2
38-78,38,78,2,0
61-54,61,54,0,0
52-12,52,12,2,1
59-68,59,68,1,0
65-3,65,3,2,0
20-17,20,17,0,1
20-71,20,71,0,1
47-2,47,2,2,0
69-76,69,76,2,0
61-79,61,79,1,0
51-43,51,43,0,0
45-38,45,38,1,0
80-74,80,74,1,1
45-73,45,73,1,0
29-10,29,10,2,0
1-7,1,7,2,1
16-52,16,52,1,1
22-39,22,39,2,1
53-26,53,26,0,1
58-33,58,33,1,1
45-72,45,72,1,0
26-21,26,21,0,1
5-33,5,33,1,1
63-53,63,53,1,0
47-72,47,72,2,0
8-67,8,67,3,0
3-27,3,27,1,2
58-37,58,37,0,1
26-63,26,63,0,1
8-77,8,77,1,0
43-6,43,6,1,0
34-8,34,8,0,2
10-55,10,55,1,0
27-3,27,3,2,3
48-24,48,24,0,3
75-26,75,26,1,1
80-61,80,61,1,1
6-75,6,75,3,0
61-45,61,45,0,1
16-64,16,64,0,0
25-51,25,51,3,1
8-50,8,50,3,0
7-53,7,53,2,0
52-73,52,73,3,0
27-13,27,13,2,1
23-49,23,49,2,0
9-63,9,63,1,0
76-3,76,3,1,0
75-70,75,70,0,3
31-75,31,75,4,0
75-24,75,24,1,2
43-75,43,75,0,0
35-34,35,34,0,0
26-40,26,40,0,0
68-29,68,29,0,2
33-61,33,61,1,1
45-60,45,60,2,1
5-66,5,66,1,1
10-4,10,4,2,1
30-51,30,51,3,0
4-39,4,39,0,2
17-74,17,74,0,0
34-30,34,30,0,2
68-47,68,47,1,2
72-76,72,76,0,0
24-77,24,77,2,0
44-22,44,22,0,1
23-44,23,44,0,1
54-77,54,77,0,0
28-46,28,46,3,0
52-13,52,13,0,1
66-53,66,53,1,1
49-1,49,1,0,0
21-41,21,41,0,0
56-23,56,23,1,0
40-31,40,31,1,4
33-4,33,4,2,2
2-32,2,32,4,0
76-25,76,25,1,1
23-77,23,77,1,1
65-38,65,38,0,2
67-79,67,79,2,0
74-41,74,41,1,0
5-75,5,75,4,1
7-31,7,31,5,1
13-33,13,33,0,1
40-69,40,69,0,0
34-52,34,52,1,1
28-22,28,22,2,0
18-44,18,44,3,1
14-63,14,63,2,0
10-27,10,27,2,0
31-80,31,80,0,0
19-58,19,58,1,1
45-46,45,46,2,1
24-13,24,13,0,0
32-49,32,49,1,0
63-77,63,77,2,1
1-70,1,70,2,1
77-4,77,4,1,1
1-36,1,36,4,0
28-57,28,57,0,0
53-42,53,42,1,1
62-33,62,33,0,2
43-56,43,56,1,0
25-65,25,65,2,0
10-47,10,47,0,2
16-34,16,34,1,0
53-16,53,16,0,2
64-15,64,15,1,2
49-62,49,62,1,1
59-74,59,74,3,0
34-54,34,54,1,1
13-64,13,64,1,0
48-67,48,67,0,1
27-51,27,51,1,0
65-49,65,49,4,1
66-20,66,20,0,3
3-14,3,14,1,1
74-60,74,60,3,1
75-27,75,27,0,0
17-21,17,21,1,1
6-79,6,79,2,0
51-31,51,31,1,1
66-30,66,30,1,0
48-4,48,4,2,2
27-51,27,51,0,0
25-33,25,33,0,0
7-45,7,45,3,0
38-35,38,35,0,1
69-71,69,71,0,2
66-47,66,47,2,0
31-80,31,80,0,0
72-63,72,63,1,0
55-70,55,70,2,1
24-46,24,46,2,1
16-76,16,76,3,0
65-74,65,74,0,0
8-57,8,57,1,1
35-70,35,70,1,0
17-12,17,12,0,2
18-55,18,55,2,1
32-54,32,54,0,0
11-1,11,1,0,1
76-15,76,15,0,3
79-65,79,65,1,0
62-65,62,65,0,0
34-54,34,54,0,0
7-65,7,65,2,0
3-64,3,64,1,1
55-40,55,40,0,3
27-75,27,75,2,0
79-27,79,27,0,1
57-49,57,49,4,1
48-70,48,70,1,0
78-30,78,30,0,4
27-36,27,36,2,0
70-63,70,63,2,0
76-23,76,23,1,0
59-17,59,17,1,4
6-21,6,21,1,0
36-39,36,39,0,0
28-20,28,20,0,0
69-77,69,77,0,1
24-17,24,17,1,2
57-17,57,17,1,0
34-79,34,79,0,0
60-32,60,32,0,1
66-14,66,14,0,1
69-27,69,27,0,0
9-64,9,64,3,0
33-14,33,14,0,0
20-4,20,4,0,1
59-76,59,76,1,0
11-44,11,44,1,1
36-75,36,75,2,0
44-39,44,39,0,1
47-53,47,53,0,0
77-49,77,49,0,0
46-36,46,36,1,1
21-67,21,67,3,1
50-45,50,45,0,2
34-50,34,50,0,0
7-44,7,44,2,0
76-16,76,16,1,4
65-3,65,3,0,2
75-22,75,22,0,4
26-39,26,39,1,1
14-56,14,56,1,0
70-79,70,79,0,2
72-29,72,29,0,2
63-40,63,40,0,4
5-40,5,40,2,0
21-14,21,14,1,1
56-67,56,67,2,1
56-5,56,5,0,3
79-77,79,77,1,1
60-18,60,18,1,1
79-17,79,17,2,1
80-50,80,50,1,1
35-41,35,41,0,3
79-43,79,43,2,0
80-35,80,35,1,1
67-24,67,24,0,0
45-27,45,27,0,0
46-37,46,37,0,0
67-35,67,35,0,2
74-31,74,31,0,5
46-65,46,65,4,1
11-41,11,41,2,1
28-16,28,16,0,1
34-21,34,21,0,0
77-51,77,51,3,1
50-78,50,78,1,0
53-36,53,36,2,2
32-70,32,70,2,0
55-34,55,34,2,0
71-23,71,23,0,1
24-41,24,41,3,0
61-78,61,78,0,0
59-40,59,40,0,1
4-1,4,1,0,1
50-67,50,67,1,0
40-50,40,50,2,1
26-37,26,37,1,0
18-73,18,73,2,0
24-67,24,67,2,1
22-3,22,3,1,0
5-9,5,9,0,2
11-69,11,69,1,0
12-61,12,61,3,0
6-69,6,69,2,0
77-6,77,6,0,1
72-47,72,47,0,3
71-25,71,25,0,3
60-41,60,41,1,1
19-18,19,18,2,1
15-14,15,14,0,1
66-35,66,35,0,2
78-72,78,72,1,0
56-49,56,49,2,0
64-36,64,36,1,0
27-52,27,52,0,0
70-11,70,11,1,1
64-73,64,73,0,1
48-44,48,44,0,2
6-16,6,16,0,1
77-43,77,43,2,1
24-68,24,68,0,0
59-48,59,48,0,2
23-32,23,32,0,0
12-73,12,73,1,0
25-78,25,78,0,0
57-59,57,59,1,0
4-45,4,45,1,1
18-11,18,11,0,0
10-15,10,15,2,0
37-27,37,27,0,1
11-38,11,38,2,0
10-58,10,58,1,0
36-56,36,56,1,1
27-2,27,2,0,1
70-41,70,41,2,3
52-34,52,34,2,1
45-72,45,72,2,0
60-17,60,17,0,1
65-80,65,80,2,0
30-79,30,79,2,0
36-80,36,80,4,0
21-51,21,51,1,0
70-10,70,10,0,3
22-39,22,39,1,1
64-53,64,53,0,2
47-58,47,58,3,0
52-50,52,50,2,0
48-25,48,25,0,4
56-76,56,76,0,1
71-21,71,21,0,1
19-14,19,14,2,0
29-53,29,53,3,1
51-74,51,74,0,0
25-45,25,45,2,2
49-18,49,18,0,4
66-58,66,58,2,0
16-44,16,44,0,1
10-61,10,61,1,0
79-48,79,48,3,1
44-42,44,42,3,1
19-77,19,77,1,0
40-41,40,41,1,0
56-79,56,79,2,1
41-60,41,60,0,1
27-15,27,15,2,1
42-22,42,22,0,2
45-10,45,10,0,4
53-10,53,10,1,1
54-23,54,23,0,2
58-30,58,30,2,0
65-67,65,67,1,2
9-23,9,23,0,1
56-39,56,39,0,0
73-45,73,45,1,1
34-54,34,54,0,0
46-49,46,49,0,1
80-66,80,66,3,1
2-45,2,45,2,0
66-60,66,60,0,2
70-76,70,76,1,0
4-59,4,59,0,0
54-3,54,3,0,0
75-77,75,77,0,0
53-66,53,66,2,0
75-64,75,64,3,0
26-7,26,7,1,2
66-55,66,55,0,1
35-4,35,4,1,0
39-3,39,3,5,0
71-30,71,30,0,0
49-32,49,32,1,1
76-33,76,33,1,2
15-58,15,58,1,0
50-74,50,74,0,0
15-80,15,80,1,0
40-18,40,18,0,1
59-26,59,26,1,0
17-30,17,30,0,0
32-68,32,68,2,0
47-49,47,49,0,1
40-8,40,8,0,0
75-1,75,1,1,2
46-32,46,32,2,0
66-6,66,6,1,0
46-49,46,49,2,0
54-4,54,4,0,0
16-50,16,50,1,0
60-9,60,9,0,1
36-17,36,17,1,0
72-19,72,19,0,1
18-36,18,36,1,0
66-23,66,23,0,2
49-46,49,46,0,2
45-40,45,40,0,2
19-72,19,72,0,1
53-51,53,51,0,0
17-11,17,11,0,2
73-60,73,60,1,0
50-26,50,26,0,0
45-1,45,1,0,0
20-46,20,46,2,1
3-6,3,6,1,1
24-50,24,50,0,1
74-43,74,43,1,2
17-10,17,10,2,3
43-54,43,54,1,1
77-50,77,50,1,0
52-29,52,29,3,0
80-12,80,12,0,4
79-45,79,45,0,1
70-8,70,8,1,1
34-50,34,50,2,0
46-59,46,59,0,0
25-27,25,27,2,1
69-67,69,67,1,0
15-72,15,72,1,0
5-42,5,42,2,0
37-68,37,68,2,0
16-70,16,70,2,1
71-47,71,47,1,0
47-65,47,65,2,0
50-2,50,2,0,1
3-7,3,7,1,1
17-62,17,62,4,0
45-32,45,32,0,1
75-61,75,61,2,2
66-80,66,80,0,0
34-66,34,66,1,1
40-69,40,69,1,1
50-20,50,20,2,0
53-74,53,74,1,0
20-64,20,64,5,0
31-60,31,60,4,0
12-69,12,69,0,0
49-74,49,74,2,0
30-2,30,2,2,0
33-41,33,41,0,0
13-51,13,51,1,1
21-72,21,72,2,0
18-7,18,7,2,0
52-38,52,38,4,1
75-5,75,5,1,1
23-21,23,21,2,2
40-33,40,33,0,1
79-76,79,76,2,0
36-68,36,68,2,0
35-17,35,17,0,1
17-35,17,35,2,0
55-44,55,44,0,1
34-68,34,68,3,0
44-43,44,43,0,0
45-72,45,72,0,0
48-73,48,73,0,0
48-63,48,63,0,0
75-31,75,31,1,3
52-12,52,12,0,1
75-39,75,39,2,3
26-49,26,49,2,1
3-7,3,7,0,0
41-64,41,64,2,0
58-46,58,46,1,0
61-29,61,29,0,4
38-53,38,53,1,1
50-59,50,59,0,1
33-14,33,14,3,1
79-26,79,26,0,2
65-21,65,21,0,2
25-36,25,36,2,0
62-9,62,9,1,1
80-42,80,42,1,1
58-45,58,45,1,1
59-30,59,30,0,0
18-50,18,50,1,0
53-68,53,68,1,0
28-42,28,42,3,0
53-12,53,12,2,0
57-76,57,76,5,0
34-39,34,39,2,0
17-65,17,65,2,0
78-75,78,75,1,0
28-23,28,23,2,1
18-24,18,24,1,0
11-46,11,46,3,0
69-31,69,31,0,2
71-17,71,17,0,4
16-50,16,50,0,0
16-4,16,4,0,0
68-38,68,38,0,0
13-68,13,68,2,1
80-7,80,7,1,2
22-15,22,15,1,1
20-76,20,76,1,0
61-58,61,58,1,1
57-42,57,42,2,0
54-19,54,19,1,2
26-57,26,57,1,1
4-30,4,30,3,0
80-70,80,70,0,2
62-40,62,40,0,0
3-80,3,80,0,2
77-39,77,39,0,1
62-39,62,39,0,0
14-40,14,40,0,0
33-20,33,20,0,2
43-4,43,4,0,2
66-10,66,10,1,2
48-72,48,72,1,1
78-79,78,79,2,1
62-70,62,70,1,1
2-61,2,61,2,0
63-47,63,47,1,2
77-1,77,1,1,2
18-57,18,57,1,0
31-55,31,55,3,0
35-52,35,52,1,1
23-53,23,53,0,1
15-36,15,36,1,1
54-65,54,65,1,1
46-73,46,73,0,0
40-55,40,55,2,0
24-61,24,61,1,1
64-17,64,17,2,0
53-70,53,70,4,0
23-54,23,54,1,1
24-40,24,40,0,2
47-53,47,53,1,2
32-63,32,63,1,0
73-51,73,51,1,1
41-66,41,66,2,0
51-11,51,11,2,2
56-44,56,44,1,0
9-33,9,33,0,1
44-60,44,60,0,1
19-42,19,42,3,0
33-2,33,2,0,0
59-11,59,11,2,1
41-49,41,49,0,0
41-80,41,80,1,1
80-55,80,55,0,0
75-30,75,30,1,1
76-67,76,67,2,0
48-68,48,68,0,0
16-45,16,45,2,0
1-30,1,30,0,2
11-79,11,79,2,2
59-13,59,13,1,1
67-64,67,64,1,1
34-41,34,41,1,1
51-70,51,70,0,2
59-46,59,46,2,1
20-4,20,4,1,1
1-55,1,55,2,0
20-68,20,68,0,0
77-58,77,58,1,1
69-62,69,62,1,1
68-55,68,55,1,0
46-79,46,79,2,1
49-47,49,47,2,1
67-28,67,28,0,3
74-16,74,16,0,2
79-78,79,78,4,0
76-2,76,2,0,1
75-23,75,23,0,1
7-36,7,36,5,0
36-30,36,30,0,2
19-35,19,35,0,2
52-32,52,32,0,1
78-25,78,25,0,1
45-31,45,31,2,1
51-48,51,48,1,1
73-49,73,49,0,0
1-4,1,4,3,1
66-35,66,35,1,0
37-73,37,73,3,0
13-73,13,73,2,0
53-48,53,48,0,0
11-46,11,46,0,1
20-43,20,43,0,3
8-16,8,16,1,1
42-80,42,80,1,0
62-6,62,6,0,6
5-36,5,36,2,1
46-1,46,1,0,2
54-35,54,35,0,1
49-59,49,59,2,1
67-10,67,10,1,2
75-73,75,73,0,1
15-66,15,66,1,0
11-52,11,52,3,1
6-32,6,32,0,0
65-70,65,70,2,1
77-4,77,4,1,0
6-23,6,23,2,2
49-75,49,75,2,0
32-48,32,48,2,1
1-68,1,68,4,0
15-50,15,50,1,0
11-76,11,76,3,0
34-2,34,2,0,1
76-19,76,19,0,3
9-4,9,4,2,0
20-38,20,38,2,0
23-13,23,13,1,1
20-58,20,58,3,0
78-73,78,73,1,0
41-77,41,77,1,1
25-62,25,62,1,0
52-23,52,23,0,2
21-63,21,63,3,1
73-45,73,45,3,1
68-79,68,79,1,1
33-49,33,49,1,1
77-38,77,38,0,0
37-72,37,72,6,0
36-62,36,62,2,0
76-11,76,11,2,0
32-23,32,23,1,1
6-64,6,64,2,0
39-65,39,65,2,1
36-14,36,14,0,1
42-35,42,35,0,1
7-68,7,68,4,1
68-7,68,7,0,2
61-63,61,63,2,2
54-42,54,42,0,0
26-17,26,17,0,1
23-15,23,15,1,2
30-61,30,61,1,0
8-28,8,28,2,1
2-15,2,15,1,0
73-55,73,55,1,2
33-56,33,56,1,0
61-51,61,51,0,0
14-55,14,55,1,1
69-65,69,65,2,0
62-79,62,79,1,2
73-59,73,59,1,1
29-67,29,67,2,1
53-17,53,17,1,0
49-25,49,25,1,1
25-2,25,2,0,0
55-40,55,40,0,1
62-75,62,75,2,1
77-42,77,42,1,2
38-53,38,53,1,0
46-9,46,9,2,0
65-31,65,31,0,2
80-7,80,7,0,2
46-28,46,28,0,0
30-72,30,72,1,1
29-75,29,75,2,1
30-5,30,5,1,0
52-3,52,3,0,3
69-2,69,2,0,1
26-63,26,63,1,0
30-5,30,5,1,0
2-13,2,13,1,1
69-22,69,22,0,2
36-68,36,68,4,0
75-20,75,20,0,0
6-33,6,33,1,0
35-80,35,80,2,0
38-3,38,3,0,2
37-55,37,55,1,1
24-21,24,21,1,0
7-31,7,31,4,1
29-59,29,59,1,1
32-39,32,39,2,1
7-30,7,30,1,0
78-41,78,41,2,1
53-72,53,72,1,0
66-42,66,42,2,2
22-71,22,71,2,1
79-42,79,42,1,1
65-49,65,49,0,1
69-20,69,20,1,0
42-2,42,2,1,0
51-40,51,40,0,0
22-21,22,21,2,1
54-13,54,13,0,2
36-17,36,17,1,0
51-63,51,63,1,0
41-45,41,45,2,0
36-79,36,79,3,0
5-66,5,66,0,2
63-23,63,23,1,1
25-76,25,76,2,0
10-16,10,16,0,1
8-39,8,39,0,1
47-3,47,3,1,2
7-35,7,35,0,1
21-27,21,27,1,0
35-75,35,75,2,0
3-60,3,60,2,1
51-1,51,1,0,0
54-78,54,78,3,3
53-32,53,32,1,4
41-56,41,56,1,1
72-64,72,64,1,0
40-32,40,32,0,1
54-5,54,5,0,1
24-22,24,22,1,2
2-5,2,5,2,0
16-9,16,9,1,1
71-53,71,53,1,2
35-41,35,41,1,1
61-25,61,25,0,1
59-66,59,66,0,0
65-25,65,25,0,0
59-64,59,64,6,0
40-58,40,58,2,0
50-77,50,77,5,0
52-79,52,79,1,0
48-62,48,62,1,0
70-66,70,66,2,0
3-1,3,1,3,0
25-7,25,7,3,0
19-37,19,37,1,0
66-9,66,9,1,2
15-26,15,26,1,0
30-74,30,74,2,1
11-77,11,77,3,0
78-76,78,76,1,3
18-79,18,79,0,0
11-43,11,43,3,0
44-38,44,38,0,4
80-76,80,76,2,1
10-77,10,77,0,0
31-16,31,16,0,1
68-1,68,1,0,1
74-71,74,71,1,0
67-25,67,25,0,1
18-27,18,27,0,0
32-68,32,68,2,1
12-47,12,47,0,0
4-1,4,1,0,1
45-28,45,28,3,1
8-36,8,36,0,1
51-49,51,49,0,2
15-16,15,16,0,1
50-79,50,79,1,0
22-32,22,32,0,1
2-11,2,11,2,3
17-77,17,77,2,1
44-33,44,33,0,0
45-68,45,68,0,0
37-41,37,41,3,0
68-22,68,22,0,1
65-26,65,26,0,1
59-70,59,70,1,1
63-6,63,6,0,0
62-76,62,76,1,2
19-33,19,33,0,0
71-80,71,80,1,2
33-32,33,32,0,3
30-54,30,54,2,1
59-29,59,29,1,0
52-2,52,2,0,1
31-2,31,2,0,1
32-26,32,26,0,0
62-70,62,70,0,1
12-77,12,77,0,0
39-64,39,64,1,0
43-55,43,55,0,0
25-10,25,10,1,3
73-30,73,30,1,1
35-5,35,5,0,0
13-80,13,80,1,0
31-45,31,45,1,1
64-62,64,62,0,0
26-31,26,31,0,0
65-43,65,43,0,1
54-16,54,16,2,2
79-20,79,20,0,2
5-52,5,52,3,1
40-36,40,36,2,2
80-38,80,38,0,3
29-28,29,28,0,1
32-66,32,66,0,0
35-44,35,44,0,0
79-55,79,55,1,0
25-55,25,55,2,0
69-75,69,75,0,0
4-48,4,48,1,1
46-70,46,70,0,1
11-3,11,3,1,1
35-73,35,73,2,1
8-14,8,14,2,1
49-13,49,13,2,0
18-60,18,60,5,1
60-39,60,39,0,0
4-16,4,16,2,1
36-56,36,56,4,0
19-80,19,80,3,0
22-67,22,67,2,0
57-20,57,20,2,1
74-68,74,68,1,1
8-77,8,77,1,0
69-10,69,10,0,2
61-13,61,13,0,2
31-71,31,71,3,1
28-74,28,74,1,2
73-41,73,41,1,3
19-47,19,47,1,0
61-70,61,70,1,0
61-39,61,39,0,2
33-61,33,61,2,0
58-48,58,48,1,0
42-45,42,45,0,1
44-13,44,13,0,0
73-51,73,51,1,0
49-62,49,62,1,0
32-36,32,36,1,2
34-61,34,61,0,1
52-74,52,74,1,1
80-37,80,37,0,1
30-56,30,56,2,0
6-3,6,3,4,1
14-56,14,56,0,0
61-75,61,75,1,2
80-37,80,37,1,0
42-56,42,56,1,0
36-40,36,40,1,0
32-3,32,3,1,1
56-31,56,31,2,0
26-54,26,54,1,0
9-38,9,38,1,0
13-36,13,36,0,1
17-38,17,38,1,1
40-43,40,43,2,2
1-72,1,72,1,0
21-12,21,12,2,1
50-70,50,70,2,1
38-46,38,46,2,0
77-3,77,3,0,3
53-45,53,45,1,1
70-73,70,73,2,1
9-48,9,48,4,0
50-75,50,75,0,0
49-41,49,41,0,1
49-36,49,36,0,0
28-24,28,24,1,3
5-38,5,38,4,0
19-41,19,41,2,2
35-43,35,43,1,1
70-27,70,27,0,1
78-61,78,61,0,2
37-76,37,76,3,0
49-42,49,42,5,1
9-76,9,76,0,1
6-33,6,33,3,0
25-6,25,6,0,2
58-25,58,25,0,2
45-23,45,23,0,3
28-49,28,49,3,1
43-46,43,46,3,1
67-66,67,66,0,0
4-28,4,28,1,0
40-1,40,1,0,1
42-6,42,6,1,1
41-76,41,76,1,0
77-46,77,46,2,2
33-5,33,5,2,1
74-17,74,17,1,1
44-26,44,26,1,1
47-63,47,63,2,0
5-56,5,56,1,0
76-36,76,36,0,1
37-31,37,31,1,2
66-32,66,32,0,1
2-44,2,44,1,0
38-40,38,40,1,2
33-52,33,52,0,0
45-44,45,44,1,0
41-49,41,49,0,2
61-47,61,47,1,0
79-33,79,33,0,2
11-8,11,8,1,1
50-17,50,17,1,2
11-52,11,52,1,1
15-40,15,40,3,1
3-42,3,42,3,1
65-5,65,5,0,0
17-78,17,78,2,0
73-39,73,39,0,0
30-35,30,35,1,1
7-78,7,78,1,0
17-61,17,61,5,0
39-37,39,37,0,2
43-9,43,9,0,1
49-50,49,50,4,0
49-13,49,13,1,0
68-27,68,27,0,1
25-29,25,29,0,3
77-6,77,6,1,1
68-27,68,27,0,3
56-10,56,10,0,1
57-34,57,34,1,0
43-72,43,72,1,0
57-60,57,60,1,1
47-31,47,31,3,3
24-56,24,56,1,0
21-54,21,54,3,1
8-46,8,46,3,0
4-36,4,36,2,1
73-21,73,21,0,3
27-15,27,15,2,1
77-63,77,63,0,1
68-42,68,42,2,0
19-30,19,30,1,0
63-50,63,50,1,1
25-55,25,55,2,0
12-71,12,71,3,0
53-12,53,12,1,3
75-66,75,66,2,0
22-80,22,80,0,1
60-33,60,33,0,0
74-42,74,42,0,0
22-68,22,68,3,0
34-70,34,70,2,1
71-50,71,50,1,1
38-71,38,71,2,0
6-14,6,14,2,0
64-19,64,19,1,0
11-66,11,66,3,0
44-40,44,40,3,1
27-67,27,67,1,0
9-61,9,61,0,0
41-52,41,52,1,0
78-47,78,47,0,1
15-21,15,21,0,2
9-49,9,49,1,1
21-47,21,47,3,0
55-70,55,70,1,1
3-16,3,16,0,0
17-26,17,26,3,2
70-46,70,46,1,1
6-50,6,50,1,0
69-47,69,47,2,1
62-66,62,66,3,0
17-29,17,29,1,0
75-4,75,4,1,4
11-42,11,42,0,0
72-17,72,17,0,1
8-28,8,28,3,0
64-13,64,13,1,1
65-31,65,31,2,1
9-64,9,64,1,0
22-23,22,23,1,0
13-66,13,66,3,0
78-25,78,25,1,1
73-21,73,21,1,1
31-78,31,78,2,0
11-62,11,62,2,1
7-16,7,16,2,1
24-6,24,6,2,0
51-11,51,11,0,1
65-55,65,55,3,2
50-39,50,39,1,3
55-69,55,69,0,1
53-44,53,44,1,1
17-6,17,6,2,2
40-75,40,75,3,0
44-30,44,30,2,0
42-69,42,69,1,0
79-38,79,38,1,1
35-34,35,34,0,2
21-16,21,16,0,2
43-14,43,14,1,2
21-79,21,79,2,0
46-20,46,20,1,0
33-27,33,27,1,3
16-24,16,24,2,3
12-72,12,72,1,0
67-1,67,1,0,2
68-19,68,19,0,1
56-60,56,60,0,1
54-8,54,8,0,0
6-37,6,37,3,2
33-20,33,20,0,0
67-52,67,52,0,0
13-8,13,8,3,0
54-23,54,23,0,3
45-8,45,8,0,1
64-62,64,62,2,0
48-75,48,75,3,0
56-45,56,45,0,1
71-27,71,27,1,0
36-70,36,70,4,0
33-18,33,18,0,3
35-10,35,10,0,1
7-39,7,39,3,0
71-32,71,32,0,0
48-45,48,45,2,2
36-57,36,57,2,0
44-2,44,2,0,2
42-58,42,58,3,2
69-47,69,47,1,2
41-75,41,75,1,0
71-23,71,23,1,2
38-46,38,46,0,2
23-39,23,39,0,1
37-62,37,62,1,0
70-25,70,25,0,1
15-21,15,21,0,0
42-70,42,70,1,0
76-24,76,24,0,1
24-79,24,79,2,0
58-45,58,45,1,1
57-23,57,23,1,1
80-30,80,30,1,0
72-13,72,13,2,2
78-49,78,49,1,2
80-73,80,73,0,1
46-20,46,20,1,2
64-9,64,9,0,0
30-55,30,55,1,1
11-59,11,59,1,1
4-78,4,78,2,0
41-39,41,39,1,1
14-37,14,37,0,0
16-49,16,49,2,0
62-12,62,12,1,1
12-11,12,11,2,1
21-29,21,29,3,0
42-61,42,61,2,0
40-74,40,74,2,0
1-59,1,59,3,0
21-49,21,49,1,1
27-32,27,32,1,1
4-22,4,22,1,0
71-54,71,54,1,0
74-52,74,52,3,1
76-61,76,61,2,2
48-38,48,38,1,0
50-39,50,39,1,1
34-70,34,70,4,0
30-55,30,55,1,2
22-69,22,69,3,0
47-58,47,58,0,4
9-15,9,15,0,1
6-61,6,61,4,1
68-42,68,42,1,0
77-23,77,23,1,0
10-25,10,25,2,1
28-60,28,60,1,0
8-26,8,26,1,3
58-27,58,27,2,0
22-57,22,57,0,0
43-70,43,70,3,1
64-37,64,37,0,1
26-17,26,17,2,0
73-63,73,63,1,2
10-21,10,21,1,3
59-5,59,5,1,1
42-34,42,34,0,1
39-48,39,48,2,1
42-10,42,10,0,1
33-75,33,75,3,1
9-61,9,61,2,1
55-72,55,72,1,1
5-4,5,4,1,1
2-72,2,72,1,0
37-32,37,32,0,0
67-21,67,21,1,0
53-32,53,32,2,2
43-13,43,13,2,1
16-6,16,6,0,2
71-78,71,78,1,0
3-48,3,48,1,1
57-16,57,16,0,3
9-63,9,63,0,0
68-36,68,36,1,2
30-68,30,68,3,0
63-29,63,29,0,2
24-56,24,56,3,1
70-39,70,39,0,3
28-29,28,29,2,0
38-25,38,25,0,1
19-69,19,69,3,0
66-20,66,20,0,2
64-4,64,4,0,1
12-49,12,49,2,0
50-46,50,46,1,0
59-78,59,78,0,0
50-54,50,54,3,0
36-60,36,60,2,0
29-67,29,67,0,0
23-36,23,36,1,2
70-46,70,46,1,2
39-70,39,70,2,0
78-22,78,22,1,1
2-13,2,13,1,0
33-79,33,79,4,0
70-21,70,21,0,2
18-29,18,29,0,0
65-54,65,54,0,2
16-30,16,30,2,0
20-48,20,48,3,0
27-4,27,4,0,2
5-77,5,77,0,0
72-42,72,42,1,0
68-33,68,33,1,0
60-67,60,67,1,3
78-39,78,39,2,2
24-72,24,72,2,0
73-17,73,17,0,2
38-65,38,65,3,0
26-67,26,67,0,0
20-29,20,29,1,2
1-12,1,12,2,0
55-58,55,58,0,3
62-7,62,7,0,1
14-34,14,34,1,1
58-71,58,71,0,0
10-43,10,43,2,0
22-7,22,7,1,1
58-48,58,48,2,0
70-64,70,64,2,0
46-51,46,51,1,1
49-62,49,62,1,1
64-73,64,73,0,3
60-76,60,76,2,0
1-35,1,35,1,0
49-74,49,74,1,0
51-2,51,2,0,3
46-23,46,23,0,0
68-29,68,29,2,1
66-15,66,15,0,2
32-67,32,67,4,0
26-46,26,46,2,0
59-71,59,71,3,1
46-52,46,52,1,1
76-67,76,67,2,1
35-70,35,70,0,0
5-52,5,52,4,1
19-18,19,18,1,0
36-60,36,60,2,0
30-49,30,49,2,1
40-58,40,58,1,1
26-12,26,12,2,2
79-65,79,65,2,0
72-4,72,4,0,3
16-2,16,2,2,1
4-38,4,38,2,1
2-72,2,72,1,0
61-7,61,7,0,3
57-14,57,14,0,2
9-71,9,71,5,2
3-22,3,22,0,1
24-1,24,1,0,0
37-79,37,79,2,0
25-28,25,28,1,0
6-41,6,41,2,0
6-37,6,37,2,0
66-50,66,50,2,0
40-11,40,11,1,5
39-24,39,24,1,0
54-20,54,20,2,3
75-12,75,12,0,1
19-12,19,12,2,0
35-28,35,28,1,0
8-44,8,44,1,2
63-53,63,53,1,0
33-32,33,32,3,0
14-5,14,5,1,1
11-49,11,49,4,0
72-53,72,53,1,2
34-13,34,13,0,1
60-64,60,64,3,1
19-22,19,22,1,2
54-12,54,12,1,2
31-58,31,58,1,1
61-16,61,16,1,1
74-32,74,32,2,2
10-37,10,37,2,3
24-48,24,48,3,0
63-34,63,34,0,1
66-70,66,70,0,0
72-39,72,39,0,0
21-18,21,18,0,2
36-75,36,75,1,0
55-59,55,59,1,2
30-59,30,59,3,1
51-20,51,20,2,1
56-26,56,26,0,0
45-7,45,7,1,0
69-37,69,37,1,1
47-28,47,28,0,1
52-1,52,1,0,2
57-69,57,69,2,0
55-76,55,76,2,0
37-41,37,41,3,0
71-74,71,74,0,0
26-67,26,67,1,1
67-27,67,27,0,0
30-51,30,51,1,3
39-25,39,25,1,1
57-8,57,8,0,1
9-62,9,62,3,0
72-63,72,63,0,0
63-27,63,27,0,1
5-36,5,36,0,1
25-38,25,38,0,1
49-39,49,39,0,1
2-40,2,40,2,1
15-24,15,24,1,2
67-76,67,76,1,2
58-69,58,69,3,1
23-10,23,10,0,1
43-4,43,4,1,0
72-68,72,68,4,3
5-12,5,12,1,0
20-51,20,51,3,0
12-77,12,77,1,1
69-40,69,40,0,1
24-42,24,42,0,2
9-62,9,62,0,1
3-74,3,74,2,0
4-58,4,58,3,1
42-32,42,32,0,1
36-17,36,17,1,1
77-9,77,9,0,3
75-79,75,79,2,1
26-73,26,73,2,0
30-34,30,34,1,1
43-33,43,33,0,1
19-1,19,1,1,2
31-73,31,73,0,0
12-25,12,25,1,0
69-52,69,52,0,1
45-37,45,37,0,1
54-23,54,23,2,0
14-58,14,58,3,1
46-79,46,79,2,0
69-65,69,65,3,0
69-79,69,79,0,0
7-40,7,40,0,1
73-68,73,68,0,1
41-2,41,2,0,1
78-46,78,46,1,1
75-28,75,28,0,1
21-26,21,26,1,0
38-70,38,70,2,2
74-4,74,4,0,1
75-25,75,25,0,1
57-23,57,23,2,0
53-14,53,14,0,4
10-71,10,71,4,0
40-21,40,21,0,1
19-34,19,34,3,0
58-61,58,61,1,1
56-29,56,29,2,2
15-32,15,32,1,0
44-39,44,39,1,2
36-31,36,31,1,1
37-56,37,56,0,0
53-29,53,29,1,2
7-22,7,22,1,0
15-53,15,53,2,2
75-25,75,25,0,1
4-1,4,1,0,0
20-32,20,32,1,1
32-1,32,1,0,0
23-59,23,59,1,1
12-49,12,49,3,1
2-62,2,62,4,0
21-30,21,30,2,1
3-47,3,47,2,0
51-55,51,55,0,1
37-59,37,59,2,1
11-69,11,69,1,0
15-65,15,65,3,0
36-62,36,62,1,0
62-80,62,80,1,0
37-50,37,50,3,0
65-69,65,69,0,0
71-12,71,12,0,2
9-30,9,30,2,0
70-22,70,22,1,1
15-6,15,6,1,1
76-20,76,20,0,0
29-71,29,71,2,0
46-63,46,63,1,0
27-77,27,77,2,1
15-39,15,39,0,0
22-61,22,61,1,0
3-42,3,42,1,0
15-67,15,67,1,1
72-45,72,45,0,1
41-17,41,17,1,1
45-34,45,34,0,2
67-49,67,49,0,0
80-73,80,73,1,0
79-51,79,51,0,3
51-2,51,2,0,2
28-58,28,58,1,0
35-57,35,57,2,1
24-77,24,77,1,1
25-28,25,28,1,1
53-29,53,29,1,0
30-44,30,44,2,0
71-70,71,70,1,0
8-61,8,61,2,0
74-49,74,49,1,2
79-16,79,16,0,1
44-67,44,67,1,1
25-61,25,61,1,0
70-65,70,65,2,0
47-58,47,58,0,2
19-38,19,38,2,2
21-49,21,49,3,1
63-13,63,13,1,1
45-19,45,19,0,1
62-67,62,67,1,1
52-32,52,32,1,1
23-76,23,76,0,0
17-29,17,29,1,0
78-35,78,35,0,3
28-21,28,21,0,1
12-28,12,28,1,0
26-22,26,22,1,1
52-18,52,18,1,1
10-47,10,47,1,0
15-73,15,73,1,1
35-63,35,63,1,0
74-16,74,16,0,0
12-8,12,8,0,1
50-55,50,55,1,0
73-34,73,34,0,3
33-61,33,61,2,0
26-25,26,25,3,1
74-15,74,15,0,1
16-54,16,54,1,0
73-12,73,12,2,1
29-3,29,3,1,1
62-39,62,39,0,1
51-7,51,7,0,3
33-51,33,51,3,0
24-33,24,33,2,0
39-41,39,41,0,3
27-17,27,17,3,0
7-23,7,23,0,1
1-3,1,3,0,3
76-48,76,48,3,0
74-58,74,58,0,2
6-21,6,21,0,0
8-32,8,32,1,2
44-1,44,1,0,0
56-68,56,68,2,0
58-80,58,80,1,0
39-28,39,28,0,1
74-64,74,64,1,0
40-34,40,34,2,0
32-5,32,5,0,2
7-54,7,54,1,0
33-63,33,63,1,0
64-57,64,57,2,0
6-18,6,18,0,2
66-53,66,53,0,1
15-9,15,9,1,3
33-7,33,7,1,0
17-68,17,68,1,0
14-25,14,25,1,1
21-64,21,64,0,0
5-50,5,50,1,1
23-27,23,27,0,4
47-40,47,40,2,1
25-65,25,65,3,0
69-6,69,6,0,4
78-61,78,61,1,1
28-20,28,20,3,1
36-30,36,30,1,0
65-55,65,55,0,2
25-10,25,10,2,1
41-29,41,29,0,1
30-10,30,10,0,1
4-26,4,26,1,0
22-45,22,45,0,0
10-49,10,49,1,0
48-10,48,10,1,1
20-74,20,74,2,1
15-21,15,21,1,0
75-78,75,78,3,0
13-68,13,68,2,0
50-75,50,75,0,1
36-26,36,26,1,1
77-49,77,49,2,2
57-7,57,7,1,1
45-74,45,74,1,1
56-68,56,68,3,0
78-71,78,71,1,1
19-55,19,55,0,0
26-44,26,44,2,0
75-72,75,72,1,0
23-69,23,69,1,0
62-65,62,65,0,0
26-71,26,71,2,1
9-73,9,73,1,1
11-35,11,35,2,0
47-3,47,3,0,0
18-33,18,33,1,1
32-49,32,49,1,0
60-49,60,49,1,1
44-27,44,27,0,0
73-17,73,17,0,2
28-13,28,13,0,2
31-73,31,73,0,0
33-26,33,26,1,1
71-23,71,23,0,0
1-19,1,19,0,0
5-21,5,21,1,0
80-72,80,72,1,0
55-5,55,5,2,2
79-28,79,28,1,1
13-4,13,4,1,2
11-53,11,53,2,0
22-76,22,76,1,0
57-54,57,54,1,0
4-18,4,18,0,0
66-34,66,34,1,2
25-1,25,1,3,0
6-19,6,19,1,1
27-13,27,13,1,1
59-34,59,34,1,1
37-15,37,15,1,1
2-65,2,65,3,0
56-68,56,68,2,0
26-11,26,11,0,0
77-30,77,30,1,1
35-80,35,80,0,1
20-59,20,59,1,0
52-2,52,2,2,3
52-53,52,53,0,1
29-1,29,1,2,1
2-36,2,36,1,2
26-37,26,37,1,1
36-5,36,5,1,0
42-74,42,74,1,0
48-7,48,7,0,3
62-72,62,72,0,0
35-71,35,71,1,0
62-44,62,44,0,1
9-7,9,7,2,2
64-12,64,12,0,2
46-9,46,9,0,1
40-53,40,53,3,0
28-23,28,23,1,0
4-15,4,15,1,0
24-52,24,52,0,0
63-60,63,60,0,1
46-75,46,75,2,2
64-77,64,77,0,1
52-31,52,31,3,2
11-4,11,4,2,2
44-20,44,20,0,1
31-22,31,22,2,1
1-59,1,59,3,0
61-49,61,49,2,1
62-39,62,39,0,0
62-38,62,38,1,2
62-65,62,65,1,0
13-65,13,65,2,0
63-1,63,1,0,2
35-14,35,14,0,3
44-51,44,51,0,1
43-3,43,3,1,1
21-66,21,66,1,0
21-52,21,52,1,0
22-77,22,77,2,0
72-28,72,28,0,2
73-37,73,37,0,3
77-38,77,38,1,0
44-39,44,39,0,1
52-71,52,71,0,0
58-53,58,53,1,1
12-11,12,11,2,0
77-17,77,17,1,1
36-75,36,75,2,0
39-60,39,60,0,0
47-21,47,21,2,4
17-76,17,76,2,0
1-2,1,2,2,0
50-69,50,69,3,0
20-29,20,29,2,0
54-7,54,7,0,1
50-33,50,33,1,0
54-16,54,16,0,1
55-56,55,56,1,0
29-12,29,12,0,0
26-51,26,51,0,1
13-34,13,34,4,0
17-42,17,42,2,1
60-78,60,78,0,0
62-67,62,67,0,1
31-10,31,10,0,0
50-35,50,35,0,0
66-13,66,13,1,2
8-71,8,71,1,0
33-28,33,28,0,1
67-69,67,69,0,0
48-18,48,18,1,0
31-5,31,5,2,2
36-32,36,32,3,1
38-22,38,22,1,0
78-53,78,53,2,2
32-51,32,51,2,2
72-39,72,39,0,1
69-3,69,3,1,0
2-25,2,25,0,2
12-69,12,69,2,1
57-18,57,18,0,0
12-64,12,64,0,0
16-56,16,56,2,0
36-75,36,75,4,0
42-2,42,2,1,1
53-59,53,59,0,1
33-38,33,38,0,1
7-62,7,62,1,0
68-11,68,11,2,1
64-8,64,8,0,4
43-32,43,32,1,0
34-6,34,6,1,1
42-19,42,19,0,2
46-38,46,38,1,1
65-68,65,68,1,0
78-65,78,65,0,2
69-9,69,9,0,3
76-40,76,40,1,0
41-11,41,11,0,2
1-31,1,31,1,1
24-43,24,43,0,1
27-76,27,76,2,0
12-35,12,35,0,0
52-43,52,43,1,1
32-57,32,57,3,0
58-44,58,44,1,1
27-24,27,24,2,2
77-33,77,33,0,2
34-27,34,27,1,0
63-16,63,16,2,0
32-7,32,7,1,2
24-34,24,34,2,1
33-73,33,73,0,0
10-72,10,72,2,0
48-60,48,60,1,0
22-26,22,26,1,1
71-24,71,24,0,1
13-53,13,53,4,0
18-78,18,78,1,0
46-17,46,17,0,1
7-38,7,38,2,0
80-46,80,46,0,0
10-35,10,35,1,0
15-48,15,48,1,0
32-45,32,45,3,0
67-59,67,59,0,0
73-61,73,61,1,0
22-48,22,48,1,1
3-67,3,67,0,0
67-25,67,25,1,2
56-58,56,58,0,0
78-23,78,23,1,3
26-69,26,69,1,0
75-29,75,29,0,0
32-55,32,55,1,0
79-13,79,13,0,1
28-10,28,10,0,3
41-13,41,13,1,0
57-16,57,16,0,2
39-12,39,12,1,1
54-47,54,47,1,3
12-75,12,75,2,0
72-41,72,41,1,0
3-39,3,39,1,1
12-56,12,56,1,1
25-17,25,17,1,0
62-16,62,16,1,1
61-36,61,36,0,3
33-54,33,54,2,0
66-63,66,63,0,0
6-72,6,72,3,0
2-27,2,27,2,1
18-56,18,56,1,1
33-3,33,3,3,0
40-29,40,29,0,0
68-15,68,15,0,2
15-37,15,37,0,0
60-49,60,49,2,0
36-69,36,69,0,0
22-63,22,63,2,0
68-6,68,6,0,1
35-26,35,26,1,2
69-2,69,2,0,0
6-23,6,23,3,1
48-9,48,9,0,1
8-12,8,12,0,0
52-44,52,44,1,1
44-57,44,57,0,0
77-54,77,54,0,1
27-77,27,77,0,0
31-67,31,67,3,0
63-29,63,29,0,1
73-50,73,50,1,1
72-8,72,8,0,2
28-73,28,73,0,1
27-3,27,3,1,0
33-29,33,29,5,2
47-19,47,19,1,1
76-64,76,64,2,1
31-55,31,55,5,0
41-21,41,21,1,0
40-60,40,60,1,0
6-46,6,46,1,0
42-80,42,80,1,1
14-53,14,53,0,0
13-66,13,66,1,0
18-52,18,52,1,0
22-78,22,78,1,0
7-25,7,25,1,2
12-70,12,70,2,0
77-38,77,38,1,0
75-58,75,58,0,1
29-11,29,11,1,1
30-54,30,54,2,0
24-42,24,42,2,0
50-23,50,23,1,1
39-60,39,60,0,0
52-5,52,5,3,1
9-79,9,79,3,0
47-69,47,69,2,0
76-18,76,18,0,1
13-18,13,18,1,1
11-62,11,62,3,1
13-16,13,16,0,0
49-31,49,31,0,1
44-21,44,21,4,1
10-60,10,60,2,1
28-76,28,76,2,2
50-13,50,13,0,4
37-28,37,28,1,1
30-18,30,18,0,1
32-60,32,60,1,0
24-10,24,10,0,2
15-78,15,78,3,0
5-11,5,11,1,0
31-47,31,47,2,0
60-14,60,14,0,1
45-51,45,51,0,0
36-52,36,52,2,1
43-8,43,8,0,2
58-48,58,48,4,1
12-69,12,69,0,0
10-61,10,61,0,0
45-77,45,77,1,0
51-73,51,73,1,0
8-67,8,67,3,0
23-44,23,44,3,0
4-8,4,8,2,0
1-18,1,18,0,0
77-17,77,17,0,2
75-66,75,66,1,0
67-38,67,38,0,0
21-67,21,67,1,0
7-55,7,55,3,0
26-25,26,25,2,1
26-7,26,7,2,0
20-14,20,14,1,1
54-55,54,55,1,1
37-54,37,54,3,1
27-28,27,28,0,1
2-40,2,40,1,0
58-32,58,32,1,1
41-57,41,57,1,1
31-33,31,33,0,0
20-34,20,34,0,1
48-62,48,62,0,0
16-9,16,9,0,1
7-37,7,37,3,1
72-12,72,12,1,1
50-54,50,54,2,1
48-2,48,2,0,1
10-54,10,54,2,0
39-44,39,44,3,1
21-52,21,52,0,1
49-3,49,3,0,3
58-69,58,69,1,0
24-65,24,65,3,0
9-74,9,74,1,1
79-5,79,5,0,3
11-59,11,59,0,1
35-26,35,26,2,1
17-70,17,70,3,1
3-80,3,80,4,0
42-30,42,30,1,1
31-20,31,20,0,3
50-36,50,36,0,1
68-48,68,48,4,0
70-25,70,25,0,2
40-9,40,9,1,2
70-37,70,37,1,3
75-5,75,5,0,1
15-41,15,41,0,0
58-21,58,21,0,1
72-58,72,58,1,2
32-43,32,43,1,1
26-31,26,31,1,0
37-28,37,28,0,1
57-63,57,63,1,0
7-12,7,12,1,1
5-34,5,34,1,0
15-9,15,9,1,0
20-52,20,52,2,0
66-55,66,55,0,0
39-42,39,42,1,1
30-55,30,55,0,0
13-78,13,78,0,0
6-65,6,65,0,1
45-32,45,32,2,0
14-1,14,1,0,1
80-50,80,50,1,0
28-53,28,53,1,1
69-47,69,47,0,1
78-23,78,23,1,0
64-40,64,40,0,2
56-42,56,42,3,0
59-19,59,19,1,3
70-78,70,78,0,2
21-53,21,53,2,0
27-2,27,2,0,2
21-75,21,75,0,1
27-42,27,42,2,2
72-14,72,14,1,1
20-59,20,59,1,1
69-23,69,23,0,0
20-9,20,9,1,0
49-69,49,69,0,0
70-13,70,13,0,4
54-42,54,42,2,0
19-77,19,77,2,1
43-37,43,37,0,1
67-50,67,50,0,2
68-59,68,59,1,1
76-25,76,25,0,4
47-15,47,15,1,1
9-8,9,8,1,1
10-47,10,47,0,0
66-47,66,47,1,2
72-20,72,20,0,1
74-9,74,9,0,3
22-2,22,2,3,0
22-50,22,50,2,0
78-14,78,14,1,2
25-63,25,63,3,0
67-30,67,30,2,3
61-66,61,66,2,1
9-5,9,5,1,0
51-40,51,40,2,1
1-18,1,18,2,1
70-16,70,16,1,3
1-44,1,44,2,0
36-19,36,19,1,1
12-42,12,42,3,0
32-44,32,44,1,1
72-49,72,49,1,0
50-24,50,24,1,1
23-38,23,38,2,2
56-71,56,71,2,1
56-12,56,12,0,0
8-16,8,16,3,1
39-3,39,3,1,0
73-63,73,63,0,0
52-73,52,73,0,0
7-21,7,21,1,1
22-69,22,69,3,0
39-44,39,44,3,0
30-4,30,4,2,0
35-61,35,61,3,0
59-57,59,57,1,0
32-9,32,9,1,1
70-20,70,20,0,1
15-79,15,79,0,0
35-72,35,72,2,0
1-16,1,16,2,0
37-46,37,46,1,0
63-58,63,58,1,2
29-41,29,41,1,0
37-50,37,50,2,1
80-43,80,43,1,0
71-47,71,47,0,3
12-18,12,18,2,0
56-64,56,64,1,0
72-29,72,29,0,0
62-29,62,29,0,1
63-11,63,11,1,2
38-28,38,28,1,1
69-41,69,41,0,1
61-8,61,8,0,4
28-57,28,57,0,0
22-21,22,21,1,1
61-11,61,11,1,3
7-51,7,51,1,0
53-45,53,45,3,1
35-73,35,73,0,0
75-23,75,23,1,0
1-39,1,39,1,2
42-77,42,77,0,0
46-4,46,4,1,1
39-3,39,3,2,0
24-70,24,70,1,0
18-16,18,16,2,0
33-65,33,65,0,1
6-35,6,35,1,1
46-76,46,76,1,0
34-15,34,15,0,0
18-21,18,21,0,0
80-49,80,49,0,0
66-17,66,17,2,0
24-23,24,23,0,2
13-3,13,3,1,0
55-15,55,15,1,2
23-4,23,4,2,0
59-1,59,1,1,1
64-15,64,15,0,4
7-56,7,56,4,0
45-11,45,11,0,0
67-61,67,61,0,0
54-76,54,76,1,1
26-60,26,60,3,0
55-57,55,57,2,1
66-72,66,72,0,2
79-12,79,12,0,1
79-7,79,7,0,3
33-63,33,63,2,0
63-67,63,67,2,0
12-59,12,59,2,0
56-29,56,29,2,0
61-43,61,43,2,1
52-45,52,45,1,3
24-37,24,37,2,0
69-25,69,25,0,0
47-70,47,70,2,1
18-16,18,16,0,0
73-22,73,22,0,4
62-26,62,26,1,2
31-44,31,44,0,0
23-38,23,38,1,0
46-25,46,25,2,1
58-66,58,66,1,1
9-34,9,34,2,0
53-75,53,75,2,1
48-30,48,30,1,0
45-42,45,42,1,0
79-62,79,62,1,2
67-21,67,21,0,2
46-52,46,52,0,1
1-71,1,71,1,0
63-43,63,43,1,2
74-28,74,28,2,2
65-37,65,37,0,1
65-31,65,31,0,1
74-31,74,31,0,1
67-77,67,77,1,1
30-10,30,10,1,1
49-68,49,68,1,0
9-18,9,18,4,0
59-25,59,25,0,1
44-69,44,69,0,1
69-54,69,54,1,1
8-63,8,63,0,0
51-21,51,21,0,1
34-24,34,24,1,0
24-74,24,74,1,0
4-70,4,70,2,0
18-41,18,41,1,0
10-42,10,42,3,2
9-45,9,45,0,0
50-9,50,9,1,2
4-76,4,76,2,0
46-57,46,57,0,1
22-40,22,40,0,1
74-67,74,67,3,1
13-3,13,3,0,0
16-34,16,34,2,1
56-77,56,77,0,1
66-67,66,67,2,0
49-19,49,19,0,3
21-71,21,71,3,0
70-77,70,77,1,0
27-63,27,63,1,0
30-73,30,73,2,0
51-11,51,11,2,2
22-32,22,32,3,0
79-49,79,49,1,1
71-3,71,3,2,1
60-32,60,32,1,1
60-77,60,77,1,0
1-39,1,39,1,1
29-67,29,67,0,0
62-28,62,28,0,1
76-5,76,5,0,0
4-10,4,10,1,2
59-15,59,15,2,0
58-54,58,54,1,0
34-75,34,75,2,1
30-45,30,45,0,0
36-69,36,69,0,0
51-61,51,61,1,1
8-59,8,59,1,0
5-4,5,4,2,1
56-65,56,65,2,0
24-11,24,11,0,0
64-46,64,46,1,1
47-50,47,50,0,1
50-10,50,10,1,4
1-23,1,23,1,1
45-31,45,31,0,0
50-67,50,67,0,2
64-24,64,24,1,1
24-61,24,61,3,0
35-80,35,80,1,0
34-58,34,58,2,1
1-56,1,56,2,1
2-43,2,43,0,0
34-8,34,8,0,2
67-19,67,19,0,0
66-44,66,44,0,1
46-74,46,74,2,1
17-32,17,32,1,0
17-68,17,68,3,0
37-80,37,80,3,0
68-76,68,76,1,1
78-21,78,21,0,0
35-17,35,17,1,2
16-77,16,77,1,0
17-49,17,49,4,0
9-7,9,7,1,0
71-66,71,66,0,1
34-18,34,18,0,1
41-13,41,13,1,2
29-46,29,46,1,2
37-36,37,36,2,0
50-34,50,34,1,1
76-42,76,42,0,0
17-16,17,16,1,3
33-20,33,20,2,1
37-23,37,23,0,0
77-58,77,58,2,0
46-49,46,49,2,0
74-39,74,39,0,2
7-41,7,41,1,0
69-71,69,71,0,0
36-31,36,31,1,1
6-34,6,34,0,0
8-80,8,80,0,0
51-60,51,60,3,1
51-23,51,23,1,1
41-11,41,11,1,1
59-60,59,60,1,2
69-45,69,45,0,3
58-79,58,79,2,0
13-3,13,3,1,1
49-79,49,79,3,1
74-48,74,48,1,0
76-58,76,58,2,2
54-80,54,80,0,0
60-30,60,30,0,1
65-61,65,61,1,1
32-59,32,59,3,1
51-74,51,74,3,0
8-58,8,58,0,0
25-79,25,79,3,1
15-77,15,77,2,0
28-49,28,49,1,1
60-73,60,73,3,0
38-70,38,70,2,0
77-38,77,38,2,1
75-41,75,41,1,1
41-48,41,48,0,0
12-28,12,28,0,0
43-26,43,26,1,0
7-63,7,63,0,1
16-65,16,65,3,0
58-36,58,36,1,1
2-7,2,7,1,1
16-71,16,71,2,1
43-14,43,14,2,2
19-37,19,37,0,1
15-71,15,71,1,1
34-71,34,71,0,0
54-41,54,41,0,1
66-45,66,45,1,1
51-75,51,75,1,0
20-37,20,37,3,1
16-47,16,47,2,0
67-41,67,41,0,0
68-5,68,5,2,2
62-29,62,29,0,1
6-43,6,43,1,0
14-36,14,36,2,1
13-60,13,60,2,0
4-51,4,51,3,0
66-41,66,41,0,0
10-80,10,80,4,0
41-38,41,38,0,0
17-43,17,43,0,1
27-4,27,4,0,1
77-7,77,7,0,3
73-35,73,35,1,1
77-44,77,44,0,1
28-39,28,39,2,1
43-57,43,57,0,2
54-56,54,56,3,2
58-63,58,63,1,0
72-59,72,59,2,1
52-34,52,34,2,2
36-54,36,54,0,0
12-37,12,37,0,1
13-60,13,60,1,2
61-13,61,13,1,3
60-35,60,35,1,1
51-58,51,58,0,2
26-18,26,18,2,2
25-77,25,77,1,0
74-42,74,42,2,0
1-3,1,3,4,0
79-8,79,8,0,1
26-58,26,58,2,0
34-58,34,58,2,1
41-6,41,6,1,2
78-26,78,26,1,0
71-14,71,14,0,2
59-18,59,18,0,1
16-73,16,73,3,1
60-59,60,59,1,2
53-74,53,74,1,1
40-48,40,48,0,0
78-4,78,4,0,0
20-78,20,78,1,0
31-58,31,58,0,0
54-29,54,29,0,4
76-72,76,72,0,1
35-14,35,14,2,0
43-51,43,51,1,2
78-46,78,46,1,2
50-18,50,18,0,2
12-11,12,11,0,1
79-60,79,60,1,0
12-79,12,79,1,1
77-45,77,45,0,0
22-29,22,29,0,1
11-70,11,70,3,0
56-61,56,61,0,0
27-21,27,21,0,3
46-6,46,6,0,1
47-6,47,6,0,2
58-37,58,37,0,2
9-47,9,47,2,0
23-11,23,11,1,1
67-14,67,14,0,0
16-59,16,59,2,0
59-21,59,21,0,1
24-59,24,59,1,1
75-13,75,13,0,0
44-57,44,57,1,0
58-20,58,20,0,4
10-69,10,69,1,1
47-7,47,7,1,2
11-5,11,5,0,2
7-54,7,54,1,0
1-75,1,75,2,0
58-5,58,5,2,1
69-31,69,31,0,2
8-31,8,31,4,0
63-53,63,53,0,2
47-43,47,43,1,0
29-2,29,2,1,2
26-19,26,19,0,2
60-27,60,27,0,1
3-42,3,42,1,1
25-52,25,52,0,0
48-53,48,53,1,2
75-39,75,39,3,1
61-76,61,76,0,0
18-54,18,54,3,0
43-45,43,45,0,0
49-24,49,24,0,1
54-24,54,24,1,1
40-80,40,80,2,0
49-14,49,14,0,1
75-62,75,62,0,0
57-60,57,60,1,1
54-41,54,41,1,0
5-24,5,24,1,0
3-40,3,40,0,1
15-75,15,75,2,1
44-5,44,5,0,0
17-28,17,28,2,0
80-9,80,9,0,2
58-5,58,5,0,0
4-16,4,16,0,0
75-79,75,79,2,1
30-4,30,4,1,1
55-10,55,10,1,0
52-28,52,28,0,1
75-39,75,39,1,1
35-55,35,55,1,0
59-45,59,45,2,1
34-36,34,36,2,0
52-65,52,65,2,1
61-56,61,56,0,1
9-57,9,57,2,1
61-70,61,70,2,1
47-71,47,71,0,0
54-21,54,21,2,0
76-24,76,24,2,0
73-20,73,20,0,1
77-5,77,5,0,1
46-34,46,34,0,2
5-69,5,69,1,0
68-22,68,22,1,1
18-14,18,14,1,0
29-37,29,37,1,2
62-65,62,65,0,1
18-3,18,3,1,0
21-22,21,22,0,2
21-30,21,30,2,0
58-60,58,60,1,0
72-12,72,12,0,3
31-80,31,80,2,0
69-33,69,33,0,0
22-30,22,30,2,0
9-40,9,40,0,0
72-62,72,62,1,0
27-13,27,13,1,1
46-61,46,61,4,0
33-20,33,20,0,0
66-41,66,41,1,1
40-4,40,4,2,1
46-67,46,67,4,0
15-52,15,52,0,0
36-56,36,56,3,0
23-63,23,63,2,0
4-68,4,68,4,0
45-43,45,43,0,0
41-78,41,78,0,1
40-67,40,67,0,0
33-3,33,3,3,0
31-16,31,16,0,2
52-6,52,6,1,0
31-63,31,63,0,0
2-44,2,44,0,0
70-29,70,29,0,0
53-59,53,59,1,1
25-45,25,45,3,0
9-62,9,62,0,0
44-3,44,3,1,3
3-71,3,71,2,0
40-11,40,11,0,2
72-43,72,43,1,2
39-64,39,64,2,0
43-42,43,42,1,0
74-19,74,19,0,5
78-71,78,71,1,5
40-34,40,34,1,0
14-71,14,71,0,0
14-9,14,9,0,1
38-55,38,55,2,1
5-67,5,67,1,0
4-79,4,79,5,0
54-58,54,58,1,3
9-25,9,25,1,0
55-20,55,20,3,2
59-3,59,3,0,0
4-55,4,55,1,0
80-23,80,23,0,1
40-64,40,64,2,0
70-3,70,3,1,1
2-7,2,7,3,1
57-45,57,45,1,0
52-26,52,26,0,2
63-59,63,59,0,0
11-53,11,53,1,0
10-67,10,67,2,0
16-44,16,44,0,0
66-77,66,77,1,2
42-22,42,22,2,2
34-60,34,60,0,0
23-3,23,3,2,1
42-47,42,47,1,0
34-48,34,48,2,0
20-9,20,9,4,2
61-76,61,76,0,1
22-64,22,64,0,0
23-6,23,6,3,1
22-5,22,5,1,3
78-61,78,61,1,1
41-12,41,12,3,0
1-16,1,16,0,1
13-59,13,59,3,0
64-79,64,79,2,1
21-27,21,27,1,2
4-8,4,8,3,2
57-71,57,71,0,0
53-10,53,10,0,1
55-5,55,5,2,1
40-19,40,19,0,0
37-20,37,20,3,0
62-57,62,57,0,1
23-42,23,42,1,1
55-48,55,48,0,2
70-60,70,60,0,0
48-55,48,55,0,1
52-44,52,44,3,2
13-35,13,35,1,1
74-45,74,45,0,0
27-80,27,80,1,1
8-33,8,33,0,0
20-33,20,33,0,1
35-40,35,40,2,0
32-67,32,67,1,0
6-23,6,23,2,0
75-35,75,35,0,1
76-20,76,20,0,0
40-4,40,4,1,1
24-32,24,32,2,0
80-35,80,35,0,2
43-19,43,19,1,2
5-80,5,80,3,0
67-58,67,58,2,1
46-61,46,61,0,0
35-56,35,56,1,0
32-51,32,51,0,0
72-36,72,36,0,0
56-13,56,13,0,2
58-10,58,10,0,2
75-34,75,34,0,3
21-45,21,45,1,1
28-2,28,2,1,2
71-39,71,39,1,1
45-53,45,53,0,1
58-15,58,15,0,0
52-76,52,76,3,0
52-72,52,72,3,1
57-27,57,27,0,3
55-59,55,59,1,1
50-53,50,53,0,0
55-67,55,67,2,1
13-41,13,41,1,1
35-20,35,20,1,0
41-70,41,70,0,2
32-4,32,4,0,0
52-32,52,32,0,2
35-52,35,52,2,0
61-29,61,29,0,2
21-6,21,6,0,1
58-74,58,74,2,1
62-55,62,55,0,2
62-66,62,66,1,0
2-60,2,60,2,1
60-54,60,54,2,0
66-55,66,55,0,2
77-43,77,43,1,1
48-6,48,6,1,4
17-36,17,36,1,1
59-2,59,2,0,1
35-40,35,40,2,0
31-63,31,63,2,0
76-48,76,48,2,0
61-54,61,54,2,1
41-57,41,57,2,2
74-40,74,40,3,1
16-34,16,34,1,0
73-62,73,62,0,0
54-71,54,71,2,0
51-55,51,55,0,1
49-68,49,68,0,0
34-72,34,72,3,0
34-8,34,8,2,2
42-37,42,37,1,0
59-13,59,13,1,1
74-54,74,54,1,0
64-13,64,13,0,0
76-70,76,70,0,1
63-53,63,53,1,1
67-44,67,44,0,0
64-68,64,68,2,3
55-2,55,2,0,2
59-44,59,44,0,1
30-76,30,76,3,0
74-60,74,60,0,1
37-46,37,46,3,0
54-35,54,35,1,1
17-46,17,46,0,0
65-21,65,21,0,3
75-63,75,63,2,1
75-57,75,57,1,1
11-28,11,28,3,0
65-61,65,61,1,1
3-29,3,29,3,0
73-18,73,18,1,0
68-16,68,16,0,1
8-59,8,59,0,1
56-61,56,61,1,0
66-22,66,22,2,3
41-5,41,5,1,1
64-41,64,41,0,1
35-2,35,2,2,1
17-53,17,53,4,0
54-55,54,55,2,0
31-44,31,44,2,0
16-33,16,33,1,0
71-38,71,38,1,1
39-46,39,46,3,0
39-63,39,63,0,0
70-26,70,26,0,1
44-68,44,68,1,1
63-6,63,6,0,0
42-77,42,77,1,0
44-20,44,20,3,0
36-34,36,34,1,1
27-21,27,21,0,2
14-42,14,42,1,0
73-67,73,67,2,0
29-32,29,32,0,1
49-65,49,65,4,0
61-78,61,78,2,0
48-22,48,22,0,1
53-2,53,2,0,2
72-12,72,12,0,1
8-76,8,76,0,0
44-5,44,5,0,0
65-45,65,45,1,0
42-64,42,64,0,0
39-5,39,5,1,3
47-25,47,25,0,0
12-10,12,10,1,1
27-70,27,70,3,0
40-62,40,62,0,0
60-42,60,42,1,1
26-16,26,16,0,1
54-80,54,80,0,0
69-55,69,55,0,2
68-28,68,28,0,1
77-15,77,15,0,1
21-35,21,35,2,1
61-11,61,11,1,1
56-4,56,4,1,0
69-42,69,42,1,1
17-45,17,45,4,0
69-37,69,37,1,3
35-63,35,63,1,0
44-4,44,4,0,3
50-52,50,52,1,1
20-70,20,70,2,0
8-39,8,39,1,0
68-18,68,18,0,1
37-25,37,25,1,2
46-45,46,45,1,0
29-76,29,76,1,1
78-46,78,46,1,1
2-13,2,13,0,0
32-72,32,72,0,0
73-67,73,67,1,3
36-66,36,66,2,0
12-9,12,9,2,1
28-7,28,7,1,0
19-30,19,30,0,1
60-69,60,69,1,0
41-15,41,15,0,3
49-68,49,68,2,1
35-46,35,46,1,2
2-80,2,80,2,1
5-44,5,44,2,0
68-27,68,27,0,3
39-20,39,20,1,1
56-10,56,10,0,1
33-62,33,62,0,0
16-14,16,14,1,0
17-39,17,39,0,0
25-60,25,60,3,0
28-15,28,15,0,1
45-21,45,21,0,1
23-37,23,37,0,0
71-41,71,41,1,1
72-7,72,7,0,0
38-68,38,68,3,0
11-59,11,59,0,1
2-12,2,12,2,0
26-11,26,11,1,3
28-73,28,73,2,0
42-4,42,4,0,1
35-11,35,11,2,0
49-36,49,36,1,1
30-7,30,7,1,2
3-66,3,66,2,1
79-40,79,40,3,1
14-53,14,53,1,0
5-59,5,59,2,1
7-62,7,62,4,0
21-7,21,7,0,0
9-79,9,79,0,1
22-35,22,35,1,0
71-41,71,41,0,0
7-79,7,79,2,0
47-61,47,61,1,0
62-19,62,19,0,1
52-72,52,72,2,0
29-35,29,35,0,0
14-65,14,65,2,0
80-33,80,33,1,3
50-58,50,58,2,2
18-32,18,32,2,0
45-60,45,60,0,0
33-46,33,46,2,0
41-14,41,14,0,1
19-8,19,8,2,1
63-36,63,36,1,2
45-4,45,4,0,1
44-24,44,24,0,2
39-62,39,62,2,0
25-73,25,73,1,2
59-43,59,43,2,1
24-28,24,28,1,1
35-42,35,42,2,0
34-31,34,31,0,0
58-14,58,14,0,0
52-4,52,4,1,1
63-52,63,52,0,0
6-20,6,20,1,1
11-75,11,75,2,0
3-44,3,44,1,0
75-79,75,79,2,3
7-39,7,39,0,0
66-35,66,35,0,0
80-56,80,56,1,1
43-28,43,28,2,1
10-34,10,34,0,0
73-27,73,27,0,0
45-7,45,7,1,0
67-2,67,2,2,0
47-62,47,62,0,1
74-58,74,58,0,1
66-80,66,80,1,0
1-51,1,51,2,0
69-24,69,24,0,2
6-49,6,49,2,0
50-73,50,73,2,1
33-71,33,71,1,1
57-16,57,16,1,4
77-67,77,67,0,0
60-53,60,53,2,1
9-11,9,11,2,1
52-64,52,64,2,1
47-9,47,9,0,1
42-75,42,75,1,1
34-2,34,2,1,0
63-7,63,7,0,1
22-74,22,74,2,0
24-78,24,78,2,0
39-42,39,42,1,0
67-2,67,2,0,2
24-13,24,13,1,2
65-51,65,51,1,4
34-43,34,43,3,0
41-66,41,66,2,1
53-34,53,34,0,0
29-15,29,15,1,1
49-22,49,22,1,0
64-58,64,58,0,1
48-74,48,74,4,0
3-32,3,32,3,3
44-10,44,10,0,2
16-45,16,45,1,2
23-9,23,9,0,1
56-47,56,47,0,1
14-49,14,49,1,1
64-3,64,3,0,2
15-18,15,18,0,2
59-12,59,12,2,0
59-22,59,22,0,2
28-65,28,65,0,0
69-41,69,41,0,2
36-64,36,64,0,0
9-29,9,29,2,1
23-30,23,30,1,0
48-49,48,49,2,1
39-57,39,57,2,1
31-50,31,50,1,2
11-47,11,47,1,1
33-11,33,11,1,2
35-41,35,41,1,0
20-40,20,40,2,0
61-72,61,72,1,2
36-62,36,62,0,0
66-44,66,44,1,0
24-1,24,1,2,2
20-72,20,72,3,1
79-74,79,74,0,2
18-27,18,27,0,2
34-10,34,10,0,1
17-73,17,73,1,1
16-8,16,8,0,0
58-30,58,30,2,0
61-77,61,77,0,0
75-47,75,47,2,0
23-78,23,78,1,0
50-69,50,69,1,0
63-46,63,46,1,3
64-17,64,17,0,3
39-78,39,78,1,0
40-80,40,80,2,1
49-35,49,35,0,1
20-42,20,42,1,0
45-34,45,34,2,2
52-38,52,38,1,0
22-6,22,6,2,0
7-45,7,45,0,0
80-63,80,63,1,0
54-28,54,28,1,0
2-36,2,36,0,1
54-35,54,35,0,1
77-3,77,3,1,2
60-78,60,78,0,1
60-40,60,40,1,3
49-71,49,71,0,1
16-3,16,3,0,2
30-32,30,32,1,1
60-58,60,58,0,0
62-75,62,75,3,0
39-8,39,8,1,2
36-58,36,58,1,0
74-22,74,22,1,2
10-62,10,62,0,0
6-77,6,77,2,1
4-53,4,53,4,1
65-23,65,23,0,4
80-24,80,24,1,3
42-78,42,78,0,1
20-47,20,47,0,0
53-25,53,25,1,0
58-76,58,76,0,1
41-21,41,21,2,1
3-60,3,60,1,1
48-29,48,29,0,0
20-42,20,42,2,0
47-27,47,27,0,1
41-68,41,68,4,0
7-32,7,32,1,0
2-14,2,14,1,0
63-10,63,10,0,1
7-43,7,43,1,1
14-3,14,3,1,2
7-67,7,67,2,0
57-31,57,31,0,2
74-53,74,53,0,1
10-53,10,53,1,0
8-76,8,76,3,0
28-79,28,79,1,1
49-3,49,3,0,3
51-39,51,39,0,1
7-42,7,42,1,0
70-34,70,34,0,4
12-26,12,26,1,1
16-54,16,54,0,0
67-14,67,14,0,1
77-19,77,19,0,0
63-41,63,41,1,1
8-72,8,72,2,0
24-7,24,7,0,1
62-45,62,45,0,0
2-3,2,3,1,0
43-2,43,2,1,1
40-73,40,73,0,0
72-35,72,35,0,1
13-61,13,61,3,0
1-26,1,26,1,0
1-54,1,54,3,0
51-70,51,70,2,0
4-50,4,50,1,0
46-25,46,25,1,1
51-55,51,55,2,1
29-74,29,74,1,0
48-49,48,49,0,1
20-56,20,56,0,0
39-19,39,19,0,2
21-24,21,24,0,0
21-11,21,11,1,1
21-47,21,47,1,0
20-61,20,61,2,0
75-60,75,60,1,1
67-26,67,26,0,3
66-15,66,15,0,3
75-11,75,11,1,0
70-74,70,74,0,1
48-62,48,62,1,0
16-17,16,17,1,0
16-19,16,19,0,3
62-60,62,60,0,1
61-21,61,21,0,2
5-16,5,16,0,0
9-61,9,61,0,1
77-40,77,40,1,0
40-69,40,69,2,0
14-27,14,27,0,0
74-21,74,21,0,2
20-24,20,24,2,0
18-47,18,47,2,0
2-48,2,48,2,1
51-70,51,70,1,0
32-79,32,79,2,0
54-79,54,79,3,1
31-54,31,54,1,0
15-75,15,75,0,0
28-74,28,74,2,0
15-23,15,23,1,0
78-24,78,24,2,2
2-66,2,66,0,0
24-51,24,51,0,2
27-25,27,25,0,0
2-68,2,68,2,1
41-19,41,19,0,3
50-37,50,37,0,1
62-5,62,5,0,2
68-18,68,18,0,0
49-54,49,54,2,1
54-57,54,57,0,1
75-2,75,2,0,0
69-78,69,78,0,3
6-4,6,4,1,0
75-45,75,45,1,1
19-23,19,23,1,0
40-23,40,23,0,1
57-45,57,45,1,1
19-34,19,34,2,1
1-76,1,76,1,0
47-44,47,44,2,1
16-13,16,13,1,0
30-45,30,45,0,0
17-8,17,8,1,1
72-21,72,21,2,2
28-23,28,23,1,0
14-3,14,3,0,2
48-22,48,22,0,2
32-78,32,78,2,0
57-7,57,7,1,3
79-30,79,30,0,1
37-76,37,76,3,0
17-57,17,57,2,0
29-10,29,10,2,0
29-51,29,51,1,1
49-74,49,74,2,0
78-64,78,64,0,1
66-14,66,14,0,1
67-62,67,62,3,0
60-66,60,66,0,0
65-11,65,11,0,2
61-15,61,15,1,1
43-9,43,9,0,0
47-35,47,35,0,0
13-46,13,46,0,0
44-63,44,63,2,0
40-44,40,44,2,0
56-45,56,45,1,0
29-10,29,10,0,1
77-27,77,27,0,2
58-5,58,5,0,1
65-31,65,31,0,4
46-13,46,13,0,1
23-58,23,58,1,0
51-16,51,16,0,0
65-58,65,58,0,1
34-5,34,5,1,2
61-17,61,17,0,1
66-52,66,52,1,1
43-1,43,1,1,2
4-29,4,29,2,1
49-11,49,11,0,2
17-38,17,38,0,1
48-60,48,60,1,1
79-35,79,35,1,2
17-23,17,23,1,0
46-25,46,25,0,0
16-60,16,60,3,0
22-43,22,43,1,0
55-14,55,14,1,2
48-44,48,44,2,1
28-6,28,6,3,2
38-49,38,49,3,0
29-39,29,39,2,0
8-31,8,31,0,0
17-66,17,66,3,0
26-71,26,71,1,1
66-13,66,13,0,2
25-8,25,8,1,1
6-50,6,50,1,0
22-45,22,45,1,0
54-64,54,64,4,1
1-73,1,73,1,0
19-76,19,76,2,0
6-2,6,2,0,2
17-48,17,48,1,0
33-46,33,46,2,1
61-77,61,77,0,2
71-75,71,75,2,0
58-33,58,33,0,0
69-3,69,3,0,3
70-12,70,12,1,1
60-73,60,73,0,0
75-29,75,29,2,1
31-23,31,23,3,3
32-78,32,78,1,0
53-51,53,51,1,1
27-43,27,43,0,0
16-46,16,46,5,0
40-73,40,73,0,0
12-22,12,22,0,0
30-4,30,4,1,0
71-48,71,48,3,0
36-51,36,51,0,0
78-79,78,79,2,0
15-22,15,22,1,0
67-30,67,30,2,2
78-36,78,36,1,0
75-23,75,23,0,2
33-9,33,9,0,2
64-36,64,36,0,0
28-13,28,13,1,3
1-3,1,3,1,0
2-18,2,18,1,0
61-66,61,66,0,0
2-28,2,28,1,0
28-11,28,11,0,3
24-43,24,43,1,1
36-24,36,24,2,1
60-12,60,12,0,1
2-30,2,30,3,0
16-53,16,53,1,1
68-70,68,70,1,1
23-35,23,35,3,0
68-45,68,45,1,1
30-34,30,34,1,0
45-47,45,47,0,1
69-60,69,60,0,2
79-47,79,47,2,0
9-40,9,40,1,1
43-56,43,56,2,0
4-58,4,58,2,0
13-42,13,42,2,1
47-24,47,24,0,0
13-50,13,50,1,1
65-51,65,51,0,3
74-6,74,6,1,3
5-47,5,47,1,1
13-61,13,61,2,0
54-58,54,58,0,0
20-37,20,37,0,0
12-41,12,41,2,0
3-68,3,68,1,0
24-1,24,1,0,0
34-13,34,13,0,2
2-40,2,40,2,1
37-62,37,62,1,0
39-57,39,57,1,1
46-56,46,56,1,1
69-6,69,6,1,1
53-68,53,68,1,0
16-4,16,4,2,0
73-80,73,80,3,1
64-22,64,22,1,1
6-72,6,72,0,1
28-23,28,23,4,0
64-53,64,53,0,0
18-61,18,61,2,0
66-30,66,30,0,3
73-52,73,52,0,0
62-43,62,43,0,0
56-21,56,21,0,1
79-15,79,15,2,0
21-24,21,24,0,0
63-43,63,43,1,0
53-43,53,43,0,1
23-33,23,33,1,0
7-41,7,41,1,0
67-32,67,32,0,1
52-68,52,68,0,0
55-71,55,71,1,0
55-58,55,58,1,2
7-77,7,77,1,0
48-7,48,7,1,1
68-72,68,72,1,1
13-4,13,4,0,0
46-22,46,22,0,1
1-15,1,15,1,0
67-17,67,17,0,1
56-4,56,4,2,1
56-38,56,38,0,0
51-72,51,72,0,0
15-47,15,47,4,0
27-50,27,50,2,0
33-23,33,23,1,1
77-47,77,47,0,1
61-76,61,76,1,1
27-29,27,29,1,0
38-2,38,2,1,3
26-65,26,65,1,1
17-46,17,46,3,0
69-45,69,45,1,2
41-31,41,31,1,2
5-35,5,35,1,1
7-51,7,51,1,0
33-7,33,7,1,1
25-22,25,22,1,0
13-24,13,24,1,1
63-30,63,30,0,1
47-17,47,17,1,0
57-8,57,8,0,4
47-51,47,51,1,1
72-33,72,33,1,3
79-77,79,77,1,1
54-40,54,40,2,0
76-24,76,24,0,0
6-59,6,59,0,0
25-34,25,34,3,0
76-31,76,31,1,1
59-17,59,17,1,1
1-46,1,46,0,1
20-43,20,43,0,0
64-8,64,8,1,2
80-39,80,39,0,3
71-56,71,56,1,2
7-22,7,22,0,0
15-75,15,75,1,0
32-46,32,46,1,2
21-19,21,19,1,3
79-6,79,6,0,0
27-29,27,29,2,0
7-64,7,64,3,1
14-61,14,61,2,0
10-66,10,66,1,0
3-2,3,2,1,1
53-17,53,17,2,3
62-28,62,28,0,0
70-29,70,29,0,2
7-11,7,11,0,1
7-56,7,56,0,2
21-30,21,30,0,1
46-58,46,58,1,1
15-57,15,57,3,1
10-34,10,34,5,1
75-20,75,20,0,2
68-76,68,76,0,2
8-36,8,36,1,3
62-32,62,32,0,3
22-14,22,14,0,1
74-75,74,75,1,0
4-13,4,13,0,0
73-3,73,3,1,0
76-13,76,13,0,1
13-53,13,53,2,0
26-46,26,46,3,0
75-8,75,8,0,1
67-69,67,69,0,2
3-77,3,77,3,0
1-28,1,28,0,2
6-60,6,60,0,2
73-44,73,44,1,3
31-32,31,32,1,1
36-77,36,77,2,0
52-66,52,66,3,1
9-16,9,16,2,0
56-19,56,19,1,1
79-12,79,12,1,1
3-41,3,41,1,0
50-7,50,7,0,0
28-41,28,41,2,1
37-55,37,55,0,1
69-67,69,67,3,1
10-7,10,7,2,1
40-45,40,45,0,0
44-71,44,71,1,0
53-44,53,44,3,1
9-79,9,79,3,0
24-71,24,71,1,0
56-35,56,35,1,0
30-12,30,12,1,2
10-30,10,30,1,2
23-24,23,24,0,2
58-52,58,52,2,1
2-23,2,23,1,0
69-74,69,74,1,1
78-1,78,1,0,4
9-38,9,38,1,1
1-28,1,28,1,2
29-7,29,7,0,1
42-28,42,28,0,0
28-15,28,15,1,3
23-55,23,55,2,0
65-47,65,47,1,1
3-55,3,55,1,0
60-78,60,78,2,2
67-40,67,40,2,1
19-16,19,16,1,0
78-9,78,9,0,2
26-40,26,40,0,2
31-75,31,75,1,0
63-54,63,54,1,0
28-49,28,49,2,0
37-11,37,11,1,1
32-37,32,37,1,3
75-58,75,58,3,0
32-7,32,7,1,1
3-60,3,60,0,1
34-44,34,44,2,1
8-58,8,58,0,1
69-35,69,35,0,1
73-40,73,40,1,1
32-7,32,7,0,0
72-67,72,67,2,0
16-80,16,80,2,0
50-13,50,13,0,2
43-51,43,51,0,2
10-24,10,24,0,0
28-13,28,13,0,1
66-29,66,29,2,0
59-47,59,47,0,1
48-6,48,6,1,2
11-23,11,23,2,1
18-56,18,56,2,0
74-38,74,38,0,0
78-47,78,47,1,1
72-8,72,8,0,2
72-60,72,60,0,1
70-47,70,47,1,1
63-4,63,4,0,2
62-19,62,19,0,0
41-6,41,6,1,1
1-80,1,80,3,0
22-54,22,54,1,0
17-67,17,67,2,0
77-53,77,53,0,1
28-29,28,29,2,0
48-60,48,60,0,1
38-13,38,13,0,1
65-27,65,27,0,3
37-10,37,10,0,3
64-1,64,1,0,4
17-65,17,65,3,0
18-34,18,34,0,0
62-77,62,77,0,1
10-1,10,1,4,0
2-6,2,6,1,0
66-79,66,79,3,1
49-70,49,70,1,0
6-66,6,66,0,0
40-12,40,12,0,1
7-57,7,57,2,0
80-34,80,34,0,2
78-14,78,14,0,1
60-80,60,80,0,2
53-19,53,19,1,1
13-65,13,65,4,0
45-52,45,52,2,1
77-65,77,65,2,1
10-16,10,16,0,1
79-67,79,67,1,0
27-73,27,73,2,0
59-55,59,55,1,2
18-39,18,39,1,1
60-19,60,19,0,2
51-37,51,37,0,0
48-20,48,20,0,3
67-56,67,56,2,2
10-73,10,73,2,1
35-31,35,31,0,2
56-61,56,61,1,1
44-9,44,9,0,0
9-16,9,16,3,1
6-11,6,11,2,4
77-16,77,16,0,0
28-34,28,34,2,1
79-77,79,77,2,1
34-46,34,46,3,1
80-17,80,17,1,2
47-24,47,24,0,1
57-56,57,56,2,1
16-60,16,60,2,0
16-69,16,69,4,1
14-64,14,64,2,0
54-43,54,43,0,2
55-42,55,42,1,2
71-26,71,26,0,1
3-30,3,30,2,0
23-67,23,67,3,1
29-21,29,21,0,1
35-38,35,38,2,2
65-25,65,25,0,4
12-34,12,34,1,2
9-73,9,73,2,0
74-62,74,62,0,2
10-36,10,36,0,0
2-58,2,58,2,0
23-76,23,76,2,0
67-30,67,30,1,1
31-47,31,47,1,0
13-68,13,68,1,0
9-35,9,35,1,0
24-20,24,20,2,2
43-22,43,22,0,1
48-75,48,75,3,0
75-35,75,35,1,2
27-26,27,26,1,1
20-50,20,50,1,0
37-40,37,40,2,0
55-63,55,63,3,0
56-42,56,42,2,0
76-63,76,63,2,1
63-9,63,9,0,1
1-36,1,36,2,0
10-55,10,55,2,0
8-46,8,46,1,0
21-61,21,61,2,1
11-16,11,16,0,1
61-68,61,68,1,0
52-6,52,6,1,0
14-29,14,29,1,1
10-9,10,9,1,0
28-30,28,30,0,0
31-63,31,63,2,0
43-22,43,22,1,2
40-48,40,48,0,2
4-3,4,3,3,1
44-19,44,19,0,1
11-27,11,27,1,0
35-6,35,6,1,2
29-28,29,28,2,2
15-75,15,75,2,0
31-11,31,11,2,1
75-47,75,47,2,2
47-74,47,74,2,0
36-72,36,72,2,0
34-75,34,75,3,0
58-3,58,3,0,0
54-24,54,24,0,0
55-37,55,37,2,0
44-58,44,58,0,1
21-34,21,34,1,1
5-53,5,53,1,0
48-60,48,60,0,1
3-21,3,21,1,0
51-5,51,5,1,3
9-69,9,69,2,0
19-65,19,65,4,0
68-47,68,47,1,2
28-13,28,13,0,0
43-59,43,59,1,1
47-72,47,72,0,0
15-2,15,2,0,1
47-10,47,10,0,0
11-28,11,28,3,2
66-58,66,58,0,3
51-4,51,4,0,0
76-41,76,41,0,0
76-2,76,2,0,2
45-13,45,13,0,0
35-37,35,37,0,0
74-59,74,59,1,0
11-8,11,8,2,1
21-70,21,70,1,0
63-40,63,40,1,1
21-27,21,27,1,1
23-25,23,25,3,0
53-20,53,20,0,0
13-15,13,15,1,0
26-71,26,71,1,0
33-63,33,63,3,0
75-22,75,22,0,1
1-76,1,76,1,0
43-34,43,34,2,0
34-42,34,42,1,0
34-23,34,23,2,1
28-40,28,40,2,1
69-34,69,34,1,2
8-53,8,53,0,0
66-60,66,60,0,1
4-65,4,65,3,0
57-52,57,52,0,4
43-34,43,34,1,1
20-18,20,18,0,3
80-46,80,46,1,3
62-29,62,29,0,0
74-1,74,1,0,1
78-14,78,14,1,2
2-3,2,3,0,1
77-27,77,27,1,0
46-8,46,8,0,1
77-33,77,33,0,2
13-75,13,75,5,1
80-69,80,69,1,0
80-70,80,70,1,0
8-68,8,68,1,0
49-53,49,53,0,0
4-69,4,69,3,0
52-34,52,34,2,1
54-19,54,19,1,2
37-53,37,53,1,0
62-49,62,49,0,3
32-79,32,79,0,1
15-5,15,5,2,1
68-10,68,10,0,1
41-29,41,29,0,1
4-79,4,79,1,0
77-44,77,44,2,0
25-24,25,24,2,1
37-14,37,14,1,1
11-74,11,74,1,0
38-32,38,32,1,1
66-17,66,17,0,3
48-16,48,16,2,0
36-5,36,5,1,2
11-5,11,5,0,0
13-72,13,72,1,0
29-25,29,25,1,1
70-41,70,41,0,1
61-2,61,2,1,4
80-8,80,8,0,2
2-75,2,75,3,0
55-13,55,13,0,1
30-59,30,59,1,2
71-15,71,15,0,1
4-71,4,71,1,1
43-22,43,22,1,4
66-59,66,59,2,1
73-33,73,33,0,2
31-54,31,54,1,1
76-2,76,2,0,1
52-60,52,60,1,1
43-69,43,69,3,0
52-23,52,23,1,2
67-51,67,51,1,1
18-8,18,8,0,3
68-19,68,19,0,1
67-10,67,10,1,0
8-30,8,30,1,0
69-45,69,45,1,1
45-6,45,6,2,1
39-61,39,61,2,1
35-15,35,15,1,0
27-28,27,28,0,1
74-54,74,54,0,2
27-70,27,70,3,1
9-22,9,22,0,0
42-29,42,29,0,1
73-8,73,8,3,1
48-29,48,29,0,2
8-13,8,13,0,1
67-68,67,68,2,1
46-55,46,55,3,0
71-68,71,68,1,0
21-74,21,74,2,0
70-5,70,5,0,0
51-24,51,24,1,1
41-42,41,42,3,0
63-65,63,65,0,1
24-17,24,17,0,0
30-38,30,38,1,0
33-27,33,27,1,0
52-36,52,36,1,0
16-34,16,34,3,0
3-65,3,65,3,1
27-10,27,10,1,1
12-71,12,71,4,0
1-4,1,4,0,1
31-37,31,37,2,0
65-57,65,57,1,2
51-27,51,27,0,1
17-45,17,45,1,0
77-58,77,58,2,0
34-43,34,43,0,2
60-56,60,56,2,1
34-45,34,45,1,1
23-45,23,45,1,0
33-7,33,7,0,1
35-13,35,13,0,3
62-75,62,75,1,1
79-34,79,34,0,2
27-69,27,69,2,1
70-69,70,69,2,0
49-50,49,50,0,0
49-70,49,70,5,0
13-31,13,31,2,0
67-43,67,43,1,1
1-65,1,65,1,0
15-79,15,79,2,1
28-64,28,64,3,0
22-25,22,25,1,0
23-13,23,13,1,2
35-26,35,26,1,1
38-19,38,19,1,0
55-52,55,52,0,1
45-78,45,78,1,0
60-78,60,78,2,1
70-49,70,49,1,0
5-58,5,58,0,1
5-58,5,58,1,1
31-37,31,37,1,0
62-10,62,10,0,1
36-34,36,34,1,0
17-35,17,35,0,0
18-38,18,38,1,1
4-69,4,69,4,0
37-72,37,72,2,1
43-53,43,53,1,2
34-17,34,17,0,2
21-33,21,33,0,1
35-57,35,57,0,0
32-73,32,73,1,0
24-14,24,14,3,3
42-60,42,60,2,2
10-13,10,13,2,1
67-72,67,72,1,1
24-79,24,79,1,0
54-63,54,63,0,0
74-36,74,36,2,1
12-11,12,11,0,1
22-7,22,7,2,0
67-50,67,50,0,1
16-7,16,7,0,0
28-73,28,73,0,0
28-31,28,31,1,0
66-48,66,48,0,0
47-24,47,24,0,0
60-41,60,41,1,2
77-61,77,61,0,1
9-53,9,53,1,2
70-56,70,56,1,0
37-5,37,5,0,2
57-77,57,77,2,2
52-23,52,23,1,1
57-78,57,78,1,0
60-77,60,77,0,2
79-49,79,49,1,1
14-21,14,21,1,0
23-40,23,40,0,1
77-23,77,23,0,3
64-36,64,36,0,3
71-30,71,30,0,5
38-31,38,31,0,1
15-40,15,40,3,0
18-30,18,30,2,2
41-11,41,11,0,3
5-8,5,8,0,0
19-49,19,49,0,0
21-74,21,74,1,1
23-35,23,35,0,0
80-52,80,52,0,1
23-69,23,69,1,0
18-23,18,23,1,1
80-71,80,71,1,0
66-37,66,37,1,1
5-14,5,14,0,1
45-76,45,76,1,1
1-32,1,32,0,0
79-20,79,20,0,1
62-29,62,29,0,2
18-41,18,41,2,0
42-21,42,21,0,1
55-63,55,63,3,0
55-70,55,70,2,1
45-36,45,36,1,1
15-8,15,8,2,0
66-72,66,72,2,1
70-73,70,73,0,0
9-58,9,58,0,1
32-68,32,68,2,0
17-49,17,49,1,1
67-19,67,19,1,0
38-80,38,80,4,0
13-37,13,37,0,0
26-72,26,72,1,2
26-80,26,80,2,0
30-34,30,34,1,1
23-30,23,30,0,2
5-45,5,45,1,1
47-73,47,73,0,1
46-20,46,20,1,1
32-6,32,6,1,1
23-17,23,17,1,3
1-76,1,76,0,0
80-6,80,6,1,2
58-17,58,17,0,3
42-63,42,63,2,1
72-19,72,19,1,0
66-14,66,14,2,0
55-68,55,68,0,1
52-40,52,40,2,2
60-58,60,58,0,2
74-56,74,56,0,1
79-59,79,59,0,1
50-18,50,18,2,2
27-10,27,10,0,1
13-46,13,46,2,1
31-51,31,51,1,2
22-16,22,16,0,1
10-21,10,21,0,1
51-47,51,47,2,1
32-42,32,42,3,1
13-69,13,69,2,0
4-69,4,69,2,0
66-63,66,63,2,1
49-12,49,12,1,2
15-74,15,74,1,0
67-21,67,21,0,2
57-65,57,65,1,1
71-40,71,40,0,2
24-12,24,12,0,2
5-58,5,58,1,0
45-46,45,46,0,1
73-39,73,39,1,2
68-24,68,24,1,0
42-30,42,30,0,2
32-64,32,64,3,0
8-32,8,32,3,1
12-28,12,28,1,2
4-60,4,60,3,1
25-3,25,3,1,1
12-5,12,5,1,1
78-40,78,40,0,1
56-58,56,58,1,0
8-64,8,64,0,0
34-13,34,13,1,0
26-20,26,20,1,0
9-14,9,14,0,1
59-48,59,48,1,0
44-77,44,77,0,1
33-27,33,27,1,0
57-54,57,54,2,0
14-73,14,73,2,0
33-63,33,63,2,0
2-4,2,4,0,0
66-65,66,65,0,1
17-25,17,25,4,0
17-66,17,66,2,0
68-35,68,35,1,1
38-46,38,46,2,0
14-23,14,23,0,0
36-62,36,62,1,0
78-75,78,75,1,2
69-33,69,33,0,1
29-77,29,77,2,0
51-30,51,30,0,2
73-61,73,61,0,1
16-35,16,35,0,0
69-50,69,50,1,0
36-62,36,62,4,0
33-55,33,55,3,1
46-41,46,41,1,0
60-63,60,63,4,0
41-64,41,64,2,0
32-18,32,18,0,0
72-73,72,73,1,1
35-34,35,34,0,2
64-27,64,27,0,2
66-32,66,32,0,0
53-32,53,32,0,1
45-55,45,55,0,3
4-37,4,37,2,1
26-54,26,54,1,0
58-25,58,25,0,0
58-5,58,5,0,3
46-30,46,30,1,2
9-6,9,6,2,0
22-50,22,50,1,0
17-62,17,62,1,0
21-22,21,22,1,2
30-61,30,61,1,0
38-10,38,10,1,4
11-14,11,14,1,0
24-41,24,41,1,0
14-32,14,32,2,1
80-20,80,20,1,0
46-73,46,73,0,0
66-53,66,53,1,2
42-76,42,76,1,4
18-15,18,15,3,2
55-46,55,46,1,0
48-80,48,80,1,0
47-23,47,23,1,2
54-29,54,29,0,2
54-12,54,12,0,0
16-15,16,15,1,1
70-17,70,17,1,1
8-34,8,34,3,1
59-3,59,3,0,1
60-21,60,21,1,0
57-43,57,43,2,0
19-13,19,13,0,1
76-19,76,19,2,2
59-58,59,58,3,0
14-71,14,71,1,0
62-6,62,6,1,2
30-66,30,66,3,1
26-60,26,60,1,0
39-36,39,36,0,1
13-77,13,77,2,0
50-16,50,16,1,4
3-23,3,23,1,1
62-68,62,68,0,2
22-63,22,63,2,0
66-33,66,33,0,2
65-74,65,74,0,1
73-25,73,25,0,1
64-52,64,52,2,3
30-35,30,35,0,0
28-76,28,76,0,0
64-8,64,8,0,1
3-8,3,8,0,0
25-53,25,53,1,0
51-63,51,63,0,1
60-21,60,21,2,3
63-27,63,27,0,2
20-11,20,11,1,2
60-12,60,12,0,2
19-65,19,65,1,1
26-44,26,44,2,0
80-23,80,23,0,1
65-40,65,40,0,2
55-13,55,13,2,1
78-63,78,63,3,1
12-54,12,54,0,0
38-12,38,12,0,2
78-32,78,32,0,1
59-69,59,69,0,0
2-19,2,19,1,1
58-49,58,49,1,1
11-21,11,21,1,3
23-11,23,11,1,3
62-8,62,8,0,0
59-50,59,50,2,0
33-35,33,35,0,0
67-21,67,21,1,1
26-59,26,59,0,1
24-74,24,74,0,0
1-14,1,14,4,4
23-57,23,57,1,0
55-43,55,43,3,1
44-4,44,4,0,2
20-77,20,77,2,2
63-61,63,61,1,2
63-19,63,19,0,1
41-56,41,56,4,0
65-50,65,50,0,0
55-37,55,37,0,1
48-20,48,20,1,0
62-33,62,33,0,0
77-71,77,71,0,1
50-78,50,78,1,0
59-79,59,79,0,1
29-4,29,4,1,0
59-79,59,79,0,0
56-68,56,68,0,0
80-3,80,3,0,1
62-80,62,80,0,1
43-35,43,35,1,1
24-20,24,20,0,2
64-22,64,22,0,1
46-43,46,43,0,3
29-21,29,21,1,0
32-35,32,35,2,2
11-5,11,5,2,1
73-59,73,59,0,2
28-4,28,4,1,1
51-11,51,11,0,2
79-1,79,1,0,3
3-73,3,73,2,0
26-28,26,28,3,1
70-17,70,17,1,2
60-36,60,36,0,0
37-32,37,32,1,0
67-50,67,50,0,1
70-17,70,17,1,2
34-73,34,73,1,1
35-19,35,19,2,1
61-23,61,23,1,2
76-61,76,61,0,0
76-24,76,24,0,2
72-31,72,31,1,3
19-34,19,34,3,1
22-32,22,32,0,0
80-51,80,51,1,2
55-20,55,20,2,0
14-35,14,35,1,1
73-28,73,28,0,2
25-80,25,80,0,0
1-6,1,6,2,1
29-53,29,53,3,0
30-23,30,23,0,0
49-3,49,3,1,1
73-20,73,20,0,2
53-76,53,76,2,2
36-76,36,76,0,0
40-22,40,22,1,1
38-20,38,20,1,0
1-19,1,19,0,0
21-67,21,67,1,0
49-40,49,40,2,0
25-47,25,47,1,2
78-53,78,53,0,1
22-70,22,70,3,0
14-70,14,70,1,0
41-79,41,79,0,1
20-64,20,64,2,0
10-72,10,72,3,0
10-18,10,18,2,1
60-48,60,48,3,0
77-27,77,27,0,2
4-31,4,31,2,0
10-64,10,64,0,0
36-15,36,15,1,0
59-18,59,18,2,2
33-17,33,17,1,1
6-28,6,28,1,2
26-15,26,15,0,1
13-22,13,22,1,1
6-68,6,68,3,0
55-30,55,30,2,1
8-67,8,67,0,0
67-75,67,75,1,1
11-1,11,1,1,0
28-2,28,2,0,0
2-54,2,54,3,0
64-23,64,23,1,1
68-31,68,31,2,2
25-22,25,22,3,2
45-35,45,35,0,0
41-59,41,59,1,3
13-68,13,68,1,0
10-55,10,55,1,2
30-63,30,63,3,0
62-72,62,72,1,2
72-80,72,80,3,1
39-43,39,43,0,0
34-58,34,58,1,1
18-75,18,75,1,0
78-13,78,13,0,3
22-62,22,62,1,0
6-79,6,79,4,0
50-15,50,15,0,0
55-1,55,1,0,3
17-53,17,53,2,0
51-17,51,17,1,1
79-46,79,46,0,0
70-56,70,56,1,0
16-46,16,46,1,0
46-26,46,26,2,0
44-11,44,11,0,1
56-9,56,9,2,4
14-20,14,20,0,0
33-24,33,24,0,1
65-2,65,2,0,3
53-68,53,68,1,0
38-57,38,57,0,0
64-57,64,57,2,1
56-62,56,62,1,0
3-52,3,52,3,0
15-41,15,41,1,1
32-16,32,16,0,1
13-47,13,47,2,0
32-35,32,35,2,0
7-10,7,10,1,3
78-32,78,32,0,1
49-37,49,37,0,1
16-39,16,39,3,1
20-11,20,11,1,0
14-71,14,71,3,1
77-55,77,55,0,1
75-1,75,1,1,2
25-48,25,48,1,0
9-4,9,4,2,0
73-71,73,71,1,1
46-17,46,17,0,0
65-75,65,75,2,1
21-67,21,67,0,2
21-9,21,9,1,2
53-25,53,25,2,0
73-63,73,63,0,2
40-43,40,43,2,0
4-10,4,10,0,2
19-22,19,22,2,2
53-16,53,16,0,2
44-66,44,66,0,1
58-56,58,56,1,0
60-62,60,62,1,0
47-45,47,45,1,0
9-79,9,79,1,0
1-24,1,24,0,2
17-73,17,73,2,0
41-72,41,72,2,1
31-48,31,48,1,0
59-40,59,40,0,0
71-79,71,79,1,1
69-42,69,42,1,1
66-39,66,39,1,1
37-65,37,65,2,1
16-61,16,61,0,0
76-12,76,12,0,1
23-41,23,41,1,2
66-19,66,19,2,1
78-3,78,3,0,1
47-44,47,44,2,1
67-59,67,59,1,2
19-78,19,78,1,0
46-60,46,60,1,1
19-36,19,36,0,0
51-64,51,64,1,0
9-6,9,6,0,0
61-47,61,47,1,1
55-34,55,34,3,2
39-9,39,9,2,3
19-15,19,15,0,0
31-9,31,9,3,1
55-80,55,80,2,0
57-50,57,50,1,1
27-39,27,39,0,0
37-16,37,16,1,1
23-3,23,3,3,0
49-38,49,38,0,0
10-30,10,30,0,2
66-24,66,24,0,1
65-16,65,16,0,4
61-67,61,67,0,1
11-73,11,73,1,0
41-20,41,20,0,0
7-21,7,21,3,2
17-80,17,80,0,1
70-53,70,53,1,1
34-29,34,29,2,1
20-10,20,10,3,0
3-71,3,71,1,0
26-13,26,13,1,0
1-18,1,18,1,1
35-65,35,65,0,0
65-69,65,69,0,1
17-80,17,80,1,1
24-4,24,4,0,0
73-34,73,34,0,2
77-8,77,8,0,3
73-25,73,25,0,2
27-30,27,30,1,1
10-24,10,24,0,0
5-50,5,50,4,0
63-67,63,67,0,0
19-54,19,54,1,0
31-61,31,61,1,0
64-44,64,44,1,0
42-7,42,7,0,2
17-11,17,11,2,1
68-12,68,12,0,0
75-68,75,68,0,0
38-2,38,2,0,1
80-36,80,36,2,3
51-58,51,58,2,0
68-20,68,20,0,3
44-33,44,33,1,0
36-41,36,41,0,1
43-57,43,57,1,1
58-72,58,72,3,0
22-63,22,63,1,0
29-32,29,32,0,1
74-38,74,38,0,2
32-5,32,5,0,2
54-47,54,47,4,2
72-29,72,29,0,1
9-77,9,77,1,1
22-45,22,45,2,0
5-39,5,39,1,1
74-30,74,30,2,1
51-21,51,21,1,2
65-47,65,47,1,0
74-11,74,11,0,1
61-66,61,66,2,0
10-39,10,39,0,3
72-52,72,52,1,1
43-54,43,54,2,0
66-7,66,7,0,1
26-53,26,53,2,0
19-28,19,28,1,0
27-7,27,7,3,1
8-66,8,66,2,0
20-65,20,65,1,0
42-51,42,51,2,0
23-32,23,32,0,2
54-22,54,22,0,1
5-48,5,48,1,0
80-11,80,11,0,0
5-8,5,8,1,1
13-15,13,15,2,0
66-53,66,53,2,0
36-11,36,11,1,1
80-72,80,72,1,1
6-22,6,22,3,0
11-56,11,56,3,0
65-75,65,75,0,1
14-37,14,37,1,0
25-30,25,30,0,0
9-47,9,47,5,0
78-10,78,10,0,1
45-74,45,74,0,0
17-19,17,19,2,2
12-26,12,26,0,2
8-63,8,63,2,0
23-40,23,40,0,0
12-65,12,65,5,0
71-2,71,2,0,2
73-66,73,66,2,0
55-11,55,11,0,2
43-67,43,67,1,0
63-13,63,13,0,1
47-73,47,73,1,1
54-64,54,64,1,1
56-55,56,55,0,0
10-39,10,39,1,0
34-6,34,6,1,1
17-36,17,36,0,0
43-28,43,28,1,1
74-20,74,20,1,0
29-33,29,33,0,0
37-2,37,2,2,0
22-42,22,42,2,0
42-66,42,66,0,0
65-26,65,26,0,0
3-69,3,69,2,0
32-5,32,5,0,3
51-14,51,14,1,0
37-56,37,56,4,0
75-10,75,10,1,0
72-45,72,45,0,0
19-61,19,61,1,0
19-31,19,31,1,1
56-10,56,10,0,0
60-74,60,74,1,0
27-64,27,64,1,0
70-59,70,59,2,1
18-76,18,76,1,0
62-2,62,2,0,2
67-11,67,11,0,4
35-63,35,63,0,0
4-43,4,43,1,0
2-32,2,32,2,1
67-49,67,49,0,2
62-42,62,42,1,2
23-34,23,34,1,1
64-32,64,32,0,1
62-42,62,42,1,3
63-67,63,67,1,1
36-50,36,50,4,0
19-9,19,9,0,1
24-74,24,74,1,1
71-61,71,61,2,2
2-35,2,35,0,0
70-21,70,21,1,0
4-1,4,1,0,1
33-43,33,43,1,1
24-26,24,26,1,1
13-77,13,77,2,0
13-47,13,47,2,0
73-12,73,12,0,1
68-50,68,50,0,2
43-50,43,50,1,1
4-41,4,41,2,1
22-24,22,24,1,1
4-46,4,46,3,0
64-23,64,23,0,1
21-44,21,44,1,0
18-8,18,8,1,0
49-39,49,39,1,0
66-51,66,51,0,0
11-54,11,54,0,0
37-53,37,53,0,1
8-60,8,60,2,2
20-28,20,28,1,3
24-17,24,17,1,2
62-60,62,60,0,3
61-33,61,33,0,2
66-8,66,8,0,3
65-21,65,21,1,5
33-72,33,72,2,0
22-69,22,69,0,1
47-19,47,19,1,0
71-33,71,33,0,1
67-33,67,33,1,2
3-26,3,26,0,0
59-17,59,17,0,0
66-37,66,37,0,2
43-31,43,31,2,1
31-20,31,20,4,0
71-50,71,50,1,0
9-5,9,5,1,0
51-70,51,70,2,0
29-68,29,68,2,0
55-59,55,59,0,3
26-8,26,8,0,1
23-13,23,13,1,1
25-17,25,17,0,0
33-40,33,40,1,0
4-1,4,1,3,1
37-74,37,74,0,0
29-16,29,16,0,3
21-1,21,1,1,0
41-76,41,76,1,1
71-40,71,40,0,0
10-61,10,61,0,0
24-46,24,46,2,0
30-54,30,54,2,0
71-41,71,41,0,1
46-14,46,14,1,1
24-59,24,59,0,0
11-52,11,52,2,2
37-13,37,13,1,2
36-7,36,7,2,0
4-51,4,51,2,0
79-5,79,5,2,2
50-10,50,10,1,0
7-43,7,43,1,0
57-14,57,14,1,3
28-59,28,59,2,1
13-22,13,22,1,2
67-29,67,29,1,1
49-65,49,65,2,0
5-14,5,14,2,1
64-22,64,22,1,1
19-18,19,18,2,0
79-16,79,16,0,2
44-47,44,47,1,0
18-38,18,38,0,1
37-54,37,54,2,0
45-7,45,7,1,2
57-75,57,75,2,1
68-3,68,3,0,0
62-29,62,29,0,1
2-24,2,24,1,1
78-11,78,11,1,2
8-27,8,27,1,1
43-36,43,36,2,2
49-38,49,38,1,1
45-48,45,48,1,0
63-56,63,56,2,0
76-63,76,63,0,0
47-76,47,76,1,0
73-50,73,50,1,1
72-19,72,19,0,0
59-74,59,74,2,0
52-15,52,15,0,2
22-5,22,5,1,1
44-60,44,60,1,0
58-71,58,71,3,0
60-29,60,29,1,1
7-61,7,61,2,0
28-60,28,60,0,1
34-39,34,39,0,2
24-2,24,2,1,1
46-11,46,11,0,1
14-27,14,27,0,0
61-4,61,4,0,1
24-43,24,43,3,0
40-79,40,79,2,1
43-15,43,15,1,2
11-45,11,45,3,1
39-57,39,57,0,2
43-54,43,54,0,1
30-40,30,40,0,0
37-17,37,17,1,1
36-77,36,77,2,0
33-18,33,18,0,2
31-45,31,45,0,2
70-75,70,75,1,3
42-65,42,65,3,1
11-78,11,78,0,0
76-20,76,20,1,1
75-19,75,19,1,2
66-43,66,43,1,2
72-12,72,12,1,1
14-13,14,13,3,0
18-40,18,40,1,0
38-43,38,43,0,1
70-9,70,9,0,0
69-24,69,24,0,0
52-68,52,68,1,2
27-17,27,17,1,0
4-20,4,20,0,3
6-49,6,49,1,1
55-29,55,29,0,2
28-79,28,79,1,1
24-63,24,63,0,0
69-19,69,19,0,2
45-24,45,24,0,0
77-15,77,15,0,1
73-18,73,18,0,3
26-25,26,25,3,0
39-60,39,60,0,0
77-21,77,21,0,1
29-61,29,61,2,0
6-29,6,29,0,2
59-42,59,42,2,1
54-73,54,73,4,0
40-28,40,28,1,2
48-49,48,49,0,0
3-72,3,72,1,1
42-78,42,78,1,1
9-52,9,52,3,0
75-46,75,46,0,0
57-71,57,71,2,0
59-42,59,42,0,2
14-72,14,72,3,0
4-52,4,52,1,0
18-2,18,2,1,1
41-25,41,25,0,0
66-27,66,27,0,4
6-46,6,46,0,0
61-3,61,3,0,1
49-73,49,73,2,3
25-39,25,39,0,0
42-49,42,49,2,1
45-18,45,18,2,2
80-69,80,69,1,1
51-21,51,21,0,3
75-34,75,34,0,1
11-22,11,22,2,0
68-21,68,21,0,2
19-43,19,43,1,0
24-61,24,61,1,2
21-74,21,74,1,0
19-10,19,10,3,0
68-31,68,31,1,2
52-27,52,27,0,0
3-20,3,20,0,0
12-41,12,41,1,1
76-14,76,14,0,0
35-51,35,51,1,1
70-73,70,73,0,2
60-28,60,28,0,2
8-34,8,34,1,0
26-55,26,55,2,0
45-64,45,64,1,0
67-49,67,49,0,1
79-26,79,26,0,3
51-32,51,32,0,3
20-80,20,80,2,0
1-39,1,39,2,2
20-7,20,7,0,2
18-19,18,19,0,1
12-73,12,73,3,0
62-30,62,30,1,3
52-79,52,79,2,1
69-58,69,58,1,1
64-72,64,72,1,1
28-70,28,70,4,0
1-7,1,7,0,0
26-77,26,77,2,0
70-14,70,14,0,2
18-68,18,68,2,1
43-44,43,44,1,1
15-72,15,72,1,0
56-73,56,73,0,0
43-35,43,35,0,1
36-75,36,75,2,0
8-70,8,70,1,0
18-12,18,12,1,0
51-75,51,75,2,1
33-61,33,61,1,1
24-58,24,58,0,1
34-23,34,23,1,0
60-30,60,30,3,0
21-50,21,50,2,1
67-10,67,10,0,1
31-49,31,49,0,3
37-40,37,40,0,1
39-26,39,26,0,2
63-61,63,61,2,1
80-22,80,22,0,3
76-74,76,74,0,0
63-6,63,6,0,2
25-9,25,9,1,0
49-11,49,11,0,1
36-25,36,25,3,0
75-68,75,68,1,1
25-53,25,53,2,0
32-54,32,54,4,0
29-66,29,66,2,0
36-65,36,65,3,0
52-69,52,69,3,0
57-9,57,9,0,1
76-61,76,61,2,0
22-79,22,79,2,1
44-2,44,2,0,1
30-51,30,51,3,0
73-60,73,60,2,1
31-36,31,36,2,2
51-47,51,47,1,0
74-59,74,59,0,0
18-40,18,40,0,1
77-74,77,74,0,0
15-61,15,61,1,1
32-63,32,63,2,1
34-54,34,54,3,1
28-78,28,78,1,0
35-39,35,39,2,0
40-38,40,38,1,0
39-66,39,66,1,1
47-74,47,74,1,0
12-69,12,69,1,0
78-16,78,16,0,1
71-46,71,46,2,1
10-76,10,76,3,1
37-42,37,42,3,1
39-2,39,2,2,0
13-73,13,73,2,1
41-69,41,69,2,0
23-37,23,37,1,0
20-49,20,49,3,0
15-24,15,24,1,0
11-13,11,13,1,0
54-21,54,21,0,1
44-75,44,75,1,1
56-47,56,47,0,0
37-27,37,27,2,0
60-69,60,69,2,0
20-10,20,10,0,2
57-4,57,4,1,3
71-10,71,10,0,3
80-51,80,51,1,4
1-53,1,53,0,0
64-48,64,48,1,1
44-31,44,31,0,2
22-43,22,43,1,0
53-24,53,24,1,2
42-20,42,20,0,5
13-63,13,63,0,0
39-29,39,29,2,0
60-3,60,3,1,1
66-44,66,44,0,0
35-60,35,60,2,0
49-39,49,39,1,0
48-19,48,19,0,0
25-14,25,14,1,1
35-1,35,1,1,1
15-56,15,56,4,0
40-46,40,46,1,0
62-31,62,31,0,1
35-13,35,13,1,0
63-40,63,40,2,3
11-29,11,29,2,1
76-55,76,55,1,2
54-76,54,76,3,0
77-32,77,32,0,0
13-6,13,6,0,2
52-22,52,22,0,1
68-19,68,19,0,0
62-13,62,13,0,2
25-2,25,2,1,0
74-25,74,25,2,2
58-66,58,66,3,2
16-54,16,54,2,0
73-68,73,68,0,0
53-34,53,34,2,2
30-15,30,15,0,1
57-63,57,63,2,0
17-56,17,56,2,1
12-47,12,47,1,0
53-20,53,20,2,0
28-42,28,42,1,1
46-77,46,77,1,2
17-54,17,54,3,0
48-47,48,47,1,0
39-74,39,74,3,1
52-63,52,63,3,0
35-46,35,46,1,0
13-45,13,45,1,0
17-70,17,70,1,0
15-25,15,25,0,1
39-15,39,15,0,0
17-44,17,44,2,1
69-10,69,10,0,1
18-65,18,65,1,0
65-45,65,45,0,0
33-38,33,38,0,2
61-40,61,40,0,1
32-22,32,22,1,0
32-79,32,79,3,0
21-33,21,33,0,1
42-9,42,9,3,2
73-39,73,39,0,2
23-49,23,49,3,0
39-18,39,18,0,1
10-74,10,74,0,0
42-78,42,78,2,1
21-28,21,28,0,0
56-36,56,36,0,0
48-80,48,80,2,0
20-76,20,76,3,0
6-56,6,56,4,0
56-5,56,5,0,2
56-29,56,29,0,3
45-53,45,53,1,0
59-34,59,34,0,1
9-18,9,18,1,0
47-55,47,55,0,0
68-6,68,6,1,1
4-5,4,5,0,1
78-24,78,24,0,2
60-65,60,65,0,1
20-4,20,4,0,1
50-12,50,12,2,1
20-12,20,12,1,1
26-20,26,20,0,1
13-57,13,57,0,1
66-68,66,68,0,0
15-68,15,68,4,0
15-58,15,58,2,1
80-57,80,57,1,0
35-14,35,14,2,1
24-27,24,27,1,0
68-39,68,39,1,1
4-16,4,16,2,2
54-40,54,40,1,1
67-42,67,42,1,1
62-60,62,60,0,1
73-68,73,68,0,1
6-31,6,31,1,2
9-42,9,42,2,1
16-11,16,11,1,0
55-53,55,53,0,0
64-22,64,22,0,1
51-57,51,57,3,0
35-16,35,16,0,1
21-77,21,77,1,0
54-27,54,27,0,3
33-6,33,6,0,2
23-31,23,31,1,0
77-72,77,72,0,1
66-60,66,60,0,0
19-14,19,14,2,3
31-46,31,46,1,0
31-38,31,38,0,1
77-4,77,4,1,0
14-1,14,1,0,2
49-22,49,22,0,1
44-30,44,30,0,0
6-12,6,12,0,2
58-11,58,11,3,1
80-35,80,35,0,1
24-31,24,31,0,0
15-46,15,46,1,0
67-26,67,26,0,1
3-80,3,80,3,0
44-53,44,53,2,0
3-43,3,43,2,1
21-56,21,56,2,1
40-15,40,15,1,0
39-67,39,67,1,0
3-78,3,78,2,0
36-49,36,49,2,1
23-24,23,24,2,0
48-67,48,67,4,1
43-39,43,39,1,2
6-53,6,53,1,0
3-60,3,60,3,1
16-71,16,71,3,0
7-62,7,62,2,0
54-51,54,51,0,1
5-4,5,4,2,0
51-18,51,18,1,1
46-27,46,27,0,1
57-31,57,31,0,1
23-78,23,78,2,0
62-42,62,42,0,2
71-80,71,80,1,2
4-64,4,64,1,0
4-72,4,72,2,0
29-68,29,68,0,1
5-37,5,37,0,0
6-18,6,18,2,0
65-6,65,6,0,2
29-56,29,56,0,1
38-78,38,78,2,1
79-70,79,70,1,1
18-80,18,80,2,1
69-15,69,15,0,2
24-25,24,25,1,2
71-39,71,39,0,0
39-6,39,6,1,1
74-59,74,59,0,1
29-41,29,41,3,0
27-76,27,76,2,0
76-28,76,28,0,1
56-19,56,19,0,0
29-77,29,77,3,0
77-62,77,62,0,2
24-35,24,35,1,0
36-9,36,9,1,0
67-66,67,66,3,1
8-38,8,38,2,1
15-29,15,29,0,2
59-77,59,77,2,1
77-67,77,67,3,0
67-76,67,76,1,0
46-52,46,52,4,0
67-52,67,52,1,0
47-16,47,16,0,2
59-64,59,64,1,0
27-28,27,28,1,0
56-24,56,24,0,1
35-68,35,68,1,0
7-4,7,4,3,1
67-13,67,13,0,1
59-49,59,49,1,0
42-76,42,76,0,0
68-67,68,67,0,1
66-71,66,71,0,0
73-45,73,45,2,1
20-22,20,22,0,2
6-16,6,16,1,1
59-9,59,9,0,1
13-26,13,26,0,1
52-67,52,67,1,0
61-26,61,26,0,2
18-56,18,56,1,2
54-45,54,45,0,1
8-45,8,45,1,0
39-68,39,68,2,0
80-77,80,77,1,3
1-55,1,55,0,2
30-16,30,16,1,1
53-22,53,22,0,2
1-46,1,46,2,0
74-28,74,28,0,1
52-57,52,57,2,2
34-50,34,50,0,0
14-7,14,7,1,0
17-45,17,45,3,0
25-35,25,35,0,1
37-12,37,12,1,1
58-7,58,7,0,1
2-52,2,52,1,0
4-53,4,53,2,0
67-6,67,6,0,1
36-60,36,60,0,1
40-60,40,60,3,0
35-71,35,71,1,0
25-12,25,12,1,0
74-17,74,17,1,1
17-67,17,67,2,1
6-78,6,78,1,0
78-9,78,9,1,2
32-66,32,66,1,0
39-11,39,11,3,2
16-6,16,6,0,0
38-14,38,14,0,0
20-33,20,33,1,0
34-74,34,74,2,1
18-75,18,75,2,0
48-14,48,14,0,1
2-20,2,20,2,0
55-34,55,34,0,1
13-8,13,8,2,0
38-39,38,39,1,1
29-59,29,59,2,0
59-6,59,6,0,2
37-75,37,75,2,1
1-2,1,2,0,0
64-75,64,75,1,1
25-13,25,13,1,1
70-76,70,76,0,1
22-35,22,35,1,0
37-9,37,9,1,0
43-36,43,36,0,0
7-28,7,28,1,1
48-64,48,64,3,1
12-26,12,26,2,1
56-8,56,8,0,3
57-58,57,58,0,2
42-29,42,29,1,1
16-74,16,74,3,1
63-34,63,34,0,1
54-59,54,59,0,0
18-48,18,48,1,0
72-45,72,45,1,1
5-75,5,75,3,0
32-11,32,11,1,0
14-37,14,37,1,0
23-29,23,29,0,1
7-12,7,12,0,0
76-14,76,14,0,0
32-67,32,67,0,1
21-19,21,19,1,0
31-28,31,28,2,0
6-37,6,37,3,0
19-4,19,4,2,1
16-19,16,19,1,0
59-25,59,25,0,2
55-43,55,43,1,0
65-12,65,12,0,2
42-50,42,50,2,0
45-57,45,57,0,1
34-50,34,50,1,1
26-74,26,74,1,0
41-13,41,13,0,1
76-56,76,56,0,0
40-8,40,8,1,1
41-26,41,26,1,2
22-9,22,9,1,1
21-47,21,47,3,1
60-70,60,70,3,0
41-62,41,62,0,0
51-59,51,59,0,0
69-18,69,18,0,4
53-74,53,74,2,3
1-28,1,28,2,1
50-9,50,9,1,3
58-15,58,15,0,3
50-40,50,40,0,1
52-28,52,28,2,1
47-3,47,3,0,2
61-10,61,10,1,2
46-55,46,55,0,1
8-44,8,44,5,3
76-70,76,70,2,0
24-61,24,61,1,1
62-76,62,76,1,1
70-25,70,25,1,2
69-25,69,25,0,0
13-19,13,19,1,0
53-34,53,34,0,1
5-49,5,49,3,0
28-30,28,30,3,0
80-42,80,42,1,0
40-42,40,42,2,0
49-47,49,47,1,0
32-68,32,68,0,0
56-70,56,70,0,0
29-26,29,26,0,0
67-78,67,78,1,2
31-18,31,18,0,1
48-3,48,3,1,1
54-37,54,37,0,0
36-28,36,28,2,2
42-39,42,39,0,1
3-36,3,36,0,1
58-77,58,77,1,0
65-7,65,7,1,2
55-15,55,15,0,2
75-22,75,22,2,2
26-17,26,17,2,1
68-19,68,19,0,2
1-29,1,29,2,1
42-2,42,2,1,0
4-24,4,24,0,0
63-45,63,45,2,1
77-18,77,18,0,3
3-14,3,14,3,1
3-68,3,68,1,0
11-10,11,10,2,1
12-28,12,28,1,1
36-53,36,53,3,0
66-58,66,58,2,0
3-23,3,23,3,0
57-56,57,56,2,0
62-44,62,44,0,2
38-72,38,72,3,0
3-64,3,64,1,0
26-54,26,54,1,0
9-63,9,63,1,0
55-22,55,22,0,0
43-62,43,62,2,0
73-71,73,71,1,0
42-30,42,30,0,1
66-40,66,40,1,2
16-41,16,41,0,0
72-34,72,34,0,2
31-63,31,63,0,0
25-37,25,37,1,1
1-27,1,27,2,0
73-77,73,77,2,0
19-39,19,39,1,1
46-53,46,53,2,0
37-27,37,27,1,0
23-49,23,49,1,0
23-11,23,11,1,0
18-58,18,58,0,2
69-9,69,9,0,2
70-79,70,79,3,1
6-18,6,18,3,0
61-31,61,31,1,0
77-63,77,63,3,0
53-62,53,62,1,1
40-78,40,78,0,1
30-56,30,56,0,0
70-33,70,33,1,1
26-61,26,61,0,1
61-22,61,22,0,1
52-11,52,11,0,2
68-65,68,65,0,2
21-13,21,13,2,1
62-58,62,58,1,2
5-76,5,76,4,0
60-18,60,18,1,2
20-15,20,15,1,1
21-45,21,45,1,1
14-52,14,52,2,0
75-5,75,5,1,1
40-66,40,66,0,0
16-78,16,78,2,0
26-66,26,66,0,0
26-20,26,20,0,1
21-55,21,55,2,1
74-48,74,48,2,1
44-63,44,63,1,0
76-62,76,62,3,1
16-69,16,69,4,0
55-46,55,46,2,1
77-74,77,74,0,0
24-9,24,9,1,0
19-72,19,72,2,1
57-71,57,71,1,0
15-30,15,30,1,0
8-47,8,47,0,0
41-40,41,40,0,1
58-26,58,26,1,3
71-1,71,1,0,4
46-1,46,1,0,2
70-66,70,66,1,0
67-26,67,26,0,2
62-61,62,61,0,1
58-80,58,80,2,0
22-52,22,52,2,0
10-44,10,44,2,1
4-37,4,37,1,0
52-51,52,51,1,0
47-25,47,25,1,1
80-4,80,4,0,2
12-45,12,45,1,0
14-21,14,21,0,2
13-11,13,11,0,0
34-6,34,6,0,0
19-48,19,48,1,0
30-27,30,27,3,0
38-49,38,49,1,1
31-68,31,68,3,1
46-41,46,41,0,1
68-40,68,40,1,3
71-78,71,78,1,1
57-17,57,17,1,1
80-52,80,52,0,2
62-5,62,5,0,1
42-36,42,36,0,0
57-38,57,38,1,0
3-31,3,31,1,2
35-13,35,13,0,0
24-38,24,38,2,0
17-52,17,52,1,0
69-12,69,12,1,1
61-55,61,55,1,1
20-51,20,51,0,0
49-37,49,37,0,2
36-12,36,12,2,0
11-74,11,74,3,0
18-14,18,14,1,0
7-33,7,33,2,1
52-42,52,42,0,0
17-2,17,2,2,1
27-71,27,71,2,2
69-7,69,7,0,3
47-25,47,25,0,1
2-27,2,27,0,1
21-32,21,32,4,0
49-65,49,65,0,0
10-49,10,49,2,0
75-67,75,67,1,1
16-1,16,1,1,1
32-29,32,29,2,2
35-73,35,73,0,1
56-32,56,32,0,2
36-74,36,74,0,0
29-22,29,22,3,0
14-3,14,3,1,0
49-29,49,29,4,0
4-70,4,70,3,0
7-80,7,80,1,0
13-2,13,2,2,1
13-74,13,74,3,0
53-51,53,51,1,1
53-79,53,79,3,0
65-8,65,8,0,3
80-9,80,9,0,3
3-79,3,79,3,1
46-79,46,79,0,1
71-76,71,76,2,0
54-2,54,2,1,0
58-20,58,20,0,1
44-18,44,18,0,0
4-40,4,40,3,1
43-41,43,41,1,1
36-3,36,3,1,1
65-9,65,9,0,0
61-26,61,26,2,0
50-26,50,26,1,4
32-39,32,39,0,1
17-66,17,66,1,0
73-62,73,62,1,0
51-50,51,50,0,1
58-7,58,7,0,0
27-2,27,2,0,1
53-73,53,73,1,1
8-2,8,2,1,0
41-71,41,71,0,1
5-10,5,10,1,2
7-15,7,15,2,2
69-76,69,76,0,1
1-17,1,17,0,0
69-65,69,65,1,2
17-19,17,19,5,0
65-28,65,28,0,0
9-8,9,8,1,2
6-62,6,62,2,0
31-26,31,26,1,1
20-9,20,9,0,1
23-1,23,1,1,0
58-22,58,22,0,1
62-24,62,24,0,3
37-23,37,23,1,1
42-24,42,24,0,5
30-76,30,76,1,0
21-59,21,59,1,0
62-15,62,15,0,2
62-75,62,75,1,0
5-79,5,79,3,0
60-31,60,31,1,0
76-53,76,53,1,0
28-60,28,60,0,0
12-45,12,45,2,1
22-59,22,59,2,0
57-35,57,35,1,0
61-78,61,78,0,1
9-62,9,62,1,0
41-31,41,31,3,0
27-4,27,4,3,1
29-6,29,6,0,2
77-39,77,39,0,0
48-70,48,70,3,1
58-73,58,73,3,0
32-35,32,35,1,2
28-74,28,74,0,0
68-65,68,65,0,0
25-17,25,17,1,3
26-3,26,3,1,0
76-35,76,35,0,2
7-40,7,40,1,0
74-63,74,63,1,1
43-45,43,45,3,0
19-78,19,78,2,0
1-43,1,43,3,1
40-76,40,76,0,1
4-45,4,45,0,0
68-8,68,8,0,2
46-36,46,36,0,1
55-35,55,35,2,1
52-22,52,22,0,0
80-34,80,34,1,2
6-13,6,13,1,0
18-59,18,59,2,0
8-12,8,12,0,0
19-54,19,54,1,1
12-11,12,11,0,1
47-76,47,76,1,0
26-40,26,40,1,0
25-66,25,66,5,0
72-64,72,64,1,0
45-75,45,75,3,0
2-7,2,7,2,0
23-57,23,57,3,1
16-32,16,32,1,0
57-15,57,15,1,2
63-67,63,67,3,1
29-18,29,18,0,1
34-14,34,14,1,1
46-77,46,77,3,0
56-30,56,30,0,2
80-60,80,60,1,2
50-79,50,79,2,0
50-11,50,11,0,4
73-40,73,40,1,0
51-71,51,71,0,1
74-44,74,44,0,1
79-73,79,73,1,0
36-50,36,50,1,0
49-3,49,3,1,0
79-51,79,51,2,0
46-12,46,12,0,3
62-2,62,2,0,1
24-75,24,75,1,0
19-70,19,70,1,0
10-13,10,13,0,4
16-59,16,59,1,0
54-37,54,37,0,3
44-58,44,58,1,0
24-72,24,72,2,0
22-59,22,59,2,0
26-42,26,42,3,0
76-7,76,7,0,0
54-33,54,33,0,1
11-77,11,77,2,0
68-59,68,59,1,1
11-72,11,72,0,0
29-50,29,50,2,1
54-73,54,73,2,0
59-44,59,44,0,0
41-77,41,77,1,0
47-38,47,38,0,1
10-1,10,1,0,1
44-30,44,30,1,1
36-26,36,26,2,1
76-38,76,38,1,3
46-78,46,78,1,0
63-44,63,44,3,2
38-2,38,2,2,2
75-71,75,71,0,0
1-43,1,43,2,0
14-5,14,5,2,2
35-32,35,32,1,1
67-33,67,33,0,1
43-22,43,22,1,2
61-2,61,2,0,1
46-29,46,29,0,1
75-20,75,20,1,3
41-8,41,8,0,2
59-11,59,11,1,1
43-58,43,58,1,1
6-64,6,64,1,1
38-13,38,13,2,2
25-62,25,62,0,0
4-57,4,57,3,1
38-39,38,39,3,0
2-57,2,57,3,1
5-11,5,11,0,1
68-31,68,31,1,2
69-76,69,76,1,1
64-1,64,1,0,3
1-49,1,49,2,0
46-6,46,6,0,1
76-28,76,28,0,1
46-8,46,8,0,1
14-52,14,52,2,0
58-67,58,67,1,0
10-49,10,49,1,1
10-31,10,31,0,0
21-79,21,79,3,1
29-21,29,21,1,0
1-49,1,49,3,0
60-37,60,37,1,1
39-43,39,43,0,1
53-54,53,54,0,1
65-52,65,52,0,5
33-53,33,53,2,1
41-27,41,27,1,0
31-80,31,80,0,1
12-62,12,62,2,0
23-43,23,43,1,0
24-30,24,30,2,0
73-71,73,71,1,0
23-52,23,52,0,0
3-65,3,65,1,0
43-56,43,56,2,2
41-34,41,34,0,1
80-32,80,32,0,1
8-7,8,7,0,1
63-14,63,14,0,2
1-62,1,62,1,1
48-2,48,2,0,1
34-12,34,12,1,2
47-61,47,61,0,0
25-23,25,23,1,1
25-52,25,52,1,0
75-80,75,80,2,0
73-52,73,52,0,2
60-26,60,26,1,0
64-61,64,61,0,3
27-16,27,16,0,1
45-12,45,12,0,1
60-44,60,44,0,0
64-5,64,5,0,1
15-62,15,62,2,0
42-2,42,2,0,1
19-58,19,58,1,0
16-20,16,20,1,0
11-47,11,47,1,0
37-65,37,65,4,0
56-34,56,34,0,1
62-29,62,29,1,3
7-63,7,63,0,0
40-73,40,73,2,0
72-32,72,32,0,0
55-32,55,32,1,1
44-79,44,79,0,0
64-38,64,38,0,1
14-41,14,41,0,0
59-53,59,53,1,0
69-61,69,61,1,0
51-17,51,17,1,2
14-46,14,46,2,0
29-1,29,1,0,1
13-57,13,57,2,1
25-71,25,71,1,0
7-77,7,77,1,2
36-41,36,41,2,1
75-16,75,16,0,1
74-6,74,6,0,0
18-73,18,73,3,0
73-33,73,33,0,2
66-71,66,71,0,0
8-30,8,30,1,2
50-8,50,8,1,2
24-79,24,79,1,1
50-23,50,23,3,0
32-48,32,48,2,0
49-44,49,44,1,0
57-25,57,25,1,1
39-50,39,50,2,1
24-37,24,37,2,0
3-45,3,45,0,0
27-7,27,7,0,0
67-4,67,4,1,1
37-5,37,5,1,1
64-70,64,70,1,0
60-64,60,64,1,0
16-65,16,65,2,0
5-52,5,52,4,0
25-33,25,33,1,0
65-59,65,59,2,0
64-23,64,23,1,0
27-29,27,29,3,2
36-40,36,40,1,0
52-39,52,39,0,1
76-40,76,40,1,1
37-6,37,6,2,1
23-40,23,40,3,3
26-79,26,79,1,0
32-11,32,11,1,2
6-55,6,55,1,0
26-50,26,50,0,1
58-3,58,3,0,0
59-7,59,7,1,2
18-11,18,11,2,3
46-72,46,72,0,0
68-55,68,55,0,1
34-11,34,11,0,1
7-62,7,62,2,1
11-6,11,6,1,0
23-40,23,40,2,0
60-67,60,67,0,1
78-76,78,76,1,1
62-55,62,55,0,3
73-19,73,19,1,0
14-24,14,24,1,0
43-61,43,61,1,0
45-43,45,43,0,0
47-60,47,60,1,0
9-75,9,75,4,0
15-41,15,41,1,0
8-24,8,24,2,1
46-16,46,16,0,0
16-44,16,44,2,1
69-7,69,7,1,1
11-75,11,75,3,0
80-38,80,38,0,3
50-56,50,56,1,1
16-65,16,65,0,0
49-12,49,12,0,1
63-4,63,4,1,3
24-16,24,16,2,2
52-8,52,8,0,0
63-24,63,24,0,0
44-17,44,17,1,0
46-40,46,40,2,0
79-40,79,40,1,3
57-33,57,33,2,3
79-51,79,51,2,0
8-65,8,65,3,0
70-74,70,74,0,0
23-63,23,63,1,1
68-56,68,56,0,1
60-20,60,20,0,0
56-46,56,46,1,0
27-74,27,74,0,0
10-72,10,72,2,0
52-64,52,64,2,0
61-9,61,9,0,3
32-55,32,55,1,0
24-25,24,25,0,0
57-60,57,60,0,0
14-57,14,57,2,0
19-38,19,38,0,1
54-64,54,64,1,1
71-55,71,55,0,6
20-50,20,50,1,0
74-75,74,75,1,0
66-27,66,27,0,0
74-72,74,72,0,0
28-75,28,75,1,0
5-68,5,68,0,1
68-52,68,52,0,1
13-46,13,46,2,1
69-48,69,48,0,1
43-76,43,76,1,1
77-31,77,31,0,2
9-58,9,58,1,0
18-1,18,1,1,1
26-46,26,46,0,2
18-76,18,76,0,1
26-45,26,45,4,0
52-72,52,72,3,0
24-42,24,42,2,1
53-78,53,78,2,0
3-19,3,19,0,1
66-65,66,65,2,1
68-35,68,35,0,1
75-67,75,67,0,0
26-59,26,59,1,0
40-46,40,46,2,2
73-46,73,46,0,1
30-22,30,22,2,1
57-38,57,38,0,0
19-2,19,2,1,0
14-35,14,35,2,0
2-4,2,4,1,1
37-55,37,55,2,0
53-14,53,14,0,4
44-14,44,14,1,1
40-59,40,59,2,0
77-76,77,76,1,2
5-12,5,12,2,0
34-58,34,58,0,0
64-32,64,32,1,2
6-76,6,76,2,0
18-11,18,11,1,1
74-55,74,55,0,2
47-63,47,63,1,1
36-35,36,35,1,0
44-74,44,74,3,0
1-46,1,46,1,0
3-11,3,11,2,1
13-2,13,2,3,0
54-40,54,40,0,1
26-23,26,23,3,0
62-57,62,57,0,0
18-9,18,9,2,0
13-47,13,47,3,1
3-75,3,75,3,0
75-72,75,72,0,2
74-47,74,47,1,2
54-35,54,35,0,1
35-65,35,65,1,0
47-39,47,39,0,2
21-62,21,62,3,0
15-5,15,5,2,1
13-76,13,76,2,0
39-52,39,52,2,0
5-36,5,36,0,1
63-61,63,61,3,0
12-60,12,60,2,0
49-5,49,5,0,0
34-63,34,63,2,0
38-25,38,25,0,1
19-28,19,28,0,0
76-59,76,59,1,4
33-29,33,29,2,1
64-79,64,79,1,0
69-61,69,61,0,1
79-14,79,14,1,4
50-72,50,72,1,1
30-9,30,9,1,1
11-79,11,79,0,0
17-30,17,30,0,0
41-24,41,24,0,0
33-20,33,20,1,1
12-40,12,40,1,1
25-58,25,58,0,1
62-37,62,37,0,3
40-36,40,36,0,1
43-37,43,37,2,2
72-10,72,10,1,1
59-55,59,55,0,1
61-49,61,49,0,2
41-78,41,78,2,0
34-51,34,51,2,0
52-51,52,51,1,1
65-52,65,52,0,1
28-17,28,17,1,1
40-79,40,79,2,0
76-69,76,69,2,0
53-12,53,12,1,1
78-54,78,54,1,0
67-23,67,23,0,2
72-45,72,45,0,1
65-66,65,66,0,1
24-47,24,47,1,1
15-18,15,18,1,2
72-55,72,55,0,1
26-54,26,54,1,1
10-28,10,28,1,1
59-69,59,69,1,0
2-11,2,11,0,1
16-21,16,21,0,1
78-71,78,71,1,2
73-79,73,79,2,1
51-57,51,57,3,0
17-19,17,19,2,2
55-70,55,70,0,2
50-13,50,13,1,0
32-59,32,59,1,0
36-77,36,77,2,0
17-75,17,75,3,1
41-4,41,4,0,0
17-15,17,15,0,2
28-33,28,33,2,0
73-20,73,20,0,2
41-61,41,61,1,1
34-56,34,56,2,1
77-7,77,7,1,0
31-25,31,25,1,3
10-13,10,13,0,1
76-68,76,68,0,1
49-31,49,31,0,1
74-7,74,7,0,2
38-44,38,44,1,1
44-46,44,46,1,0
72-74,72,74,1,0
73-19,73,19,0,1
68-12,68,12,0,1
19-51,19,51,1,0
10-47,10,47,3,0
70-33,70,33,1,1
28-62,28,62,1,1
3-26,3,26,2,0
2-60,2,60,5,0
20-60,20,60,2,2
28-46,28,46,2,0
69-52,69,52,2,2
77-61,77,61,0,0
33-29,33,29,3,0
6-78,6,78,1,0
37-24,37,24,1,1
10-34,10,34,4,0
54-70,54,70,4,3
31-76,31,76,1,0
3-39,3,39,1,1
17-65,17,65,1,0
9-8,9,8,4,0
14-22,14,22,1,1
72-77,72,77,1,1
37-78,37,78,3,0
34-63,34,63,3,0
34-49,34,49,3,0
37-70,37,70,1,0
27-76,27,76,1,2
65-58,65,58,0,0
28-70,28,70,2,0
45-58,45,58,0,0
55-14,55,14,1,0
42-63,42,63,0,0
53-24,53,24,0,1
55-5,55,5,0,1
68-14,68,14,0,2
47-80,47,80,0,0
40-50,40,50,1,0
60-71,60,71,2,2
18-39,18,39,1,1
33-30,33,30,0,2
47-77,47,77,0,0
17-43,17,43,2,0
42-68,42,68,1,1
22-25,22,25,0,0
24-54,24,54,0,0
80-38,80,38,0,0
39-60,39,60,1,0
58-71,58,71,1,1
11-8,11,8,1,1
72-8,72,8,1,1
24-16,24,16,1,1
60-5,60,5,0,0
66-24,66,24,1,1
25-63,25,63,0,0
70-79,70,79,0,0
61-71,61,71,0,1
27-37,27,37,2,0
27-28,27,28,2,0
21-12,21,12,1,1
8-40,8,40,4,0
16-8,16,8,3,0
58-40,58,40,1,0
52-19,52,19,3,3
80-79,80,79,2,0
32-66,32,66,3,1
62-57,62,57,0,0
56-6,56,6,0,1
21-4,21,4,1,3
35-51,35,51,2,0
44-32,44,32,0,1
70-49,70,49,2,1
19-28,19,28,1,0
65-57,65,57,0,0
13-24,13,24,0,0
36-44,36,44,1,0
43-35,43,35,0,1
38-44,38,44,2,0
3-29,3,29,0,1
20-79,20,79,1,1
47-31,47,31,0,0
20-75,20,75,2,0
47-49,47,49,1,1
61-54,61,54,2,1
72-52,72,52,2,0
59-63,59,63,1,1
31-72,31,72,0,0
30-77,30,77,1,2
12-7,12,7,1,2
34-7,34,7,0,2
26-3,26,3,2,1
26-56,26,56,1,1
22-37,22,37,1,1
45-65,45,65,0,0
40-31,40,31,1,0
43-7,43,7,0,1
50-6,50,6,1,4
26-11,26,11,0,0
45-24,45,24,2,1
13-41,13,41,1,1
31-49,31,49,2,0
22-65,22,65,1,1
12-67,12,67,0,1
18-26,18,26,1,1
38-80,38,80,0,0
21-37,21,37,0,1
46-32,46,32,0,0
13-44,13,44,0,0
31-51,31,51,4,1
32-28,32,28,2,0
8-60,8,60,2,0
64-26,64,26,0,5
13-43,13,43,2,0
39-16,39,16,2,1
20-12,20,12,3,0
49-55,49,55,0,0
71-52,71,52,0,1
53-71,53,71,3,1
54-2,54,2,0,0
39-53,39,53,1,0
27-79,27,79,1,3
11-10,11,10,0,1
12-21,12,21,0,2
65-8,65,8,0,1
26-33,26,33,1,1
80-31,80,31,0,2
80-53,80,53,1,1
30-18,30,18,0,2
76-77,76,77,0,0
77-72,77,72,2,1
29-9,29,9,1,1
12-37,12,37,0,2
60-21,60,21,1,0
47-36,47,36,1,2
7-18,7,18,2,0
19-78,19,78,1,0
31-58,31,58,1,1
12-59,12,59,0,1
44-9,44,9,0,2
55-68,55,68,2,0
45-67,45,67,0,0
49-20,49,20,0,1
20-19,20,19,1,1
34-15,34,15,1,0
43-62,43,62,0,0
76-62,76,62,0,0
41-20,41,20,1,1
64-42,64,42,1,2
3-39,3,39,0,2
41-6,41,6,1,5
27-72,27,72,3,0
3-56,3,56,2,1
46-73,46,73,4,0
40-68,40,68,3,0
76-36,76,36,0,1
42-20,42,20,1,2
79-6,79,6,1,0
4-60,4,60,3,1
44-25,44,25,0,0
13-18,13,18,0,1
77-76,77,76,2,2
11-37,11,37,1,2
15-4,15,4,0,1
74-32,74,32,0,1
78-22,78,22,0,3
51-24,51,24,2,3
29-80,29,80,3,0
72-33,72,33,2,2
16-17,16,17,0,0
15-30,15,30,1,1
56-5,56,5,0,0
18-76,18,76,3,0
14-13,14,13,3,2
69-36,69,36,1,2
15-19,15,19,1,1
24-35,24,35,0,1
67-45,67,45,1,2
49-16,49,16,1,2
75-39,75,39,1,0
71-51,71,51,0,0
20-8,20,8,1,0
51-16,51,16,1,3
30-16,30,16,1,0
56-10,56,10,0,3
47-2,47,2,0,2
58-80,58,80,1,2
30-45,30,45,1,0
57-9,57,9,1,1
79-80,79,80,1,1
40-35,40,35,0,1
3-12,3,12,1,0
19-17,19,17,3,1
70-12,70,12,0,2
14-52,14,52,1,1
35-53,35,53,2,0
19-55,19,55,1,0
35-36,35,36,0,0
39-31,39,31,2,1
69-12,69,12,1,1
37-11,37,11,1,3
28-78,28,78,3,1
11-4,11,4,3,0
59-56,59,56,1,0
9-38,9,38,0,0
6-78,6,78,3,0
37-9,37,9,3,1
47-14,47,14,0,1
61-33,61,33,1,0
20-73,20,73,1,1
55-35,55,35,0,0
46-58,46,58,0,1
39-49,39,49,1,0
70-45,70,45,1,2
74-27,74,27,0,2
62-20,62,20,1,0
16-23,16,23,1,0
10-46,10,46,0,1
1-30,1,30,2,1
40-17,40,17,0,2
8-76,8,76,1,1
22-49,22,49,1,0
79-11,79,11,0,4
57-69,57,69,1,0
73-79,73,79,0,1
54-65,54,65,1,2
26-23,26,23,1,1
53-37,53,37,1,1
15-51,15,51,0,0
44-15,44,15,0,1
14-4,14,4,0,2
39-33,39,33,1,1
58-56,58,56,1,0
43-35,43,35,0,3
34-59,34,59,3,2
62-44,62,44,1,2
44-45,44,45,1,0
18-75,18,75,0,0
38-62,38,62,2,0
18-69,18,69,2,1
55-62,55,62,1,0
73-70,73,70,0,1
30-7,30,7,1,0
32-48,32,48,4,0
24-66,24,66,2,0
56-79,56,79,0,0
15-16,15,16,2,1
5-7,5,7,0,1
57-39,57,39,0,0
28-35,28,35,2,2
69-32,69,32,0,2
52-70,52,70,0,0
6-53,6,53,2,1
67-54,67,54,0,1
28-78,28,78,2,0
71-79,71,79,0,1
21-1,21,1,4,1
56-62,56,62,1,1
40-57,40,57,1,1
30-73,30,73,1,0
27-11,27,11,1,0
11-50,11,50,2,0
4-44,4,44,2,0
44-17,44,17,0,1
25-43,25,43,0,0
79-6,79,6,1,2
66-6,66,6,0,1
54-42,54,42,3,0
22-12,22,12,0,0
24-27,24,27,0,2
73-67,73,67,0,1
21-57,21,57,1,0
28-56,28,56,0,0
2-32,2,32,1,1
14-22,14,22,1,1
24-48,24,48,2,0
56-27,56,27,1,0
40-55,40,55,4,1
8-50,8,50,1,0
25-69,25,69,3,0
64-24,64,24,0,2
28-26,28,26,0,0
16-22,16,22,2,4
72-75,72,75,1,0
5-12,5,12,0,1
22-25,22,25,1,2
4-50,4,50,2,0
69-63,69,63,0,2
42-18,42,18,0,1
72-45,72,45,1,2
26-32,26,32,0,2
65-71,65,71,1,0
61-58,61,58,2,0
69-17,69,17,0,1
64-27,64,27,0,3
56-42,56,42,1,1
4-24,4,24,2,1
80-23,80,23,0,0
77-58,77,58,0,1
34-77,34,77,3,0
12-69,12,69,5,0
44-5,44,5,1,3
16-77,16,77,2,1
55-18,55,18,1,2
71-65,71,65,2,1
74-47,74,47,0,0
35-4,35,4,1,1
21-9,21,9,2,0
19-42,19,42,0,0
31-57,31,57,4,0
63-26,63,26,2,1
42-7,42,7,0,2
37-41,37,41,1,0
45-23,45,23,1,1
59-76,59,76,4,0
46-18,46,18,1,4
31-54,31,54,3,0
61-22,61,22,0,2
70-33,70,33,0,1
72-3,72,3,1,2
2-34,2,34,0,0
30-15,30,15,1,1
48-17,48,17,1,1
43-51,43,51,0,0
23-45,23,45,0,0
17-27,17,27,2,1
34-3,34,3,2,1
45-68,45,68,1,0
29-1,29,1,0,1
70-42,70,42,2,1
5-15,5,15,1,0
70-71,70,71,0,1
64-24,64,24,0,0
66-7,66,7,0,0
40-2,40,2,1,1
60-64,60,64,0,0
41-51,41,51,2,0
26-5,26,5,2,1
76-55,76,55,0,1
60-38,60,38,1,0
41-1,41,1,0,1
10-45,10,45,2,0
29-5,29,5,1,2
1-15,1,15,2,0
73-65,73,65,1,0
23-45,23,45,1,0
78-9,78,9,1,0
39-61,39,61,1,0
20-51,20,51,1,2
75-62,75,62,2,1
27-26,27,26,2,0
30-48,30,48,3,0
35-1,35,1,1,1
60-2,60,2,0,1
66-15,66,15,1,2
75-50,75,50,0,1
12-61,12,61,1,0
71-17,71,17,0,1
40-42,40,42,0,1
64-74,64,74,0,0
59-33,59,33,0,2
67-17,67,17,1,2
56-18,56,18,1,2
31-17,31,17,0,2
13-30,13,30,0,0
48-30,48,30,0,1
68-26,68,26,0,3
16-23,16,23,3,0
40-5,40,5,1,1
22-16,22,16,2,3
29-5,29,5,1,0
64-61,64,61,0,0
48-56,48,56,0,1
50-19,50,19,1,3
49-63,49,63,1,1
40-9,40,9,1,1
48-25,48,25,1,2
33-24,33,24,1,1
59-64,59,64,5,0
38-18,38,18,0,1
78-69,78,69,2,2
37-73,37,73,3,0
13-77,13,77,0,1
24-47,24,47,2,0
3-6,3,6,2,0
66-42,66,42,2,2
13-11,13,11,1,0
66-10,66,10,0,0
5-16,5,16,2,0
34-64,34,64,2,0
54-18,54,18,0,0
58-63,58,63,0,2
43-53,43,53,1,1
56-58,56,58,0,0
9-21,9,21,1,1
64-24,64,24,0,1
21-49,21,49,1,0
40-80,40,80,1,2
10-40,10,40,2,1
67-47,67,47,0,1
50-46,50,46,1,2
77-25,77,25,0,2
35-65,35,65,2,0
9-63,9,63,1,1
55-10,55,10,2,1
48-77,48,77,3,1
23-58,23,58,1,3
55-5,55,5,0,0
68-44,68,44,1,0
75-12,75,12,0,1
38-64,38,64,1,1
34-49,34,49,1,0
72-74,72,74,1,0
38-19,38,19,1,1
55-66,55,66,0,0
78-46,78,46,1,3
65-45,65,45,1,0
42-27,42,27,0,0
76-43,76,43,0,1
79-66,79,66,2,0
23-3,23,3,1,3
21-26,21,26,1,0
30-74,30,74,0,0
61-26,61,26,1,1
74-45,74,45,0,2
26-22,26,22,2,0
65-16,65,16,0,4
60-37,60,37,1,1
70-47,70,47,1,1
36-72,36,72,3,2
44-52,44,52,1,0
13-24,13,24,0,0
17-57,17,57,1,1
54-35,54,35,1,1
71-30,71,30,0,1
33-46,33,46,1,0
48-49,48,49,0,0
26-35,26,35,1,0
47-54,47,54,1,0
65-34,65,34,3,3
17-75,17,75,0,0
53-52,53,52,0,1
1-14,1,14,2,1
36-40,36,40,0,1
58-38,58,38,1,2
52-32,52,32,0,1
44-22,44,22,0,0
4-71,4,71,1,0
23-42,23,42,2,0
36-49,36,49,4,0
75-13,75,13,0,2
72-77,72,77,0,1
4-43,4,43,3,1
80-20,80,20,0,1
76-38,76,38,0,2
72-75,72,75,2,0
30-8,30,8,1,1
1-24,1,24,0,0
53-67,53,67,4,0
29-52,29,52,2,1
14-20,14,20,1,1
79-19,79,19,0,0
74-27,74,27,0,1
31-68,31,68,0,0
62-40,62,40,0,1
4-79,4,79,2,3
2-43,2,43,2,1
53-60,53,60,0,2
4-41,4,41,0,0
80-23,80,23,1,1
22-32,22,32,0,1
44-38,44,38,0,2
80-9,80,9,0,1
35-7,35,7,0,1
18-59,18,59,2,0
22-72,22,72,1,0
71-23,71,23,0,2
4-30,4,30,0,0
27-2,27,2,0,1
13-75,13,75,2,1
57-11,57,11,0,0
77-61,77,61,1,1
67-50,67,50,0,1
1-70,1,70,2,3
80-38,80,38,0,3
58-25,58,25,0,3
28-14,28,14,0,0
10-62,10,62,0,0
61-14,61,14,0,2
58-63,58,63,0,0
23-16,23,16,0,0
54-14,54,14,0,3
72-8,72,8,0,4
78-62,78,62,3,1
12-25,12,25,1,0
1-33,1,33,1,0
9-79,9,79,1,0
32-54,32,54,1,1
74-55,74,55,0,2
72-16,72,16,0,1
33-36,33,36,1,0
24-60,24,60,2,0
27-67,27,67,4,0
37-28,37,28,0,1
23-15,23,15,1,1
16-41,16,41,0,0
52-23,52,23,1,0
68-48,68,48,0,1
79-34,79,34,0,1
62-48,62,48,0,3
56-69,56,69,1,0
43-65,43,65,1,1
61-77,61,77,1,1
27-71,27,71,0,0
57-31,57,31,1,0
63-44,63,44,1,0
13-27,13,27,1,1
45-56,45,56,2,1
10-53,10,53,3,0
36-7,36,7,0,1
8-11,8,11,2,1
73-35,73,35,1,0
21-28,21,28,0,0
28-48,28,48,2,0
61-18,61,18,0,1
14-38,14,38,5,0
63-14,63,14,0,2
33-77,33,77,4,0
59-24,59,24,1,0
71-43,71,43,2,0
54-62,54,62,1,1
3-31,3,31,2,0
41-29,41,29,1,1
31-57,31,57,2,1
42-23,42,23,0,0
53-61,53,61,2,0
16-19,16,19,1,3
77-42,77,42,2,1
45-43,45,43,1,3
52-76,52,76,2,2
63-52,63,52,2,0
8-22,8,22,0,0
37-7,37,7,1,1
39-13,39,13,1,0
9-70,9,70,1,2
74-9,74,9,0,1
8-69,8,69,0,1
5-30,5,30,2,1
29-9,29,9,1,2
35-72,35,72,4,0
77-44,77,44,1,3
21-52,21,52,0,1
3-55,3,55,3,0
69-37,69,37,0,0
31-52,31,52,0,0
59-5,59,5,2,0
24-1,24,1,0,1
23-2,23,2,0,1
63-38,63,38,1,1
75-19,75,19,0,0
13-51,13,51,2,0
55-77,55,77,1,0
19-73,19,73,2,0
10-73,10,73,3,1
5-66,5,66,2,0
42-26,42,26,0,1
17-62,17,62,4,0
80-66,80,66,1,2
18-43,18,43,2,1
55-65,55,65,2,1
55-36,55,36,1,1
78-43,78,43,0,3
72-74,72,74,3,1
57-50,57,50,0,1
74-37,74,37,0,1
21-33,21,33,3,1
48-45,48,45,0,0
27-38,27,38,1,1
27-51,27,51,2,0
19-80,19,80,4,0
62-52,62,52,0,1
7-8,7,8,1,0
53-11,53,11,3,1
29-5,29,5,1,2
3-36,3,36,3,0
51-7,51,7,0,1
48-23,48,23,1,0
9-70,9,70,1,0
39-16,39,16,0,0
41-69,41,69,0,1
42-59,42,59,2,1
32-65,32,65,1,0
32-71,32,71,3,1
14-39,14,39,0,1
65-76,65,76,0,1
6-58,6,58,0,0
20-13,20,13,1,1
44-16,44,16,1,0
3-79,3,79,2,0
41-13,41,13,0,0
69-59,69,59,1,2
49-1,49,1,0,1
4-39,4,39,2,2
9-50,9,50,2,0
22-14,22,14,0,0
72-36,72,36,1,1
3-17,3,17,0,1
47-59,47,59,2,0
63-38,63,38,1,1
66-36,66,36,0,0
60-76,60,76,1,0
77-63,77,63,1,0
66-53,66,53,2,2
17-79,17,79,0,1
36-19,36,19,1,0
52-35,52,35,2,1
70-10,70,10,0,1
37-45,37,45,2,0
77-49,77,49,1,2
53-4,53,4,2,1
64-77,64,77,0,2
55-20,55,20,0,0
5-32,5,32,1,1
76-52,76,52,3,2
54-8,54,8,0,2
41-69,41,69,0,0
3-15,3,15,1,2
80-15,80,15,0,1
21-57,21,57,1,0
63-1,63,1,1,1
80-51,80,51,0,2
2-1,2,1,1,1
47-68,47,68,2,0
70-64,70,64,2,1
63-77,63,77,1,0
79-39,79,39,0,3
45-53,45,53,1,1
76-74,76,74,2,0
22-35,22,35,0,2
48-47,48,47,1,1
27-71,27,71,4,0
39-77,39,77,0,0
31-68,31,68,4,0
35-71,35,71,1,1
44-25,44,25,0,0
42-79,42,79,3,1
7-33,7,33,1,1
56-17,56,17,0,0
74-58,74,58,1,1
13-63,13,63,1,0
14-61,14,61,2,1
75-2,75,2,0,0
37-11,37,11,1,3
14-19,14,19,1,0
37-66,37,66,1,1
41-63,41,63,2,0
69-58,69,58,0,1
32-44,32,44,4,0
71-49,71,49,2,0
39-5,39,5,1,1
14-46,14,46,1,1
4-34,4,34,1,1
65-38,65,38,0,2
58-18,58,18,0,2
20-18,20,18,2,0
15-14,15,14,1,2
15-52,15,52,2,0
78-80,78,80,2,0
26-10,26,10,0,2
15-64,15,64,3,1
58-10,58,10,1,2
15-64,15,64,0,0
8-29,8,29,2,0
29-25,29,25,1,3
25-42,25,42,0,0
20-39,20,39,1,0
77-16,77,16,1,1
7-72,7,72,4,0
26-36,26,36,0,0
60-46,60,46,0,0
56-76,56,76,3,0
2-58,2,58,0,1
14-65,14,65,3,0
42-3,42,3,0,2
66-20,66,20,0,1
24-35,24,35,0,2
80-33,80,33,1,0
52-76,52,76,1,0
72-48,72,48,0,2
4-74,4,74,0,1
79-1,79,1,2,1
80-16,80,16,0,2
5-30,5,30,1,1
48-13,48,13,0,1
77-64,77,64,1,0
80-72,80,72,2,0
56-48,56,48,1,0
70-52,70,52,1,1
29-25,29,25,0,0
17-73,17,73,2,0
40-32,40,32,0,0
37-16,37,16,1,0
80-25,80,25,1,0
10-75,10,75,2,0
70-55,70,55,0,0
42-3,42,3,0,3
44-53,44,53,2,3
36-50,36,50,0,0
21-32,21,32,1,1
78-43,78,43,0,0
29-22,29,22,0,0
47-34,47,34,0,1
43-57,43,57,0,2
75-18,75,18,0,1
45-3,45,3,1,1
56-29,56,29,2,1
20-18,20,18,0,0
38-47,38,47,2,0
5-15,5,15,1,0
35-59,35,59,0,1
11-2,11,2,1,1
64-26,64,26,0,3
75-74,75,74,2,2
68-39,68,39,0,1
45-54,45,54,1,2
1-28,1,28,1,3
67-22,67,22,0,3
45-64,45,64,3,2
19-5,19,5,0,1
70-72,70,72,0,0
69-52,69,52,2,1
31-6,31,6,1,2
29-21,29,21,2,1
7-57,7,57,1,0
31-30,31,30,0,1
2-6,2,6,1,0
71-64,71,64,0,1
5-58,5,58,2,0
75-13,75,13,1,1
70-38,70,38,0,1
11-69,11,69,0,0
79-50,79,50,1,1
3-24,3,24,1,1
9-57,9,57,1,0
48-32,48,32,1,1
21-59,21,59,1,1
6-23,6,23,1,1
45-29,45,29,1,2
46-64,46,64,1,0
7-30,7,30,1,1
18-56,18,56,1,0
40-45,40,45,0,0
73-22,73,22,1,3
45-41,45,41,1,0
43-1,43,1,0,2
24-72,24,72,4,1
52-13,52,13,2,0
44-55,44,55,0,3
68-48,68,48,0,2
14-67,14,67,1,1
69-40,69,40,2,2
14-78,14,78,1,0
26-77,26,77,0,0
41-63,41,63,3,1
15-42,15,42,3,0
5-63,5,63,2,0
3-48,3,48,0,0
8-79,8,79,2,0
73-12,73,12,0,0
23-38,23,38,1,0
70-76,70,76,1,1
34-31,34,31,1,0
10-24,10,24,2,0
33-11,33,11,1,2
17-35,17,35,2,0
79-74,79,74,1,1
10-62,10,62,1,0
57-1,57,1,0,1
34-38,34,38,2,0
52-4,52,4,1,1
33-79,33,79,4,0
26-14,26,14,1,0
31-1,31,1,0,0
77-22,77,22,0,0
29-34,29,34,3,0
11-25,11,25,1,0
26-51,26,51,2,1
17-5,17,5,1,3
29-62,29,62,0,0
26-15,26,15,0,0
59-64,59,64,0,0
34-17,34,17,1,1
3-5,3,5,1,1
20-63,20,63,1,2
18-29,18,29,3,2
64-73,64,73,0,3
61-19,61,19,1,0
67-75,67,75,2,2
23-11,23,11,1,2
24-43,24,43,0,2
7-32,7,32,1,0
64-14,64,14,1,2
1-22,1,22,2,1
56-71,56,71,1,0
48-63,48,63,0,0
8-53,8,53,1,1
22-64,22,64,2,0
6-20,6,20,1,0
24-48,24,48,4,1
71-59,71,59,0,0
26-10,26,10,0,4
29-39,29,39,0,2
70-24,70,24,1,0
41-78,41,78,1,2
45-17,45,17,0,1
65-75,65,75,1,1
35-56,35,56,1,0
22-75,22,75,1,0
76-77,76,77,2,1
13-28,13,28,2,0
19-14,19,14,2,1
26-53,26,53,2,0
67-36,67,36,0,4
70-5,70,5,0,1
4-27,4,27,0,1
12-15,12,15,2,0
19-37,19,37,2,0
27-79,27,79,2,0
32-63,32,63,1,0
47-25,47,25,0,0
43-8,43,8,1,0
11-20,11,20,1,1
33-32,33,32,0,1
19-50,19,50,2,1
21-17,21,17,2,1
71-61,71,61,1,2
80-75,80,75,1,1
11-31,11,31,2,1
9-50,9,50,2,0
42-8,42,8,0,1
28-76,28,76,1,0
63-75,63,75,2,0
34-24,34,24,0,1
75-80,75,80,2,2
31-18,31,18,1,1
43-3,43,3,0,3
19-54,19,54,1,1
2-47,2,47,1,1
69-37,69,37,0,1
13-26,13,26,3,1
28-66,28,66,2,0
65-5,65,5,0,2
21-76,21,76,1,0
20-80,20,80,3,0
8-36,8,36,3,1
50-64,50,64,5,0
33-19,33,19,0,0
66-73,66,73,0,3
2-41,2,41,3,1
45-23,45,23,0,2
3-75,3,75,1,0
53-41,53,41,0,2
56-19,56,19,0,3
33-24,33,24,1,0
46-19,46,19,0,1
59-50,59,50,1,0
66-10,66,10,0,3
1-15,1,15,1,1
34-68,34,68,3,0
36-76,36,76,0,0
39-49,39,49,1,0
29-53,29,53,2,0
61-51,61,51,0,1
76-45,76,45,1,1
9-2,9,2,0,0
61-27,61,27,0,0
33-28,33,28,2,0
45-35,45,35,1,2
21-79,21,79,2,0
32-43,32,43,1,0
74-37,74,37,0,1
76-2,76,2,0,3
16-78,16,78,4,0
25-61,25,61,1,0
43-30,43,30,1,1
68-32,68,32,0,1
36-29,36,29,1,0
33-26,33,26,1,1
62-17,62,17,0,2
51-80,51,80,2,1
62-76,62,76,2,2
34-48,34,48,1,1
26-57,26,57,0,0
62-1,62,1,2,4
23-44,23,44,1,1
14-18,14,18,1,1
12-67,12,67,3,0
26-75,26,75,3,0
18-13,18,13,2,0
48-31,48,31,0,3
27-67,27,67,1,0
60-76,60,76,0,0
6-64,6,64,1,0
44-25,44,25,1,0
60-29,60,29,1,1
15-49,15,49,0,2
11-80,11,80,2,0
54-56,54,56,1,1
71-72,71,72,1,0
32-26,32,26,0,0
56-47,56,47,1,0
21-8,21,8,1,1
37-15,37,15,1,2
43-24,43,24,1,0
61-52,61,52,2,1
11-31,11,31,3,1
79-20,79,20,1,2
30-22,30,22,0,0
52-23,52,23,1,1
10-4,10,4,1,0
71-76,71,76,1,2
20-31,20,31,1,0
5-68,5,68,1,0
69-27,69,27,0,1
20-73,20,73,0,0
71-25,71,25,0,0
43-48,43,48,0,0
11-42,11,42,1,0
79-48,79,48,0,1
48-36,48,36,0,2
17-55,17,55,3,0
80-11,80,11,1,1
2-5,2,5,1,2
5-2,5,2,0,1
7-12,7,12,2,2
75-55,75,55,1,0
73-57,73,57,0,2
24-51,24,51,0,1
35-68,35,68,1,1
16-53,16,53,1,0
65-15,65,15,0,5
50-61,50,61,1,1
13-66,13,66,2,1
29-16,29,16,0,0
9-10,9,10,2,0
53-68,53,68,0,0
23-25,23,25,0,1
15-74,15,74,2,0
51-73,51,73,1,0
29-35,29,35,2,1
16-6,16,6,2,2
79-74,79,74,1,0
19-8,19,8,0,2
10-78,10,78,1,0
41-64,41,64,1,0
75-51,75,51,0,3
5-27,5,27,2,2
1-47,1,47,3,0
35-58,35,58,3,0
15-42,15,42,0,0
32-69,32,69,2,0
18-41,18,41,1,0
11-57,11,57,1,0
80-42,80,42,0,1
69-50,69,50,0,3
34-38,34,38,0,1
41-34,41,34,1,0
9-68,9,68,3,1
61-10,61,10,1,3
5-1,5,1,1,1
63-60,63,60,4,0
38-27,38,27,0,3
35-42,35,42,2,0
53-40,53,40,0,0
53-58,53,58,1,1
29-62,29,62,1,0
21-31,21,31,2,0
42-20,42,20,0,3
29-14,29,14,1,0
27-76,27,76,0,2
57-7,57,7,0,1
50-27,50,27,1,1
5-35,5,35,2,0
12-8,12,8,3,1
64-18,64,18,1,1
2-44,2,44,3,1
64-68,64,68,1,0
80-79,80,79,2,0
25-74,25,74,3,0
47-6,47,6,0,3
70-37,70,37,0,1
71-61,71,61,2,3
65-31,65,31,0,2
25-10,25,10,1,1
67-32,67,32,2,0
43-2,43,2,1,1
52-73,52,73,1,0
43-71,43,71,1,0
7-34,7,34,1,1
63-34,63,34,1,0
11-70,11,70,3,0
48-75,48,75,2,0
69-32,69,32,0,2
62-29,62,29,0,3
13-43,13,43,3,1
45-59,45,59,2,0
39-24,39,24,0,1
31-37,31,37,1,1
57-20,57,20,2,1
34-24,34,24,2,0
26-63,26,63,2,0
73-37,73,37,1,4
62-42,62,42,2,0
16-29,16,29,2,0
52-20,52,20,1,1
40-62,40,62,1,0
26-1,26,1,0,1
45-66,45,66,2,1
8-56,8,56,2,0
68-59,68,59,1,2
3-63,3,63,3,1
2-32,2,32,1,0
9-36,9,36,0,0
76-61,76,61,1,1
36-73,36,73,1,0
55-69,55,69,4,0
8-12,8,12,3,2
35-62,35,62,3,1
79-66,79,66,2,0
44-38,44,38,0,0
21-52,21,52,3,0
36-79,36,79,0,0
32-28,32,28,1,1
40-23,40,23,1,0
11-29,11,29,4,1
25-33,25,33,1,1
34-65,34,65,2,0
58-41,58,41,0,0
6-54,6,54,1,0
37-55,37,55,2,0
63-28,63,28,0,1
45-21,45,21,1,2
76-70,76,70,1,1
2-39,2,39,1,0
17-40,17,40,2,0
14-3,14,3,1,0
62-19,62,19,0,0
43-53,43,53,1,2
33-79,33,79,0,0
14-80,14,80,3,0
79-67,79,67,3,0
36-71,36,71,2,1
5-70,5,70,0,1
21-10,21,10,0,2
34-36,34,36,1,1
55-3,55,3,1,0
31-12,31,12,0,0
42-34,42,34,2,1
6-45,6,45,1,0
44-62,44,62,5,0
1-60,1,60,0,0
61-75,61,75,2,2
14-49,14,49,1,1
64-60,64,60,1,1
36-73,36,73,3,0
59-77,59,77,2,0
58-18,58,18,2,3
64-79,64,79,0,2
35-41,35,41,1,0
79-31,79,31,0,0
41-28,41,28,1,1
76-43,76,43,1,1
73-56,73,56,0,0
17-76,17,76,1,0
58-30,58,30,1,1
18-27,18,27,1,0
2-39,2,39,2,0
71-10,71,10,0,3
13-8,13,8,0,1
4-27,4,27,0,1
27-19,27,19,1,1
44-57,44,57,0,2
59-45,59,45,1,0
46-6,46,6,1,0
68-33,68,33,0,1
57-29,57,29,2,1
33-27,33,27,0,0
24-36,24,36,1,1
46-69,46,69,1,0
20-5,20,5,3,0
39-50,39,50,0,1
4-17,4,17,0,0
76-11,76,11,1,1
59-43,59,43,1,0
56-63,56,63,4,0
55-54,55,54,1,2
40-19,40,19,0,0
13-56,13,56,1,1
31-55,31,55,0,0
40-23,40,23,0,1
34-74,34,74,2,0
29-6,29,6,1,1
30-18,30,18,2,0
59-57,59,57,2,2
20-8,20,8,2,2
18-4,18,4,1,0
8-32,8,32,0,1
12-74,12,74,0,1
79-55,79,55,1,0
55-20,55,20,0,3
22-80,22,80,3,2
50-9,50,9,0,2
59-60,59,60,0,1
11-51,11,51,1,0
64-37,64,37,1,0
62-72,62,72,0,1
17-11,17,11,2,0
18-76,18,76,1,1
8-54,8,54,2,0
13-44,13,44,1,0
35-60,35,60,0,0
18-4,18,4,0,2
70-52,70,52,0,1
15-34,15,34,4,0
29-54,29,54,1,3
7-39,7,39,2,0
63-38,63,38,1,1
71-47,71,47,2,0
12-34,12,34,0,1
70-27,70,27,0,2
19-79,19,79,0,0
41-78,41,78,2,0
75-9,75,9,0,1
49-24,49,24,0,0
70-67,70,67,1,1
68-71,68,71,1,0
20-68,20,68,4,0
56-67,56,67,0,0
13-6,13,6,0,2
21-4,21,4,0,0
61-21,61,21,0,0
65-41,65,41,1,2
36-10,36,10,0,1
38-40,38,40,1,0
2-7,2,7,0,2
51-49,51,49,0,1
15-16,15,16,0,1
15-30,15,30,0,0
5-43,5,43,1,1
8-16,8,16,2,0
47-22,47,22,0,2
41-57,41,57,1,1
41-44,41,44,2,2
38-12,38,12,0,2
51-60,51,60,1,0
5-53,5,53,0,0
6-73,6,73,1,0
40-13,40,13,0,1
14-1,14,1,2,1
75-4,75,4,0,2
14-76,14,76,3,0
75-43,75,43,1,2
53-49,53,49,0,0
43-4,43,4,0,1
20-46,20,46,3,2
74-67,74,67,2,1
60-22,60,22,1,3
25-22,25,22,1,0
16-19,16,19,3,1
45-5,45,5,0,0
48-32,48,32,0,0
1-57,1,57,2,0
76-60,76,60,1,0
42-21,42,21,2,1
5-47,5,47,3,0
47-28,47,28,0,0
47-25,47,25,1,1
56-40,56,40,0,2
35-8,35,8,1,1
67-5,67,5,1,0
6-15,6,15,1,0
22-71,22,71,2,0
47-79,47,79,0,0
40-32,40,32,0,1
39-11,39,11,1,2
42-47,42,47,4,0
47-30,47,30,1,1
29-30,29,30,1,0
71-25,71,25,0,0
51-20,51,20,0,1
61-28,61,28,1,1
65-54,65,54,0,2
31-55,31,55,0,2
44-71,44,71,2,0
60-39,60,39,2,0
26-7,26,7,1,0
63-78,63,78,2,0
12-39,12,39,2,0
42-52,42,52,2,0
16-50,16,50,2,1
1-50,1,50,3,0
47-3,47,3,0,3
16-71,16,71,4,0
42-72,42,72,1,0
13-34,13,34,3,1
22-10,22,10,1,2
18-79,18,79,1,0
73-10,73,10,0,0
45-38,45,38,1,0
49-42,49,42,1,0
31-50,31,50,0,0
57-12,57,12,1,2
26-80,26,80,2,1
31-9,31,9,2,0
2-45,2,45,1,0
68-59,68,59,0,2
80-73,80,73,1,0
15-22,15,22,1,2
68-35,68,35,0,2
28-47,28,47,0,0
51-56,51,56,1,0
7-45,7,45,4,1
17-66,17,66,4,0
49-17,49,17,0,3
30-50,30,50,1,0
41-28,41,28,3,1
26-80,26,80,1,0
55-68,55,68,2,0
9-29,9,29,3,0
22-45,22,45,2,0
73-63,73,63,1,0
52-13,52,13,0,2
39-67,39,67,3,0
3-36,3,36,2,1
32-9,32,9,1,1
17-57,17,57,3,0
58-80,58,80,0,1
20-51,20,51,3,0
39-38,39,38,0,0
21-72,21,72,4,0
67-29,67,29,1,2
55-20,55,20,0,0
26-6,26,6,2,0
10-72,10,72,1,0
75-18,75,18,1,1
29-42,29,42,0,1
63-41,63,41,0,2
8-28,8,28,2,1
75-51,75,51,0,2
69-15,69,15,0,2
29-36,29,36,4,1
35-11,35,11,1,2
11-49,11,49,1,0
1-79,1,79,1,0
64-73,64,73,0,1
52-46,52,46,1,0
2-15,2,15,1,1
53-20,53,20,1,2
29-22,29,22,0,1
38-37,38,37,3,0
42-69,42,69,0,2
50-67,50,67,2,0
5-11,5,11,3,0
51-1,51,1,1,1
57-44,57,44,1,1
18-24,18,24,1,1
30-55,30,55,1,0
28-14,28,14,1,1
21-74,21,74,0,0
53-57,53,57,1,1
57-69,57,69,2,0
14-41,14,41,4,0
65-50,65,50,0,2
15-19,15,19,1,0
9-48,9,48,1,2
37-25,37,25,0,0
78-57,78,57,1,1
22-41,22,41,1,3
44-39,44,39,0,1
72-49,72,49,0,2
31-71,31,71,4,1
3-13,3,13,3,0
12-58,12,58,3,1
11-59,11,59,4,0
48-19,48,19,0,0
40-27,40,27,0,2
25-22,25,22,2,2
52-28,52,28,0,1
26-30,26,30,1,0
65-34,65,34,0,2
42-74,42,74,3,0
69-11,69,11,0,0
60-20,60,20,0,2
67-50,67,50,0,0
4-54,4,54,1,1
25-1,25,1,1,0
58-50,58,50,1,0
28-5,28,5,0,1
18-14,18,14,2,0
5-27,5,27,2,1
78-52,78,52,0,1
46-80,46,80,1,0
80-7,80,7,1,1
62-50,62,50,0,3
61-30,61,30,2,1
10-24,10,24,1,0
22-71,22,71,2,0
70-41,70,41,1,1
11-8,11,8,1,1
23-17,23,17,0,1
1-58,1,58,2,0
14-1,14,1,0,0
67-49,67,49,1,1
32-68,32,68,3,0
5-14,5,14,3,2
61-1,61,1,0,2
51-65,51,65,2,1
27-71,27,71,2,0
29-79,29,79,0,0
16-61,16,61,2,0
32-21,32,21,3,0
64-32,64,32,0,0
34-69,34,69,1,0
27-4,27,4,0,2
33-7,33,7,2,0
20-44,20,44,3,0
77-58,77,58,2,0
54-75,54,75,3,1
79-61,79,61,1,0
5-40,5,40,2,1
59-44,59,44,0,0
80-12,80,12,0,1
44-46,44,46,1,2
7-34,7,34,1,0
68-76,68,76,1,0
49-9,49,9,0,1
39-63,39,63,2,0
61-73,61,73,0,1
27-55,27,55,1,1
8-69,8,69,3,0
41-5,41,5,0,2
57-77,57,77,0,0
10-50,10,50,1,1
10-59,10,59,1,1
50-72,50,72,0,0
39-20,39,20,1,0
18-61,18,61,3,0
10-19,10,19,0,3
32-34,32,34,1,0
19-31,19,31,3,0
45-16,45,16,1,0
46-19,46,19,0,1
13-52,13,52,2,0
72-11,72,11,2,1
30-3,30,3,2,3
54-8,54,8,1,0
16-8,16,8,0,1
61-30,61,30,0,1
50-17,50,17,1,2
23-39,23,39,0,0
42-52,42,52,1,1
17-16,17,16,1,1
8-42,8,42,3,0
26-2,26,2,1,1
61-13,61,13,0,4
34-35,34,35,0,0
44-6,44,6,0,4
12-71,12,71,2,0
8-48,8,48,1,0
5-11,5,11,2,0
23-16,23,16,0,0
45-11,45,11,1,5
34-9,34,9,0,1
64-63,64,63,1,0
32-25,32,25,2,0
27-43,27,43,2,0
60-52,60,52,0,0
43-59,43,59,2,0
15-35,15,35,1,1
2-38,2,38,3,1
73-15,73,15,0,1
54-80,54,80,1,1
40-32,40,32,2,0
63-46,63,46,0,2
78-69,78,69,1,0
40-13,40,13,0,1
73-28,73,28,1,1
15-5,15,5,2,1
80-2,80,2,0,2
58-44,58,44,1,2
72-13,72,13,0,2
4-19,4,19,1,0
2-54,2,54,2,2
47-44,47,44,3,0
60-62,60,62,0,0
70-52,70,52,0,1
14-5,14,5,0,0
64-9,64,9,0,2
74-26,74,26,0,0
30-45,30,45,2,0
38-28,38,28,1,0
32-80,32,80,6,0
34-24,34,24,2,2
57-38,57,38,1,0
43-59,43,59,1,2
66-61,66,61,0,1
75-30,75,30,2,2
62-70,62,70,0,1
4-10,4,10,1,1
18-72,18,72,0,0
53-69,53,69,1,0
61-25,61,25,0,1
5-55,5,55,0,0
77-72,77,72,0,1
37-50,37,50,1,1
71-23,71,23,0,0
50-48,50,48,0,1
11-51,11,51,3,0
11-31,11,31,3,0
33-79,33,79,2,0
5-29,5,29,1,1
29-28,29,28,1,0
44-65,44,65,1,1
36-72,36,72,1,0
17-67,17,67,2,0
35-47,35,47,0,1
44-51,44,51,0,0
58-15,58,15,0,1
46-68,46,68,2,2
46-45,46,45,0,1
20-30,20,30,1,1
57-56,57,56,3,0
61-31,61,31,0,2
47-13,47,13,0,1
73-39,73,39,0,1
8-1,8,1,0,1
10-55,10,55,0,0
34-75,34,75,0,0
78-30,78,30,1,1
23-80,23,80,3,0
9-2,9,2,1,1
76-66,76,66,2,0
51-23,51,23,1,1
34-58,34,58,0,0
59-77,59,77,1,0
23-33,23,33,2,1
80-6,80,6,0,0
61-74,61,74,0,0
41-50,41,50,2,0
20-18,20,18,1,2
14-51,14,51,0,0
2-54,2,54,2,1
31-22,31,22,1,1
56-35,56,35,1,0
43-20,43,20,0,1
49-10,49,10,0,1
79-77,79,77,0,1
53-26,53,26,2,1
41-4,41,4,1,1
44-55,44,55,0,0
70-20,70,20,1,1
38-78,38,78,0,0
6-14,6,14,1,0
23-34,23,34,2,1
22-8,22,8,1,1
5-20,5,20,1,2
63-64,63,64,3,0
60-75,60,75,1,0
36-37,36,37,0,1
57-37,57,37,0,1
67-26,67,26,1,0
74-6,74,6,0,1
78-69,78,69,3,0
11-45,11,45,0,1
1-35,1,35,2,1
2-28,2,28,2,0
60-4,60,4,0,1
69-76,69,76,2,1
6-30,6,30,2,0
8-13,8,13,2,1
48-23,48,23,2,2
53-40,53,40,1,2
53-58,53,58,1,1
76-64,76,64,0,1
75-49,75,49,2,1
21-58,21,58,3,3
52-43,52,43,3,3
22-65,22,65,0,1
47-4,47,4,0,1
56-77,56,77,0,1
40-44,40,44,1,0
18-59,18,59,1,1
33-43,33,43,1,0
49-16,49,16,1,1
68-32,68,32,0,3
36-46,36,46,2,0
29-27,29,27,1,0
70-23,70,23,1,1
52-25,52,25,0,1
73-63,73,63,0,1
15-77,15,77,4,0
37-64,37,64,2,1
49-80,49,80,3,1
54-8,54,8,0,1
77-45,77,45,0,3
30-67,30,67,1,0
24-8,24,8,1,1
54-32,54,32,0,4
76-15,76,15,0,0
71-13,71,13,0,2
15-42,15,42,0,0
51-60,51,60,2,0
25-55,25,55,3,0
41-30,41,30,1,2
56-62,56,62,1,0
60-69,60,69,2,0
16-65,16,65,4,0
49-16,49,16,1,0
38-47,38,47,1,2
4-1,4,1,0,0
66-47,66,47,1,0
6-67,6,67,1,0
59-77,59,77,2,0
59-20,59,20,1,1
63-17,63,17,0,0
42-34,42,34,1,0
38-64,38,64,2,0
26-69,26,69,4,0
21-43,21,43,2,1
33-27,33,27,1,0
14-25,14,25,3,1
20-41,20,41,2,1
39-58,39,58,2,0
53-73,53,73,0,0
7-49,7,49,2,0
60-11,60,11,0,3
66-9,66,9,0,2
34-76,34,76,0,1
34-76,34,76,5,0
58-63,58,63,2,1
63-64,63,64,1,0
57-63,57,63,0,0
75-5,75,5,0,1
21-45,21,45,0,2
16-36,16,36,1,0
14-39,14,39,2,0
23-39,23,39,0,1
80-66,80,66,3,0
6-40,6,40,2,0
32-80,32,80,2,1
21-18,21,18,0,1
54-20,54,20,0,2
49-4,49,4,0,0
16-57,16,57,1,0
47-69,47,69,1,0
63-35,63,35,2,0
42-26,42,26,1,0
6-36,6,36,1,0
19-69,19,69,1,0
75-14,75,14,1,1
40-64,40,64,0,0
27-69,27,69,5,0
67-65,67,65,2,0
48-74,48,74,1,1
11-62,11,62,2,0
68-8,68,8,1,1
41-3,41,3,1,1
19-6,19,6,1,1
52-13,52,13,0,1
50-47,50,47,1,1
5-2,5,2,1,1
22-49,22,49,0,0
54-56,54,56,1,0
33-31,33,31,1,0
28-8,28,8,1,1
50-63,50,63,0,0
5-17,5,17,0,0
35-31,35,31,2,1
11-52,11,52,3,1
69-3,69,3,0,2
47-14,47,14,3,0
8-13,8,13,1,0
47-35,47,35,0,1
44-13,44,13,0,2
59-68,59,68,4,0
47-40,47,40,0,2
43-51,43,51,2,1
44-80,44,80,2,0
69-51,69,51,1,3
46-43,46,43,1,0
13-45,13,45,2,1
42-30,42,30,1,2
58-21,58,21,0,1
27-80,27,80,2,0
50-37,50,37,0,3
23-1,23,1,0,2
47-66,47,66,1,0
11-38,11,38,1,0
35-9,35,9,0,1
22-54,22,54,2,0
35-3,35,3,0,1
68-22,68,22,0,3
36-35,36,35,1,0
59-30,59,30,1,3
66-21,66,21,0,3
29-63,29,63,0,1
9-38,9,38,0,0
72-28,72,28,1,1
12-19,12,19,2,1
16-79,16,79,2,0
80-60,80,60,1,1
10-75,10,75,2,0
46-25,46,25,1,3
57-14,57,14,0,0
33-57,33,57,3,0
42-16,42,16,1,2
49-72,49,72,0,0
7-67,7,67,2,0
8-23,8,23,1,1
50-19,50,19,2,1
15-14,15,14,0,0
49-32,49,32,0,1
33-38,33,38,1,0
77-58,77,58,1,1
10-13,10,13,3,0
69-77,69,77,2,1
37-57,37,57,2,1
9-69,9,69,1,1
3-49,3,49,1,0
74-40,74,40,0,3
12-6,12,6,2,0
62-51,62,51,0,0
14-80,14,80,1,0
71-35,71,35,1,0
51-61,51,61,1,2
28-31,28,31,0,2
26-8,26,8,1,1
71-25,71,25,2,0
28-46,28,46,2,1
67-44,67,44,0,1
8-3,8,3,0,2
45-43,45,43,1,1
46-35,46,35,0,0
6-45,6,45,2,3
25-19,25,19,2,0
15-1,15,1,0,0
50-15,50,15,1,0
70-51,70,51,1,1
17-80,17,80,2,0
33-13,33,13,2,1
53-76,53,76,1,0
74-4,74,4,0,3
21-16,21,16,0,1
67-46,67,46,1,0
22-53,22,53,3,0
47-41,47,41,2,1
20-32,20,32,1,0
56-6,56,6,0,1
68-76,68,76,0,1
59-74,59,74,2,0
73-16,73,16,1,1
75-72,75,72,2,1
40-20,40,20,1,1
74-36,74,36,0,3
71-77,71,77,0,0
34-54,34,54,1,0
3-43,3,43,2,0
49-43,49,43,2,2
71-49,71,49,1,1
18-74,18,74,2,0
36-63,36,63,2,0
23-62,23,62,3,0
19-39,19,39,2,0
6-77,6,77,0,0
7-13,7,13,0,0
33-79,33,79,3,0
61-59,61,59,0,1
45-23,45,23,1,1
34-64,34,64,5,0
23-18,23,18,0,1
13-42,13,42,1,1
52-38,52,38,0,1
32-20,32,20,1,2
37-13,37,13,1,0
60-55,60,55,1,1
8-68,8,68,1,0
40-53,40,53,1,0
7-27,7,27,1,2
56-21,56,21,1,3
13-78,13,78,1,0
5-32,5,32,1,1
46-32,46,32,1,2
17-54,17,54,2,1
26-62,26,62,1,1
57-46,57,46,1,0
61-33,61,33,1,1
12-19,12,19,3,1
52-30,52,30,1,1
24-47,24,47,0,0
47-66,47,66,0,2
75-27,75,27,0,2
78-45,78,45,0,0
18-21,18,21,2,1
60-43,60,43,4,0
55-2,55,2,0,2
14-65,14,65,2,0
39-8,39,8,2,2
40-11,40,11,0,2
21-29,21,29,0,0
60-3,60,3,1,3
45-51,45,51,1,1
47-21,47,21,1,1
31-43,31,43,1,0
38-47,38,47,4,0
75-26,75,26,0,3
32-34,32,34,1,0
44-79,44,79,3,0
3-6,3,6,2,0
15-25,15,25,1,1
52-55,52,55,4,0
36-43,36,43,2,1
53-43,53,43,1,0
40-14,40,14,0,0
51-74,51,74,2,1
29-27,29,27,0,1
21-70,21,70,0,1
29-67,29,67,1,0
21-56,21,56,0,0
38-42,38,42,2,1
31-13,31,13,2,1
3-72,3,72,1,0
15-46,15,46,2,0
73-63,73,63,2,2
77-63,77,63,2,0
25-80,25,80,3,1
13-37,13,37,3,1
64-68,64,68,1,1
18-17,18,17,2,1
9-62,9,62,1,1
31-67,31,67,0,1
46-54,46,54,1,1
32-31,32,31,0,1
24-18,24,18,2,1
79-31,79,31,0,1
63-3,63,3,0,3
22-56,22,56,0,0
13-54,13,54,2,0
35-44,35,44,2,0
25-33,25,33,1,0
24-53,24,53,0,1
21-16,21,16,0,1
19-7,19,7,1,1
32-18,32,18,1,1
70-25,70,25,0,1
72-80,72,80,1,0
71-5,71,5,0,3
78-15,78,15,0,0
66-36,66,36,0,2
62-39,62,39,0,2
66-63,66,63,1,2
23-77,23,77,0,1
3-48,3,48,0,0
67-16,67,16,0,2
62-44,62,44,0,2
14-66,14,66,2,0
3-29,3,29,1,0
57-31,57,31,0,0
71-25,71,25,0,0
26-54,26,54,2,0
49-14,49,14,0,3
62-48,62,48,1,0
19-26,19,26,1,1
48-60,48,60,3,0
62-28,62,28,1,0
13-27,13,27,0,0
11-42,11,42,4,0
38-20,38,20,0,3
70-7,70,7,0,2
26-49,26,49,2,1
52-41,52,41,0,1
23-62,23,62,3,0
80-60,80,60,0,1
39-47,39,47,0,0
1-80,1,80,1,0
11-55,11,55,3,0
77-21,77,21,0,1
2-30,2,30,2,3
69-54,69,54,1,0
35-13,35,13,0,1
21-13,21,13,0,2
23-28,23,28,0,1
47-1,47,1,0,3
80-55,80,55,0,0
48-20,48,20,2,2
29-59,29,59,1,1
72-45,72,45,1,1
30-16,30,16,1,3
5-24,5,24,1,1
73-43,73,43,0,1
67-75,67,75,0,0
74-38,74,38,0,1
53-22,53,22,1,2
12-54,12,54,3,0
59-45,59,45,0,1
22-52,22,52,0,0
54-20,54,20,0,3
21-3,21,3,0,0
22-69,22,69,0,0
80-25,80,25,0,2
57-12,57,12,1,1
30-22,30,22,0,1
28-52,28,52,1,0
63-78,63,78,1,0
29-10,29,10,0,1
8-43,8,43,0,1
75-42,75,42,0,1
3-50,3,50,1,0
71-8,71,8,0,4
12-27,12,27,1,0
8-45,8,45,1,0
64-54,64,54,1,0
22-77,22,77,0,0
66-73,66,73,0,0
18-70,18,70,3,0
66-35,66,35,0,1
54-22,54,22,0,0
9-32,9,32,0,0
38-43,38,43,2,0
16-7,16,7,1,1
18-35,18,35,1,1
76-59,76,59,2,1
60-55,60,55,2,1
50-61,50,61,2,0
15-34,15,34,2,2
36-18,36,18,1,3
45-70,45,70,1,0
48-33,48,33,3,1
60-47,60,47,2,0
7-26,7,26,1,1
35-66,35,66,1,0
15-45,15,45,1,0
45-58,45,58,0,0
43-20,43,20,2,2
72-16,72,16,0,1
38-61,38,61,2,0
7-57,7,57,2,0
68-1,68,1,0,4
6-48,6,48,3,1
63-8,63,8,0,3
60-30,60,30,4,0
46-22,46,22,1,3
46-62,46,62,1,1
18-6,18,6,2,0
57-50,57,50,1,1
16-9,16,9,1,1
38-77,38,77,3,0
52-65,52,65,1,0
32-13,32,13,0,2
34-12,34,12,3,0
17-8,17,8,0,0
42-48,42,48,3,1
3-23,3,23,1,2
47-40,47,40,1,1
49-50,49,50,0,1
30-58,30,58,4,0
43-26,43,26,0,0
16-75,16,75,2,0
37-31,37,31,0,0
35-75,35,75,1,0
62-64,62,64,3,0
5-29,5,29,1,0
31-9,31,9,1,2
28-40,28,40,1,2
2-78,2,78,4,0
31-53,31,53,2,1
26-14,26,14,0,0
69-54,69,54,0,5
75-42,75,42,0,0
16-31,16,31,2,0
45-34,45,34,0,0
19-49,19,49,1,1
65-61,65,61,3,0
55-31,55,31,1,2
66-50,66,50,2,1
9-25,9,25,4,1
13-46,13,46,1,0
51-64,51,64,3,0
51-62,51,62,1,0
66-64,66,64,1,1
80-49,80,49,1,1
50-49,50,49,1,2
28-48,28,48,2,0
33-65,33,65,2,0
3-18,3,18,0,1
64-61,64,61,0,3
10-21,10,21,2,0
8-11,8,11,1,1
23-40,23,40,5,0
11-22,11,22,0,0
71-53,71,53,0,1
60-55,60,55,4,1
32-60,32,60,2,1
2-47,2,47,2,0
71-54,71,54,3,1
40-50,40,50,0,3
30-75,30,75,2,0
2-9,2,9,0,1
56-76,56,76,1,0
15-40,15,40,2,0
22-44,22,44,4,0
79-77,79,77,2,0
67-25,67,25,1,0
7-5,7,5,1,0
59-56,59,56,1,0
63-30,63,30,0,0
44-75,44,75,1,0
80-30,80,30,1,1
76-7,76,7,2,2
43-79,43,79,0,1
50-40,50,40,2,1
26-77,26,77,3,0
46-79,46,79,1,0
32-15,32,15,1,0
47-29,47,29,1,2
72-13,72,13,1,1
78-31,78,31,3,2
25-48,25,48,1,0
30-37,30,37,0,2
63-38,63,38,0,2
48-77,48,77,3,0
62-59,62,59,0,3
52-50,52,50,0,1
29-69,29,69,2,0
2-33,2,33,0,0
50-43,50,43,1,0
48-63,48,63,2,0
29-61,29,61,2,1
8-4,8,4,1,1
45-63,45,63,0,0
72-26,72,26,1,0
47-63,47,63,1,1
45-49,45,49,2,2
43-16,43,16,1,0
41-32,41,32,1,0
13-76,13,76,3,1
4-58,4,58,1,1
10-46,10,46,3,0
2-27,2,27,1,0
13-34,13,34,1,1
29-7,29,7,0,3
46-29,46,29,1,0
70-67,70,67,1,1
68-73,68,73,0,2
37-25,37,25,0,2
44-70,44,70,3,0
64-48,64,48,1,0
25-3,25,3,0,0
59-8,59,8,0,1
48-32,48,32,0,0
20-19,20,19,1,2
9-6,9,6,2,2
37-18,37,18,2,1
17-2,17,2,0,1
57-24,57,24,1,1
38-56,38,56,2,0
65-7,65,7,0,3
17-16,17,16,0,2
47-68,47,68,0,1
62-24,62,24,1,1
75-48,75,48,0,1
53-51,53,51,0,1
4-54,4,54,2,0
25-74,25,74,1,1
46-7,46,7,0,2
9-5,9,5,1,0
57-34,57,34,1,3
52-27,52,27,3,0
55-40,55,40,0,2
30-77,30,77,2,0
74-25,74,25,1,2
57-80,57,80,2,1
33-22,33,22,1,2
76-14,76,14,0,0
19-1,19,1,0,1
57-21,57,21,1,1
39-24,39,24,2,0
47-3,47,3,1,2
17-9,17,9,1,0
73-30,73,30,0,1
40-14,40,14,1,1
11-45,11,45,3,2
40-18,40,18,1,0
47-54,47,54,1,1
3-59,3,59,1,0
66-12,66,12,0,1
4-12,4,12,0,2
61-47,61,47,1,0
2-19,2,19,0,0
20-22,20,22,1,2
42-25,42,25,0,1
52-54,52,54,2,0
69-56,69,56,0,1
48-10,48,10,1,2
62-28,62,28,0,1
67-64,67,64,0,0
53-33,53,33,0,0
46-10,46,10,0,1
73-52,73,52,1,1
15-47,15,47,2,0
49-23,49,23,0,1
36-74,36,74,3,0
35-79,35,79,2,1
43-51,43,51,2,0
15-28,15,28,2,0
6-73,6,73,4,1
66-11,66,11,0,2
37-1,37,1,1,1
49-65,49,65,1,0
34-63,34,63,1,0
24-5,24,5,1,0
48-7,48,7,0,1
6-11,6,11,0,1
50-31,50,31,1,3
12-55,12,55,3,1
6-51,6,51,2,0
37-35,37,35,1,1
10-73,10,73,1,1
18-4,18,4,1,3
32-31,32,31,0,0
24-37,24,37,0,1
62-51,62,51,0,2
43-62,43,62,2,1
35-16,35,16,1,0
69-28,69,28,0,2
65-48,65,48,2,0
37-30,37,30,2,0
47-54,47,54,1,1
75-50,75,50,0,0
10-68,10,68,3,0
50-57,50,57,2,0
23-36,23,36,1,1
67-50,67,50,1,0
36-69,36,69,4,1
45-4,45,4,1,2
52-14,52,14,0,1
35-72,35,72,3,1
5-53,5,53,3,0
75-12,75,12,1,1
29-18,29,18,1,2
28-5,28,5,0,0
13-73,13,73,3,0
56-12,56,12,1,2
33-21,33,21,1,0
40-37,40,37,1,0
49-41,49,41,2,1
45-16,45,16,1,1
35-74,35,74,1,0
6-24,6,24,2,0
51-29,51,29,3,1
69-59,69,59,1,3
26-9,26,9,3,0
68-63,68,63,1,1
50-67,50,67,3,0
36-17,36,17,1,2
26-4,26,4,1,1
53-2,53,2,1,1
8-55,8,55,1,0
17-12,17,12,0,1
62-61,62,61,1,2
24-79,24,79,3,0
69-71,69,71,2,1
46-34,46,34,2,1
78-37,78,37,0,2
54-67,54,67,2,1
70-8,70,8,0,2
32-4,32,4,1,1
48-19,48,19,1,0
8-16,8,16,2,0
59-41,59,41,0,0
66-32,66,32,0,3
60-9,60,9,2,0
41-6,41,6,1,1
35-3,35,3,0,2
69-24,69,24,0,2
8-36,8,36,1,1
40-42,40,42,1,0
57-44,57,44,1,0
26-22,26,22,3,1
75-9,75,9,1,2
55-10,55,10,0,1
40-5,40,5,0,1
66-50,66,50,0,2
71-74,71,74,1,0
31-28,31,28,3,0
71-61,71,61,3,1
64-47,64,47,2,0
33-11,33,11,1,0
48-29,48,29,2,0
55-78,55,78,2,0
45-35,45,35,0,0
33-21,33,21,1,2
47-26,47,26,0,2
78-9,78,9,0,2
45-56,45,56,2,0
64-44,64,44,1,1
39-57,39,57,0,1
66-16,66,16,0,3
1-18,1,18,1,0
48-69,48,69,0,1
21-50,21,50,1,0
70-34,70,34,0,1
3-10,3,10,3,0
24-69,24,69,0,0
67-32,67,32,0,2
49-41,49,41,0,1
24-78,24,78,1,0
19-9,19,9,1,3
46-79,46,79,1,0
78-15,78,15,0,2
26-58,26,58,0,0
39-50,39,50,2,0
49-53,49,53,1,1
31-37,31,37,0,0
69-47,69,47,1,3
80-45,80,45,0,1
35-28,35,28,2,2
41-68,41,68,1,0
75-1,75,1,3,0
40-21,40,21,0,0
6-19,6,19,2,0
1-74,1,74,1,1
17-47,17,47,1,1
1-4,1,4,0,2
66-62,66,62,2,0
36-24,36,24,1,0
74-40,74,40,1,2
21-32,21,32,1,0
35-62,35,62,1,0
72-70,72,70,0,0
61-32,61,32,1,1
6-48,6,48,1,0
75-64,75,64,0,0
33-79,33,79,1,0
16-80,16,80,2,0
17-55,17,55,0,1
25-51,25,51,0,0
11-16,11,16,3,0
2-64,2,64,3,0
28-20,28,20,0,1
31-49,31,49,1,1
25-14,25,14,0,1
21-65,21,65,2,0
15-19,15,19,1,0
20-46,20,46,2,0
78-46,78,46,0,1
18-77,18,77,2,0
28-55,28,55,3,0
1-74,1,74,2,1
54-57,54,57,1,1
32-9,32,9,1,0
61-26,61,26,1,1
21-38,21,38,2,1
15-19,15,19,0,1
61-22,61,22,0,0
59-21,59,21,1,1
71-66,71,66,0,0
4-34,4,34,1,0
33-4,33,4,1,2
28-30,28,30,1,0
36-1,36,1,2,0
76-57,76,57,0,2
45-28,45,28,3,2
48-46,48,46,1,1
37-74,37,74,5,0
5-30,5,30,3,1
24-52,24,52,1,0
34-19,34,19,1,0
3-10,3,10,0,1
5-10,5,10,1,0
40-13,40,13,0,0
69-76,69,76,0,1
60-27,60,27,0,1
13-20,13,20,0,0
24-57,24,57,1,1
23-4,23,4,2,1
58-21,58,21,0,2
70-65,70,65,0,0
20-66,20,66,0,0
6-11,6,11,2,1
13-56,13,56,0,1
27-53,27,53,2,0
7-65,7,65,1,0
48-6,48,6,0,2
72-12,72,12,1,1
51-67,51,67,0,0
13-38,13,38,1,0
64-9,64,9,0,1
23-20,23,20,1,1
14-28,14,28,0,1
63-22,63,22,0,0
41-60,41,60,2,0
59-4,59,4,1,3
34-70,34,70,1,2
40-36,40,36,0,0
6-34,6,34,1,1
39-44,39,44,0,1
35-71,35,71,4,0
8-69,8,69,2,0
15-37,15,37,1,2
12-4,12,4,1,0
24-46,24,46,0,0
49-57,49,57,0,0
55-35,55,35,1,1
31-5,31,5,2,1
66-35,66,35,0,2
1-70,1,70,3,0
22-39,22,39,2,0
25-13,25,13,2,1
1-47,1,47,0,0
11-77,11,77,3,2
9-8,9,8,1,0
15-7,15,7,2,2
66-9,66,9,1,1
66-37,66,37,1,0
17-26,17,26,2,0
26-32,26,32,3,0
37-14,37,14,1,1
2-7,2,7,3,1
25-7,25,7,2,0
47-5,47,5,0,1
10-30,10,30,1,0
55-59,55,59,1,2
13-15,13,15,5,0
19-35,19,35,0,1
37-21,37,21,1,1
17-45,17,45,1,1
22-10,22,10,1,0
24-48,24,48,1,1
50-5,50,5,1,1
56-18,56,18,0,1
22-39,22,39,0,2
38-61,38,61,0,2
28-20,28,20,3,0
71-10,71,10,1,0
31-17,31,17,2,1
50-46,50,46,1,2
38-40,38,40,1,1
41-44,41,44,1,2
63-79,63,79,1,0
71-13,71,13,0,4
44-48,44,48,1,1
53-70,53,70,0,0
6-64,6,64,1,0
15-78,15,78,1,0
13-20,13,20,1,1
50-52,50,52,0,1
24-42,24,42,1,0
17-23,17,23,2,0
76-27,76,27,0,3
41-63,41,63,0,1
16-7,16,7,0,0
9-48,9,48,4,0
9-73,9,73,0,0
7-1,7,1,0,2
22-25,22,25,0,1
33-18,33,18,2,1
64-51,64,51,0,1
34-29,34,29,1,1
72-42,72,42,3,1
47-68,47,68,3,0
26-15,26,15,2,0
6-49,6,49,0,0
57-27,57,27,0,2
69-12,69,12,0,3
50-3,50,3,0,0
1-79,1,79,1,1
60-70,60,70,2,0
3-34,3,34,3,2
69-41,69,41,0,0
54-45,54,45,2,0
77-35,77,35,0,3
4-9,4,9,1,0
49-70,49,70,2,0
79-27,79,27,1,1
59-13,59,13,2,0
4-1,4,1,0,1
51-28,51,28,1,2
48-54,48,54,0,0
75-65,75,65,1,0
63-38,63,38,1,1
54-43,54,43,0,1
49-59,49,59,1,0
58-19,58,19,1,1
14-36,14,36,2,2
65-76,65,76,1,0
17-66,17,66,1,0
24-14,24,14,1,1
37-67,37,67,1,0
15-47,15,47,2,2
42-56,42,56,0,3
22-56,22,56,4,0
57-58,57,58,1,0
11-79,11,79,1,0
51-73,51,73,0,0
69-70,69,70,0,0
60-50,60,50,0,2
72-60,72,60,0,0
5-72,5,72,3,1
42-46,42,46,1,1
51-52,51,52,1,0
67-69,67,69,2,1
12-11,12,11,1,2
67-71,67,71,1,1
55-20,55,20,1,1
38-77,38,77,4,1
34-32,34,32,1,2
5-11,5,11,1,2
61-52,61,52,1,1
56-17,56,17,1,2
14-61,14,61,0,0
6-22,6,22,1,0
69-51,69,51,1,1
75-55,75,55,1,1
49-44,49,44,1,0
31-76,31,76,2,0
13-58,13,58,2,0
77-41,77,41,0,0
22-63,22,63,0,3
7-55,7,55,2,0
64-37,64,37,0,4
58-15,58,15,2,1
25-32,25,32,1,1
26-79,26,79,1,0
72-36,72,36,0,0
60-26,60,26,2,2
54-77,54,77,1,0
25-76,25,76,2,1
33-1,33,1,2,0
29-30,29,30,0,1
52-28,52,28,0,1
77-56,77,56,0,1
51-76,51,76,2,0
53-64,53,64,0,1
76-47,76,47,1,2
47-80,47,80,1,1
8-49,8,49,0,0
31-6,31,6,0,1
10-3,10,3,0,1
9-7,9,7,1,0
68-23,68,23,0,1
54-56,54,56,2,0
21-32,21,32,1,1
23-41,23,41,1,0
9-63,9,63,3,2
41-7,41,7,1,1
29-40,29,40,1,0
23-60,23,60,2,0
3-53,3,53,2,1
40-41,40,41,1,0
43-12,43,12,1,0
64-73,64,73,2,2
52-49,52,49,1,0
38-56,38,56,2,0
58-60,58,60,0,1
32-46,32,46,0,0
61-17,61,17,1,1
31-75,31,75,1,0
30-15,30,15,0,0
44-4,44,4,0,1
16-61,16,61,2,0
77-26,77,26,0,0
32-6,32,6,2,0
12-52,12,52,1,0
53-78,53,78,3,1
69-65,69,65,4,1
48-27,48,27,1,1
8-5,8,5,1,1
26-32,26,32,1,0
37-36,37,36,2,1
18-54,18,54,0,0
40-22,40,22,1,3
28-46,28,46,2,0
21-60,21,60,0,1
67-62,67,62,3,1
62-76,62,76,0,1
32-34,32,34,2,0
42-2,42,2,0,3
51-71,51,71,1,0
23-65,23,65,2,1
7-2,7,2,1,2
11-80,11,80,0,0
73-39,73,39,0,2
30-56,30,56,2,1
39-35,39,35,2,0
21-1,21,1,0,1
65-34,65,34,0,4
54-3,54,3,0,2
53-35,53,35,0,1
10-9,10,9,4,0
54-66,54,66,2,0
32-58,32,58,1,0
25-65,25,65,1,1
31-71,31,71,1,0
65-30,65,30,0,2
21-65,21,65,2,0
19-61,19,61,1,0
60-17,60,17,0,4
27-51,27,51,1,0
29-8,29,8,0,1
45-53,45,53,0,1
61-29,61,29,1,0
21-72,21,72,1,1
77-59,77,59,0,2
79-63,79,63,0,1
4-41,4,41,0,1
54-9,54,9,1,0
6-72,6,72,3,0
72-5,72,5,1,0
47-6,47,6,1,2
4-47,4,47,2,0
37-49,37,49,1,1
68-80,68,80,2,0
1-53,1,53,2,0
10-61,10,61,4,0
50-7,50,7,0,1
8-25,8,25,1,0
46-64,46,64,2,0
71-58,71,58,0,1
73-7,73,7,0,1
75-6,75,6,1,2
73-65,73,65,0,3
71-36,71,36,0,5
57-64,57,64,2,0
3-27,3,27,2,0
17-66,17,66,1,1
52-14,52,14,0,0
23-72,23,72,2,0
71-34,71,34,0,4
6-7,6,7,1,0
48-40,48,40,0,0
51-67,51,67,1,0
9-13,9,13,0,0
57-6,57,6,2,1
53-66,53,66,2,1
35-33,35,33,1,0
32-33,32,33,1,1
18-13,18,13,1,1
14-27,14,27,0,1
9-5,9,5,2,1
31-75,31,75,0,1
36-50,36,50,2,0
21-29,21,29,3,1
18-28,18,28,4,0
25-5,25,5,1,2
63-53,63,53,2,1
27-74,27,74,2,0
72-24,72,24,0,1
44-68,44,68,1,1
79-55,79,55,0,1
56-21,56,21,1,0
49-29,49,29,0,1
61-59,61,59,1,0
52-43,52,43,1,1
21-75,21,75,1,1
45-51,45,51,3,0
53-80,53,80,2,0
66-38,66,38,0,2
24-50,24,50,2,1
35-42,35,42,2,0
74-77,74,77,1,0
21-60,21,60,0,0
63-4,63,4,0,3
57-20,57,20,1,1
62-75,62,75,1,1
10-68,10,68,3,0
9-32,9,32,1,1
12-58,12,58,2,2
25-71,25,71,0,0
77-52,77,52,2,1
28-5,28,5,0,3
26-37,26,37,1,0
54-74,54,74,2,0
3-48,3,48,2,1
68-14,68,14,1,3
14-62,14,62,4,0
52-72,52,72,3,0
60-58,60,58,0,3
45-73,45,73,2,1
28-16,28,16,0,1
5-78,5,78,0,2
65-61,65,61,2,1
50-70,50,70,2,0
22-72,22,72,1,0
19-4,19,4,0,1
48-19,48,19,0,2
66-21,66,21,0,2
58-55,58,55,2,2
16-68,16,68,1,1
68-3,68,3,0,2
2-15,2,15,1,0
40-79,40,79,2,1
43-21,43,21,0,2
52-39,52,39,2,1
39-36,39,36,0,0
38-63,38,63,3,0
74-62,74,62,0,0
27-74,27,74,0,0
16-75,16,75,1,0
44-49,44,49,0,0
58-19,58,19,0,1
40-46,40,46,1,0
53-52,53,52,0,0
42-14,42,14,1,2
26-66,26,66,1,0
36-27,36,27,0,1
51-77,51,77,3,2
44-34,44,34,0,0
32-60,32,60,2,0
27-70,27,70,1,0
32-1,32,1,0,1
16-9,16,9,2,1
53-7,53,7,0,1
50-37,50,37,0,1
29-77,29,77,1,1
50-15,50,15,0,2
52-8,52,8,1,1
18-21,18,21,1,0
10-71,10,71,1,0
28-63,28,63,2,1
74-35,74,35,1,0
22-11,22,11,0,0
67-52,67,52,0,0
56-1,56,1,0,1
26-66,26,66,0,0
50-57,50,57,2,1
29-22,29,22,1,0
39-60,39,60,3,0
33-21,33,21,2,2
39-55,39,55,0,0
24-33,24,33,0,0
57-70,57,70,1,0
41-63,41,63,1,1
23-45,23,45,1,1
41-30,41,30,1,0
22-44,22,44,5,0
30-77,30,77,2,0
80-49,80,49,0,0
70-63,70,63,2,2
9-20,9,20,1,0
42-40,42,40,0,2
61-55,61,55,0,1
76-66,76,66,1,0
27-55,27,55,1,0
48-64,48,64,2,1
10-49,10,49,1,1
13-44,13,44,3,1
55-47,55,47,3,1
29-1,29,1,1,0
33-49,33,49,3,0
67-52,67,52,0,2
18-65,18,65,5,0
14-59,14,59,3,0
35-29,35,29,2,2
78-2,78,2,1,1
68-3,68,3,0,3
68-35,68,35,1,3
43-75,43,75,0,0
41-70,41,70,1,0
80-46,80,46,2,0
70-48,70,48,0,0
66-54,66,54,1,1
75-14,75,14,0,1
6-77,6,77,0,0
6-73,6,73,2,0
27-56,27,56,1,0
2-76,2,76,1,1
11-71,11,71,1,0
46-34,46,34,0,2
80-25,80,25,0,1
74-17,74,17,0,1
19-47,19,47,2,0
17-48,17,48,3,0
12-17,12,17,1,1
64-18,64,18,0,1
27-3,27,3,2,0
30-14,30,14,0,1
47-56,47,56,1,0
32-26,32,26,1,0
70-3,70,3,1,3
50-51,50,51,0,2
54-74,54,74,2,0
66-31,66,31,1,1
50-42,50,42,0,1
76-80,76,80,0,0
2-63,2,63,3,0
55-75,55,75,2,0
68-74,68,74,2,0
54-66,54,66,1,1
3-38,3,38,0,2
14-52,14,52,1,1
22-13,22,13,2,1
48-13,48,13,1,0
4-78,4,78,0,0
46-30,46,30,0,0
37-14,37,14,0,1
17-63,17,63,1,0
33-63,33,63,0,1
64-8,64,8,0,1
73-12,73,12,1,0
9-43,9,43,1,0
73-31,73,31,0,3
55-35,55,35,3,1
65-1,65,1,0,2
57-4,57,4,0,2
42-43,42,43,0,1
21-54,21,54,1,0
77-9,77,9,1,1
18-16,18,16,1,0
68-44,68,44,2,2
57-47,57,47,4,1
17-45,17,45,1,1
73-30,73,30,1,2
50-45,50,45,2,1
65-63,65,63,2,2
54-1,54,1,0,2
26-40,26,40,0,0
58-39,58,39,0,0
45-35,45,35,1,2
71-44,71,44,2,2
42-40,42,40,0,3
50-56,50,56,1,0
19-52,19,52,0,1
7-13,7,13,2,2
20-61,20,61,2,1
57-9,57,9,0,0
19-31,19,31,2,1
24-67,24,67,1,0
66-43,66,43,1,0
44-25,44,25,0,1
30-40,30,40,3,2
47-22,47,22,2,1
63-14,63,14,1,1
5-72,5,72,1,0
30-23,30,23,0,2
78-15,78,15,1,0
66-80,66,80,0,0
25-35,25,35,2,0
80-50,80,50,2,0
64-13,64,13,0,1
69-54,69,54,2,1
74-15,74,15,1,3
3-54,3,54,0,1
53-55,53,55,0,0
10-77,10,77,1,0
80-69,80,69,1,0
50-77,50,77,0,0
7-19,7,19,0,1
22-55,22,55,0,0
65-14,65,14,1,1
60-28,60,28,0,3
43-67,43,67,1,2
40-26,40,26,1,0
33-44,33,44,2,0
62-31,62,31,0,1
43-56,43,56,2,2
17-35,17,35,1,1
17-79,17,79,2,1
74-40,74,40,2,3
26-3,26,3,0,0
65-40,65,40,0,4
20-76,20,76,2,1
6-28,6,28,2,0
47-50,47,50,1,0
34-1,34,1,0,0
44-76,44,76,3,0
8-80,8,80,2,0
54-66,54,66,0,0
24-42,24,42,1,0
66-43,66,43,2,1
49-66,49,66,1,0
65-57,65,57,1,1
32-24,32,24,1,1
24-7,24,7,1,2
12-52,12,52,1,1
11-72,11,72,1,1
33-54,33,54,1,0
65-57,65,57,0,1
43-79,43,79,1,0
24-78,24,78,2,1
74-59,74,59,0,1
12-27,12,27,1,0
60-39,60,39,0,4
33-36,33,36,1,1
10-44,10,44,1,0
23-54,23,54,2,0
65-13,65,13,0,4
6-28,6,28,2,0
65-9,65,9,0,2
74-45,74,45,0,1
22-37,22,37,2,0
20-43,20,43,0,0
59-6,59,6,0,2
52-80,52,80,1,0
39-46,39,46,0,0
4-60,4,60,2,1
11-70,11,70,1,0
17-8,17,8,2,1
56-68,56,68,3,1
44-60,44,60,1,0
10-37,10,37,0,1
71-7,71,7,0,1
76-80,76,80,0,2
63-35,63,35,0,0
14-42,14,42,2,0
8-34,8,34,0,0
74-59,74,59,0,1
12-30,12,30,1,0
2-8,2,8,4,1
33-27,33,27,1,1
27-14,27,14,1,1
28-30,28,30,0,0
45-66,45,66,0,0
61-51,61,51,2,3
13-28,13,28,1,1
7-15,7,15,0,1
19-8,19,8,2,2
32-58,32,58,0,0
67-77,67,77,0,0
37-7,37,7,0,0
47-75,47,75,0,1
51-79,51,79,0,0
21-13,21,13,2,0
34-33,34,33,0,1
79-19,79,19,0,1
71-40,71,40,0,0
22-8,22,8,2,3
79-75,79,75,2,0
63-4,63,4,0,2
64-65,64,65,0,0
54-24,54,24,0,1
76-51,76,51,0,0
14-20,14,20,2,0
72-10,72,10,0,0
5-40,5,40,1,0
51-44,51,44,0,0
21-69,21,69,1,0
58-66,58,66,0,0
67-32,67,32,1,1
70-35,70,35,1,2
65-13,65,13,0,3
46-30,46,30,0,1
27-72,27,72,1,0
59-76,59,76,1,0
43-51,43,51,1,3
1-11,1,11,1,1
9-3,9,3,2,3
80-35,80,35,0,4
63-4,63,4,0,3
79-29,79,29,0,1
35-69,35,69,2,0
51-58,51,58,1,1
48-58,48,58,1,1
18-46,18,46,1,1
49-16,49,16,0,1
61-25,61,25,0,2
31-9,31,9,2,1
76-66,76,66,1,2
55-77,55,77,0,0
27-9,27,9,2,2
70-23,70,23,0,5
8-6,8,6,1,1
42-8,42,8,0,0
2-25,2,25,0,1
37-50,37,50,2,0
61-27,61,27,2,0
21-60,21,60,1,0
41-32,41,32,0,0
26-37,26,37,3,0
44-6,44,6,0,2
76-56,76,56,1,1
21-34,21,34,0,0
42-78,42,78,0,0
30-40,30,40,3,1
16-19,16,19,0,0
35-68,35,68,4,0
8-77,8,77,1,0
20-76,20,76,2,0
76-28,76,28,1,2
13-23,13,23,2,0
23-67,23,67,2,0
48-20,48,20,0,2
77-60,77,60,0,0
60-68,60,68,2,0
75-58,75,58,0,1
54-16,54,16,0,1
14-11,14,11,1,0
65-27,65,27,1,2
59-45,59,45,1,2
11-13,11,13,4,2
24-57,24,57,3,2
68-7,68,7,0,1
52-47,52,47,1,0
43-80,43,80,3,1
50-58,50,58,1,0
22-79,22,79,0,1
52-32,52,32,3,0
45-36,45,36,0,2
13-8,13,8,1,1
33-20,33,20,3,1
45-25,45,25,1,0
76-45,76,45,0,1
46-12,46,12,0,2
3-64,3,64,2,0
23-79,23,79,2,0
67-43,67,43,1,2
7-39,7,39,0,0
32-37,32,37,0,1
33-38,33,38,1,2
19-72,19,72,0,1
62-52,62,52,0,0
69-36,69,36,0,1
44-7,44,7,0,1
12-49,12,49,2,0
39-8,39,8,1,1
10-53,10,53,0,1
37-22,37,22,1,0
34-56,34,56,2,0
34-29,34,29,1,1
23-68,23,68,3,0
30-11,30,11,0,0
58-44,58,44,0,1
64-15,64,15,0,4
80-53,80,53,1,1
26-59,26,59,0,0
36-47,36,47,0,0
3-7,3,7,0,2
60-53,60,53,0,0
15-24,15,24,2,0
69-17,69,17,0,2
32-70,32,70,1,1
72-46,72,46,1,1
36-75,36,75,3,0
19-9,19,9,0,0
80-43,80,43,1,2
38-12,38,12,1,0
40-56,40,56,0,0
44-56,44,56,1,0
47-2,47,2,0,1
4-7,4,7,1,0
6-24,6,24,1,1
75-61,75,61,1,0
38-22,38,22,1,2
45-8,45,8,2,0
17-54,17,54,1,0
50-3,50,3,1,3
73-47,73,47,0,0
34-7,34,7,0,0
57-75,57,75,2,1
58-26,58,26,1,1
75-19,75,19,0,1
77-35,77,35,1,1
74-55,74,55,0,1
14-7,14,7,0,2
52-41,52,41,0,0
45-55,45,55,1,1
79-12,79,12,0,2
6-16,6,16,1,0
1-38,1,38,1,0
60-37,60,37,0,3
52-11,52,11,0,2
5-52,5,52,3,0
72-9,72,9,0,2
42-45,42,45,2,1
6-14,6,14,1,1
58-1,58,1,1,0
1-71,1,71,1,0
51-62,51,62,3,0
29-34,29,34,1,2
27-56,27,56,2,0
53-71,53,71,0,0
14-38,14,38,2,1
61-74,61,74,2,0
49-61,49,61,0,0
7-26,7,26,2,1
19-34,19,34,2,1
36-53,36,53,1,0
4-3,4,3,0,0
59-52,59,52,1,1
58-4,58,4,2,1
9-22,9,22,2,0
68-2,68,2,0,0
54-49,54,49,2,2
68-37,68,37,0,3
37-17,37,17,0,2
9-53,9,53,1,2
39-51,39,51,1,1
29-65,29,65,2,0
21-61,21,61,3,0
14-56,14,56,3,1
60-79,60,79,3,0
35-34,35,34,1,0
4-13,4,13,0,0
33-77,33,77,2,0
36-78,36,78,2,1
37-72,37,72,0,1
66-30,66,30,1,1
56-24,56,24,1,1
76-1,76,1,1,3
14-31,14,31,2,1
76-19,76,19,1,0
80-11,80,11,0,1
72-7,72,7,0,1
78-46,78,46,1,1
75-74,75,74,2,0
46-23,46,23,3,4
25-46,25,46,2,0
17-13,17,13,1,0
39-11,39,11,0,0
28-50,28,50,1,0
44-4,44,4,1,0
24-10,24,10,2,0
17-36,17,36,0,1
71-54,71,54,0,0
40-20,40,20,1,1
20-77,20,77,4,0
70-8,70,8,0,2
17-5,17,5,0,2
39-18,39,18,0,2
34-18,34,18,2,1
36-31,36,31,1,1
74-5,74,5,2,3
16-48,16,48,0,2
30-27,30,27,1,2
66-36,66,36,1,1
78-11,78,11,1,3
13-6,13,6,1,1
24-38,24,38,1,0
78-44,78,44,1,1
79-2,79,2,1,1
50-26,50,26,2,1
25-28,25,28,0,0
7-58,7,58,0,1
28-14,28,14,0,1
77-24,77,24,2,1
21-20,21,20,1,0
43-20,43,20,0,2
44-55,44,55,1,1
45-79,45,79,1,1
39-4,39,4,0,1
76-77,76,77,1,1
10-73,10,73,1,1
38-60,38,60,2,0
21-32,21,32,1,2
22-70,22,70,4,0
58-16,58,16,0,0
12-38,12,38,3,0
15-1,15,1,1,3
18-42,18,42,3,0
62-29,62,29,0,1
74-75,74,75,0,1
40-18,40,18,0,0
74-12,74,12,0,2
30-80,30,80,2,0
55-75,55,75,1,0
76-35,76,35,0,0
2-68,2,68,5,1
21-58,21,58,3,0
30-60,30,60,1,0
67-46,67,46,0,2
10-16,10,16,0,0
50-24,50,24,1,2
45-79,45,79,2,0
75-71,75,71,0,0
22-37,22,37,4,1
14-16,14,16,1,0
19-9,19,9,1,0
33-19,33,19,2,1
64-52,64,52,0,1
62-23,62,23,0,1
30-7,30,7,1,2
41-30,41,30,0,1
46-27,46,27,1,1
76-47,76,47,2,2
11-28,11,28,3,1
62-43,62,43,2,0
75-1,75,1,0,0
19-36,19,36,1,1
13-72,13,72,2,0
34-21,34,21,1,1
3-64,3,64,3,0
79-23,79,23,1,1
12-78,12,78,2,0
45-50,45,50,1,0
72-23,72,23,2,0
55-44,55,44,1,1
15-9,15,9,3,0
19-40,19,40,0,2
63-35,63,35,1,2
9-56,9,56,0,1
19-11,19,11,1,0
25-3,25,3,2,0
29-3,29,3,0,2
48-74,48,74,1,0
3-37,3,37,2,0
54-22,54,22,1,1
10-68,10,68,1,1
22-49,22,49,2,0
34-24,34,24,0,0
67-47,67,47,1,1
18-70,18,70,0,2
49-40,49,40,2,0
22-46,22,46,1,0
16-30,16,30,1,0
20-73,20,73,1,0
47-59,47,59,0,1
27-70,27,70,3,1
66-15,66,15,0,1
35-53,35,53,0,0
42-68,42,68,1,1
18-25,18,25,0,0
18-3,18,3,2,1
58-61,58,61,0,0
57-78,57,78,1,1
76-43,76,43,1,0
36-74,36,74,3,0
31-24,31,24,2,0
38-58,38,58,1,0
4-52,4,52,2,0
22-48,22,48,1,0
31-34,31,34,1,1
35-72,35,72,1,0
65-75,65,75,0,2
41-75,41,75,2,1
60-41,60,41,1,2
72-52,72,52,1,0
3-10,3,10,1,0
14-76,14,76,1,0
22-1,22,1,3,0
4-40,4,40,3,1
36-47,36,47,1,0
43-79,43,79,1,0
57-53,57,53,3,1
71-50,71,50,0,0
44-27,44,27,0,0
24-49,24,49,2,0
17-15,17,15,1,0
56-55,56,55,1,1
71-42,71,42,2,2
44-60,44,60,1,1
57-78,57,78,2,0
72-12,72,12,1,1
79-1,79,1,0,2
78-29,78,29,0,1
66-60,66,60,0,0
51-57,51,57,0,0
74-57,74,57,0,1
48-20,48,20,0,0
55-58,55,58,0,1
58-71,58,71,1,0
33-42,33,42,0,0
41-55,41,55,2,0
67-8,67,8,0,2
53-25,53,25,0,1
13-74,13,74,1,0
1-39,1,39,2,0
37-5,37,5,2,1
1-22,1,22,3,0
40-15,40,15,4,1
5-75,5,75,1,0
33-21,33,21,4,1
16-19,16,19,2,0
25-64,25,64,1,0
33-32,33,32,0,3
9-39,9,39,2,0
35-51,35,51,3,0
20-67,20,67,3,0
73-44,73,44,0,3
23-24,23,24,3,1
43-48,43,48,1,0
50-75,50,75,2,1
37-16,37,16,0,1
70-14,70,14,2,1
71-61,71,61,0,1
52-43,52,43,3,0
19-69,19,69,0,1
40-25,40,25,0,2
49-28,49,28,0,1
71-65,71,65,1,0
78-54,78,54,0,0
6-63,6,63,3,1
2-14,2,14,2,0
78-24,78,24,1,1
19-9,19,9,0,0
46-48,46,48,4,1
5-73,5,73,2,0
41-7,41,7,1,0
80-31,80,31,0,0
56-45,56,45,1,0
68-4,68,4,0,2
10-69,10,69,3,0
37-22,37,22,1,0
76-36,76,36,1,2
41-22,41,22,0,2
16-32,16,32,3,1
37-49,37,49,4,0
5-1,5,1,2,0
74-11,74,11,0,3
45-76,45,76,2,0
61-56,61,56,0,1
61-35,61,35,0,5
55-27,55,27,0,3
3-34,3,34,1,2
57-45,57,45,0,3
28-66,28,66,0,0
42-47,42,47,2,2
19-10,19,10,4,1
76-27,76,27,1,1
56-60,56,60,1,2
45-75,45,75,2,1
12-56,12,56,3,0
15-32,15,32,1,0
21-22,21,22,1,0
76-34,76,34,0,1
41-70,41,70,1,0
1-55,1,55,1,0
63-13,63,13,0,3
16-25,16,25,0,1
13-48,13,48,5,0
3-50,3,50,1,0
65-19,65,19,0,3
1-39,1,39,1,1
20-46,20,46,3,0
61-10,61,10,0,0
79-46,79,46,0,2
69-54,69,54,0,0
54-5,54,5,0,2
39-58,39,58,1,0
65-68,65,68,2,1
45-3,45,3,0,0
21-2,21,2,0,0
15-27,15,27,3,0
53-80,53,80,0,0
37-34,37,34,1,0
11-7,11,7,0,0
26-74,26,74,1,0
24-37,24,37,2,1
40-48,40,48,0,2
68-65,68,65,1,0
31-42,31,42,1,0
6-31,6,31,1,0
32-39,32,39,1,0
36-18,36,18,2,1
26-8,26,8,2,1
63-28,63,28,1,0
8-29,8,29,1,0
42-8,42,8,0,0
66-72,66,72,2,0
71-12,71,12,0,1
24-48,24,48,1,0
11-56,11,56,0,0
48-38,48,38,0,0
22-71,22,71,1,0
24-2,24,2,0,0
27-49,27,49,1,0
55-44,55,44,0,0
30-65,30,65,2,0
67-22,67,22,0,3
60-32,60,32,1,1
76-61,76,61,1,0
72-70,72,70,3,1
26-66,26,66,3,0
58-10,58,10,0,1
36-27,36,27,1,1
34-11,34,11,0,1
2-11,2,11,1,2
66-18,66,18,1,1
9-14,9,14,1,0
36-69,36,69,5,0
46-53,46,53,0,1
42-5,42,5,0,2
43-57,43,57,0,1
2-24,2,24,3,0
9-46,9,46,3,1
67-42,67,42,1,0
26-27,26,27,0,1
3-80,3,80,1,0
21-19,21,19,1,0
24-80,24,80,3,1
79-32,79,32,0,0
42-44,42,44,1,0
45-73,45,73,4,0
2-80,2,80,2,0
57-37,57,37,0,0
80-65,80,65,2,1
12-30,12,30,1,1
10-60,10,60,1,0
57-40,57,40,1,2
40-36,40,36,0,0
1-2,1,2,2,0
59-43,59,43,1,1
28-77,28,77,3,0
41-58,41,58,3,0
39-74,39,74,3,0
16-60,16,60,1,0
38-29,38,29,0,1
67-68,67,68,0,2
22-74,22,74,2,0
56-74,56,74,3,0
30-40,30,40,1,1
25-26,25,26,0,2
2-29,2,29,0,1
32-52,32,52,1,0
68-45,68,45,0,1
11-44,11,44,1,1
55-67,55,67,1,1
45-68,45,68,0,0
55-59,55,59,4,0
14-59,14,59,3,0
13-29,13,29,1,1
41-60,41,60,2,0
38-18,38,18,0,3
69-24,69,24,0,4
37-36,37,36,0,0
13-44,13,44,2,2
10-30,10,30,2,1
12-27,12,27,1,1
33-57,33,57,1,0
13-25,13,25,2,0
10-20,10,20,0,1
16-10,16,10,4,1
42-17,42,17,0,3
62-4,62,4,2,2
70-78,70,78,3,0
61-48,61,48,0,2
25-37,25,37,0,0
77-28,77,28,1,1
59-64,59,64,1,1
37-56,37,56,2,0
18-59,18,59,1,0
24-49,24,49,0,0
44-68,44,68,3,2
12-4,12,4,2,1
13-39,13,39,0,0
64-20,64,20,1,3
70-28,70,28,1,1
25-75,25,75,1,0
22-48,22,48,3,0
2-48,2,48,2,0
73-34,73,34,0,2
14-11,14,11,1,1
79-37,79,37,1,0
66-49,66,49,1,1
48-67,48,67,3,0
32-14,32,14,0,1
27-68,27,68,1,0
47-79,47,79,1,0
54-27,54,27,2,2
32-63,32,63,2,0
16-57,16,57,2,0
62-71,62,71,2,0
31-8,31,8,1,2
66-44,66,44,2,0
45-37,45,37,2,1
29-28,29,28,2,1
63-54,63,54,1,1
25-5,25,5,1,1
14-67,14,67,4,0
36-2,36,2,0,0
35-12,35,12,1,1
10-35,10,35,0,1
8-37,8,37,0,1
77-48,77,48,2,1
42-46,42,46,0,2
21-73,21,73,1,0
28-30,28,30,1,2
53-57,53,57,0,0
65-2,65,2,1,4
15-36,15,36,0,1
49-20,49,20,1,1
25-41,25,41,1,0
12-74,12,74,3,0
15-29,15,29,1,0
42-33,42,33,0,0
70-20,70,20,1,3
73-15,73,15,0,4
14-26,14,26,2,0
78-70,78,70,2,2
24-23,24,23,0,2
32-59,32,59,3,0
44-47,44,47,1,1
74-4,74,4,0,0
25-9,25,9,1,0
6-5,6,5,0,0
46-72,46,72,2,0
70-40,70,40,0,2
1-57,1,57,2,0
24-11,24,11,0,3
70-12,70,12,0,4
32-58,32,58,0,0
29-28,29,28,0,1
17-68,17,68,3,0
71-48,71,48,0,2
11-7,11,7,4,1
77-2,77,2,0,1
5-53,5,53,4,0
75-53,75,53,0,0
9-18,9,18,1,1
38-28,38,28,2,0
72-52,72,52,1,1
79-35,79,35,0,2
67-39,67,39,1,2
35-10,35,10,0,2
17-14,17,14,1,0
67-74,67,74,2,0
71-63,71,63,2,2
6-72,6,72,0,0
28-30,28,30,0,2
49-75,49,75,1,0
43-60,43,60,2,0
80-12,80,12,0,3
46-30,46,30,0,1
1-74,1,74,1,0
22-12,22,12,2,0
73-48,73,48,1,0
10-76,10,76,2,0
32-28,32,28,0,1
36-57,36,57,1,0
36-8,36,8,1,1
53-19,53,19,0,5
34-45,34,45,0,0
41-66,41,66,4,0
42-48,42,48,2,0
13-10,13,10,2,0
79-64,79,64,0,1
69-68,69,68,0,1
71-60,71,60,1,1
50-28,50,28,2,0
46-24,46,24,2,4
10-36,10,36,0,0
2-12,2,12,0,0
54-69,54,69,1,0
17-7,17,7,0,1
63-74,63,74,0,0
78-22,78,22,1,1
16-14,16,14,1,1
38-36,38,36,1,1
58-59,58,59,0,0
26-1,26,1,0,1
76-45,76,45,2,0
4-51,4,51,2,0
28-76,28,76,0,0
18-78,18,78,2,0
6-60,6,60,3,0
12-40,12,40,1,0
72-22,72,22,1,2
73-69,73,69,0,1
53-65,53,65,3,0
60-51,60,51,0,0
60-1,60,1,0,2
78-80,78,80,0,0
36-64,36,64,5,0
33-63,33,63,1,0
64-4,64,4,0,4
20-60,20,60,2,0
64-4,64,4,0,0
49-19,49,19,0,3
50-49,50,49,0,1
48-1,48,1,0,0
59-23,59,23,0,3
31-44,31,44,2,1
39-77,39,77,1,0
50-66,50,66,0,0
33-32,33,32,3,0
21-32,21,32,3,3
16-2,16,2,0,0
5-49,5,49,1,0
33-31,33,31,2,0
55-46,55,46,2,1
13-54,13,54,3,0
80-13,80,13,0,2
80-28,80,28,2,2
40-44,40,44,2,0
65-48,65,48,0,0
39-14,39,14,1,0
71-47,71,47,0,2
36-62,36,62,1,0
20-10,20,10,1,1
64-49,64,49,2,2
78-62,78,62,1,1
53-68,53,68,1,0
7-78,7,78,2,0
7-14,7,14,0,0
23-46,23,46,2,0
61-27,61,27,0,2
1-63,1,63,3,1
10-59,10,59,5,0
22-37,22,37,2,1
35-74,35,74,1,0
61-48,61,48,0,2
29-30,29,30,1,1
62-37,62,37,0,1
23-30,23,30,2,1
67-38,67,38,1,1
1-19,1,19,1,1
54-33,54,33,1,0
58-52,58,52,1,1
10-5,10,5,2,2
68-70,68,70,5,0
24-37,24,37,1,1
77-72,77,72,1,1
62-22,62,22,1,3
51-22,51,22,3,0
38-5,38,5,0,1
71-5,71,5,0,0
34-33,34,33,2,1
76-71,76,71,1,0
57-59,57,59,2,0
62-74,62,74,1,0
79-59,79,59,0,0
71-10,71,10,0,2
19-2,19,2,2,1
44-37,44,37,0,0
79-25,79,25,0,0
78-55,78,55,0,1
35-61,35,61,4,0
26-36,26,36,0,0
14-76,14,76,3,0
37-28,37,28,1,2
29-40,29,40,1,3
61-6,61,6,1,4
57-60,57,60,1,1
77-33,77,33,1,0
47-38,47,38,0,2
53-38,53,38,0,0
5-1,5,1,0,2
14-29,14,29,0,0
40-61,40,61,3,0
14-72,14,72,0,0
43-11,43,11,2,1
25-70,25,70,2,1
5-9,5,9,2,1
80-68,80,68,1,1
62-6,62,6,0,1
68-32,68,32,0,1
20-62,20,62,2,0
36-27,36,27,2,0
17-3,17,3,0,0
41-77,41,77,1,1
1-76,1,76,3,0
33-36,33,36,1,0
17-36,17,36,1,1
50-79,50,79,3,0
21-31,21,31,0,0
57-76,57,76,1,1
80-66,80,66,0,0
36-73,36,73,0,0
48-69,48,69,1,0
30-79,30,79,3,1
19-53,19,53,3,0
31-80,31,80,3,0
30-35,30,35,1,2
34-20,34,20,0,2
56-36,56,36,1,0
23-20,23,20,1,0
8-14,8,14,2,1
4-44,4,44,1,0
50-62,50,62,2,1
60-75,60,75,2,1
63-18,63,18,0,1
45-63,45,63,3,0
53-44,53,44,0,2
54-39,54,39,1,2
37-25,37,25,2,0
29-74,29,74,2,0
19-14,19,14,0,0
69-25,69,25,0,1
75-52,75,52,1,3
47-29,47,29,0,2
79-49,79,49,0,2
39-77,39,77,2,0
34-73,34,73,0,0
29-3,29,3,0,1
46-5,46,5,2,1
4-41,4,41,1,0
69-77,69,77,2,2
48-39,48,39,1,1
47-75,47,75,1,0
22-36,22,36,0,1
46-37,46,37,1,0
8-76,8,76,0,0
68-43,68,43,1,0
47-43,47,43,0,2
59-17,59,17,0,3
46-42,46,42,2,2
47-10,47,10,0,2
38-42,38,42,1,0
79-25,79,25,0,2
56-10,56,10,1,1
37-42,37,42,2,0
18-37,18,37,1,0
16-71,16,71,3,0
2-7,2,7,0,2
16-57,16,57,3,0
52-5,52,5,0,2
69-68,69,68,1,1
67-2,67,2,1,0
77-22,77,22,0,1
10-79,10,79,1,0
52-59,52,59,1,1
22-73,22,73,1,0
72-62,72,62,4,2
36-33,36,33,0,2
7-78,7,78,4,0
1-39,1,39,0,0
58-64,58,64,2,0
10-61,10,61,1,0
17-46,17,46,1,0
70-37,70,37,1,1
21-47,21,47,2,0
61-6,61,6,0,1
43-14,43,14,0,2
20-80,20,80,4,0
63-61,63,61,2,1
8-35,8,35,1,1
63-62,63,62,0,1
24-46,24,46,2,0
40-32,40,32,3,0
37-43,37,43,2,0
68-73,68,73,1,0
55-2,55,2,1,0
7-61,7,61,4,0
43-35,43,35,1,1
15-80,15,80,1,0
5-71,5,71,1,0
38-58,38,58,1,0
5-6,5,6,0,0
29-32,29,32,1,0
18-23,18,23,0,0
48-45,48,45,3,1
74-56,74,56,1,0
41-19,41,19,0,1
57-20,57,20,2,0
60-41,60,41,0,1
27-63,27,63,2,1
76-66,76,66,0,0
71-65,71,65,0,0
36-22,36,22,3,1
41-58,41,58,0,1
54-44,54,44,2,3
51-54,51,54,1,1
3-29,3,29,0,1
25-57,25,57,2,1
39-18,39,18,3,1
55-79,55,79,2,0
36-20,36,20,1,0
52-29,52,29,0,1
6-44,6,44,3,1
64-3,64,3,1,2
74-21,74,21,0,0
20-52,20,52,3,0
6-67,6,67,0,0
17-75,17,75,3,0
31-57,31,57,3,0
25-37,25,37,2,0
16-27,16,27,1,2
38-25,38,25,1,1
45-9,45,9,0,2
73-40,73,40,1,2
14-42,14,42,0,1
20-17,20,17,1,2
28-40,28,40,0,0
63-23,63,23,1,2
22-52,22,52,2,0
67-57,67,57,0,1
22-55,22,55,2,0
36-78,36,78,2,0
26-52,26,52,1,0
41-76,41,76,1,0
66-1,66,1,0,2
11-55,11,55,3,0
45-52,45,52,2,1
55-29,55,29,1,0
78-49,78,49,0,1
33-22,33,22,1,0
48-11,48,11,0,1
73-50,73,50,1,2
35-55,35,55,2,1
10-59,10,59,2,2
43-14,43,14,0,2
27-6,27,6,1,0
58-23,58,23,2,3
46-20,46,20,2,1
46-52,46,52,1,1
69-14,69,14,0,1
78-76,78,76,1,2
23-73,23,73,1,1
72-44,72,44,0,0
44-23,44,23,1,1
65-29,65,29,0,1
10-70,10,70,1,0
13-57,13,57,1,0
77-13,77,13,1,2
44-61,44,61,0,0
21-71,21,71,2,0
51-63,51,63,2,0
51-35,51,35,1,0
23-55,23,55,1,1
52-10,52,10,0,2
41-42,41,42,0,0
72-26,72,26,0,2
3-57,3,57,0,0
78-5,78,5,0,1
74-51,74,51,2,0
70-67,70,67,1,1
72-35,72,35,0,0
5-18,5,18,0,0
6-51,6,51,0,0
44-69,44,69,4,0
34-27,34,27,4,0
31-39,31,39,2,1
62-2,62,2,1,2
2-42,2,42,2,0
24-16,24,16,2,1
71-62,71,62,0,0
39-41,39,41,1,0
68-77,68,77,3,1
44-24,44,24,0,2
44-55,44,55,2,1
79-20,79,20,0,1
74-32,74,32,0,0
28-34,28,34,2,0
2-24,2,24,0,1
71-48,71,48,1,0
48-27,48,27,1,1
46-78,46,78,1,0
17-15,17,15,3,0
61-80,61,80,2,2
62-76,62,76,0,0
77-55,77,55,2,1
37-16,37,16,1,0
77-43,77,43,0,0
36-75,36,75,2,0
79-75,79,75,2,0
42-2,42,2,0,2
53-63,53,63,2,0
44-2,44,2,0,0
27-8,27,8,1,1
48-11,48,11,3,2
47-42,47,42,1,1
62-1,62,1,0,1
56-38,56,38,1,1
14-77,14,77,2,1
26-70,26,70,2,0
32-34,32,34,1,1
70-4,70,4,1,1
30-54,30,54,2,0
36-10,36,10,0,2
6-32,6,32,1,0
80-1,80,1,0,0
2-34,2,34,2,0
17-14,17,14,1,0
31-15,31,15,1,1
54-1,54,1,1,1
77-9,77,9,1,0
32-4,32,4,1,3
76-39,76,39,1,0
46-44,46,44,0,2
36-50,36,50,1,1
39-71,39,71,2,0
42-34,42,34,0,2
46-48,46,48,1,1
7-46,7,46,1,0
51-13,51,13,0,0
5-26,5,26,2,0
69-24,69,24,1,1
44-27,44,27,2,2
16-61,16,61,3,0
28-66,28,66,1,0
67-79,67,79,1,0
13-5,13,5,1,1
43-24,43,24,4,0
5-70,5,70,0,1
40-7,40,7,0,4
69-41,69,41,0,1
30-57,30,57,1,0
45-71,45,71,1,1
23-8,23,8,0,0
56-58,56,58,0,1
31-2,31,2,1,2
36-16,36,16,1,0
41-13,41,13,1,1
30-43,30,43,2,1
70-23,70,23,0,2
65-3,65,3,0,3
3-76,3,76,2,0
75-56,75,56,0,3
29-41,29,41,3,1
18-49,18,49,1,0
32-29,32,29,1,3
38-20,38,20,0,1
4-75,4,75,4,0
40-24,40,24,0,1
37-52,37,52,1,1
37-3,37,3,0,0
18-33,18,33,1,1
78-71,78,71,0,2
2-37,2,37,0,1
59-65,59,65,1,0
42-1,42,1,0,0
16-70,16,70,0,1
6-80,6,80,2,0
58-63,58,63,3,0
29-21,29,21,0,1
40-15,40,15,2,0
49-48,49,48,3,3
49-43,49,43,0,2
75-19,75,19,1,1
10-70,10,70,1,0
6-2,6,2,3,2
80-10,80,10,0,0
42-15,42,15,1,1
45-3,45,3,1,0
70-27,70,27,0,0
30-38,30,38,3,0
55-33,55,33,0,2
35-14,35,14,2,2
49-77,49,77,1,2
40-47,40,47,1,0
18-65,18,65,2,0
5-29,5,29,1,1
41-10,41,10,1,2
65-54,65,54,1,0
6-60,6,60,0,0
36-40,36,40,3,0
6-60,6,60,0,0
45-4,45,4,2,3
66-72,66,72,0,1
52-47,52,47,2,1
5-21,5,21,1,1
24-8,24,8,0,2
70-79,70,79,1,1
61-1,61,1,1,1
70-41,70,41,1,1
20-51,20,51,1,0
57-29,57,29,0,0
20-76,20,76,3,1
51-47,51,47,3,1
75-12,75,12,0,3
55-31,55,31,0,0
6-20,6,20,1,2
22-48,22,48,2,0
34-27,34,27,0,4
72-73,72,73,2,0
78-51,78,51,1,3
53-48,53,48,0,0
79-6,79,6,0,0
50-14,50,14,0,3
64-40,64,40,0,2
7-19,7,19,0,2
30-41,30,41,3,0
50-18,50,18,1,1
30-53,30,53,0,0
37-55,37,55,3,0
64-27,64,27,1,0
25-50,25,50,0,0
39-38,39,38,1,0
33-63,33,63,2,0
80-30,80,30,0,1
30-10,30,10,0,1
51-9,51,9,0,1
60-79,60,79,0,0
73-45,73,45,0,2
47-60,47,60,2,0
5-18,5,18,2,0
19-47,19,47,3,1
73-44,73,44,2,1
59-53,59,53,1,0
31-70,31,70,3,0
11-32,11,32,2,0
9-43,9,43,2,0
42-3,42,3,1,2
40-60,40,60,1,1
42-22,42,22,0,3
73-16,73,16,1,1
14-55,14,55,3,0
55-12,55,12,1,5
12-31,12,31,2,0
64-34,64,34,0,1
29-20,29,20,0,2
10-14,10,14,2,0
41-27,41,27,1,2
48-18,48,18,0,1
54-47,54,47,1,2
43-5,43,5,0,3
70-8,70,8,1,5
54-79,54,79,2,1
69-64,69,64,0,0
48-32,48,32,1,0
60-9,60,9,0,3
65-18,65,18,0,0
10-25,10,25,1,3
35-49,35,49,3,1
57-8,57,8,1,0
4-49,4,49,2,3
78-24,78,24,1,3
70-26,70,26,0,0
61-57,61,57,2,1
2-22,2,22,0,0
72-48,72,48,0,1
59-48,59,48,0,1
80-60,80,60,0,1
21-74,21,74,1,0
22-8,22,8,0,1
15-17,15,17,2,3
58-56,58,56,3,0
20-64,20,64,5,0
40-46,40,46,2,1
49-28,49,28,0,1
8-11,8,11,2,1
38-32,38,32,3,2
39-46,39,46,2,0
66-80,66,80,0,1
33-60,33,60,2,1
46-69,46,69,2,0
13-53,13,53,2,0
21-9,21,9,0,3
27-67,27,67,4,0
26-6,26,6,0,0
72-80,72,80,1,0
62-78,62,78,3,0
60-46,60,46,0,2
45-66,45,66,1,1
8-5,8,5,2,0
39-72,39,72,0,0
43-16,43,16,2,1
57-39,57,39,0,0
76-27,76,27,1,1
68-43,68,43,1,0
7-1,7,1,2,0
48-35,48,35,1,0
78-8,78,8,0,1
34-29,34,29,0,1
73-75,73,75,1,1
47-10,47,10,0,2
70-65,70,65,2,4
57-40,57,40,0,2
2-8,2,8,1,1
54-66,54,66,1,0
27-21,27,21,0,0
36-40,36,40,1,1
76-34,76,34,3,1
66-55,66,55,1,2
30-74,30,74,1,0
8-16,8,16,0,0
9-26,9,26,2,1
15-26,15,26,1,0
62-44,62,44,0,3
42-23,42,23,0,0
76-78,76,78,1,0
64-78,64,78,2,0
68-66,68,66,1,1
4-8,4,8,1,2
67-53,67,53,1,1
22-70,22,70,3,0
40-27,40,27,1,0
78-35,78,35,0,2
23-22,23,22,0,0
32-12,32,12,1,0
16-1,16,1,1,1
21-22,21,22,1,0
17-59,17,59,2,2
13-5,13,5,1,0
58-27,58,27,0,0
13-5,13,5,3,0
76-5,76,5,1,1
50-54,50,54,1,1
63-35,63,35,0,2
20-36,20,36,2,1
9-5,9,5,0,2
22-55,22,55,1,1
11-61,11,61,1,0
46-5,46,5,1,1
30-20,30,20,1,2
45-74,45,74,2,0
19-77,19,77,2,0
37-27,37,27,2,0
48-34,48,34,1,2
31-43,31,43,2,0
51-37,51,37,0,3
44-63,44,63,2,0
46-12,46,12,0,1
23-6,23,6,1,0
49-62,49,62,2,0
79-40,79,40,0,2
49-36,49,36,0,0
52-5,52,5,1,0
13-32,13,32,0,2
33-73,33,73,1,1
53-15,53,15,1,1
37-52,37,52,1,1
23-16,23,16,2,1
73-63,73,63,3,0
51-36,51,36,1,0
41-54,41,54,1,0
38-54,38,54,0,1
17-46,17,46,2,0
40-36,40,36,1,1
21-2,21,2,1,0
77-59,77,59,0,0
29-55,29,55,2,0
79-76,79,76,1,1
67-43,67,43,0,0
29-69,29,69,2,1
58-36,58,36,0,0
73-61,73,61,3,1
5-74,5,74,0,1
36-64,36,64,0,0
51-12,51,12,0,1
68-32,68,32,0,0
30-64,30,64,1,0
20-7,20,7,1,2
13-45,13,45,3,0
51-80,51,80,3,0
16-65,16,65,1,0
4-7,4,7,0,2
20-27,20,27,1,0
49-6,49,6,1,1
70-66,70,66,1,0
66-16,66,16,0,2
70-66,70,66,0,1
76-40,76,40,1,0
36-55,36,55,4,0
20-8,20,8,1,0
49-70,49,70,2,1
58-79,58,79,1,2
73-40,73,40,1,0
79-15,79,15,0,3
50-58,50,58,1,0
36-32,36,32,1,2
73-23,73,23,0,1
19-46,19,46,2,1
40-67,40,67,2,0
19-52,19,52,3,1
31-13,31,13,1,2
3-67,3,67,1,0
39-13,39,13,1,1
12-72,12,72,1,1
51-42,51,42,2,0
80-31,80,31,0,2
41-45,41,45,1,1
23-53,23,53,1,0
61-34,61,34,1,1
37-34,37,34,2,0
47-64,47,64,4,0
11-77,11,77,1,0
23-65,23,65,2,1
41-64,41,64,3,0
23-2,23,2,0,3
34-29,34,29,1,1
56-8,56,8,1,3
2-63,2,63,1,0
8-54,8,54,1,1
79-58,79,58,0,1
63-12,63,12,0,1
13-39,13,39,1,0
68-20,68,20,0,1
7-18,7,18,1,0
8-75,8,75,3,0
44-60,44,60,5,1
69-4,69,4,2,2
57-20,57,20,0,3
46-15,46,15,1,0
77-7,77,7,0,3
65-42,65,42,0,1
5-11,5,11,0,0
17-21,17,21,2,2
63-77,63,77,1,1
51-54,51,54,1,1
18-36,18,36,0,0
78-51,78,51,0,0
17-39,17,39,1,0
31-21,31,21,1,0
80-69,80,69,1,1
37-78,37,78,3,0
11-15,11,15,0,1
67-21,67,21,0,0
47-7,47,7,0,1
53-25,53,25,2,2
21-7,21,7,0,0
49-35,49,35,0,1
26-80,26,80,2,1
32-7,32,7,1,0
30-2,30,2,1,3
35-67,35,67,4,1
41-25,41,25,0,1
29-19,29,19,2,3
59-67,59,67,2,1
1-35,1,35,0,1
10-5,10,5,2,0
25-53,25,53,0,0
39-2,39,2,0,0
3-31,3,31,2,2
46-5,46,5,2,3
4-28,4,28,0,0
35-74,35,74,1,0
17-41,17,41,1,0
63-23,63,23,0,1
21-62,21,62,2,0
20-46,20,46,1,0
52-65,52,65,4,0
16-66,16,66,1,0
53-60,53,60,1,0
19-64,19,64,1,1
16-3,16,3,1,1
65-68,65,68,0,1
23-25,23,25,1,1
32-49,32,49,2,0
53-60,53,60,2,1
66-26,66,26,0,2
15-55,15,55,4,0
50-63,50,63,0,0
5-3,5,3,1,0
44-4,44,4,0,1
36-46,36,46,3,0
73-12,73,12,0,0
69-42,69,42,2,0
29-5,29,5,0,1
33-3,33,3,1,0
1-34,1,34,2,0
21-68,21,68,1,0
39-11,39,11,1,2
78-28,78,28,0,1
25-35,25,35,2,1
26-16,26,16,1,1
78-48,78,48,3,1
38-64,38,64,1,0
6-43,6,43,2,0
7-13,7,13,2,0
1-57,1,57,0,0
28-33,28,33,2,1
8-39,8,39,2,0
55-32,55,32,0,1
23-72,23,72,2,1
63-20,63,20,0,1
70-77,70,77,1,2
78-39,78,39,1,2
35-58,35,58,2,1
36-9,36,9,0,0
6-36,6,36,0,1
41-79,41,79,2,1
38-75,38,75,0,0
13-67,13,67,1,0
31-3,31,3,0,2
54-19,54,19,0,1
16-35,16,35,1,1
2-71,2,71,2,0
19-76,19,76,1,0
48-13,48,13,1,0
14-1,14,1,2,1
25-10,25,10,1,3
76-30,76,30,0,1
52-1,52,1,1,1
55-58,55,58,1,1
77-22,77,22,0,0
45-74,45,74,2,0
77-51,77,51,0,1
22-26,22,26,3,1
15-73,15,73,2,0
56-69,56,69,1,1
21-45,21,45,2,0
21-51,21,51,3,1
66-26,66,26,0,1
14-79,14,79,0,0
45-69,45,69,3,0
5-34,5,34,0,0
24-60,24,60,1,1
5-66,5,66,3,0
26-66,26,66,1,1
18-62,18,62,2,0
13-68,13,68,3,1
59-34,59,34,0,3
16-26,16,26,1,0
64-75,64,75,1,0
53-36,53,36,2,1
77-80,77,80,2,0
65-8,65,8,1,3
21-50,21,50,1,1
21-57,21,57,0,0
53-43,53,43,0,0
1-67,1,67,0,0
17-11,17,11,1,0
76-79,76,79,1,0
67-47,67,47,1,1
26-58,26,58,2,0
65-17,65,17,0,1
59-33,59,33,1,1
79-75,79,75,1,0
73-11,73,11,1,0
73-64,73,64,2,0
46-20,46,20,0,1
22-77,22,77,0,0
63-58,63,58,0,0
74-33,74,33,1,1
78-70,78,70,1,2
44-70,44,70,1,0
29-40,29,40,3,0
3-56,3,56,3,0
21-68,21,68,1,1
50-58,50,58,1,1
51-5,51,5,0,1
11-20,11,20,2,1
12-20,12,20,0,2
6-79,6,79,2,0
11-3,11,3,2,0
69-80,69,80,0,1
33-76,33,76,1,0
79-71,79,71,0,1
27-60,27,60,2,1
17-7,17,7,0,3
54-79,54,79,3,0
43-17,43,17,0,2
4-78,4,78,1,0
17-41,17,41,1,0
62-28,62,28,1,4
49-10,49,10,1,0
31-18,31,18,1,1
5-63,5,63,2,0
11-14,11,14,1,1
42-5,42,5,0,1
50-38,50,38,1,0
41-26,41,26,0,1
2-27,2,27,0,3
2-38,2,38,1,1
1-73,1,73,2,0
66-9,66,9,0,3
29-58,29,58,0,3
9-26,9,26,0,2
43-51,43,51,1,1
47-79,47,79,0,0
46-16,46,16,0,0
36-6,36,6,1,0
53-47,53,47,2,2
79-60,79,60,1,2
65-32,65,32,0,1
26-24,26,24,1,1
73-39,73,39,1,3
17-10,17,10,0,1
22-31,22,31,0,1
48-31,48,31,0,2
31-14,31,14,1,1
32-10,32,10,2,0
60-24,60,24,0,1
35-45,35,45,0,2
48-56,48,56,1,0
19-35,19,35,2,1
30-15,30,15,0,0
40-17,40,17,0,1
25-35,25,35,1,0
37-57,37,57,2,0
71-47,71,47,0,1
8-10,8,10,0,1
66-10,66,10,1,3
31-73,31,73,1,0
70-33,70,33,1,1
12-11,12,11,1,1
18-26,18,26,0,0
28-80,28,80,2,0
57-20,57,20,0,0
26-32,26,32,1,0
6-28,6,28,1,0
37-53,37,53,2,0
37-7,37,7,1,2
17-59,17,59,1,1
17-39,17,39,1,0
21-31,21,31,1,1
57-4,57,4,0,1
15-33,15,33,2,1
37-1,37,1,1,0
19-65,19,65,2,0
9-35,9,35,1,0
16-54,16,54,1,0
39-33,39,33,1,4
45-27,45,27,0,2
9-16,9,16,1,0
13-44,13,44,0,0
49-75,49,75,2,0
1-37,1,37,0,0
73-35,73,35,0,1
37-4,37,4,0,3
77-49,77,49,1,3
2-73,2,73,1,0
60-25,60,25,1,4
67-59,67,59,1,1
78-17,78,17,0,1
65-59,65,59,1,1
55-11,55,11,0,3
78-77,78,77,1,1
39-79,39,79,1,1
46-57,46,57,1,0
11-76,11,76,1,0
3-60,3,60,1,1
54-71,54,71,1,0
58-50,58,50,2,1
65-75,65,75,2,1
51-56,51,56,1,0
56-5,56,5,0,2
43-47,43,47,0,2
55-61,55,61,0,0
53-67,53,67,1,0
14-23,14,23,0,1
13-47,13,47,2,1
11-36,11,36,1,1
77-33,77,33,0,1
51-1,51,1,2,0
27-76,27,76,2,1
9-41,9,41,0,0
14-16,14,16,1,1
50-22,50,22,1,2
44-3,44,3,0,0
24-40,24,40,0,1
24-18,24,18,0,0
41-56,41,56,1,0
5-46,5,46,1,2
32-62,32,62,0,0
19-78,19,78,2,1
74-3,74,3,1,0
16-70,16,70,2,0
28-49,28,49,3,1
66-50,66,50,1,1
36-32,36,32,1,1
71-80,71,80,1,1
80-41,80,41,0,0
48-52,48,52,0,0
4-59,4,59,2,0
62-26,62,26,0,1
57-18,57,18,1,2
8-59,8,59,2,1
3-64,3,64,1,0
1-32,1,32,0,1
54-58,54,58,1,3
15-19,15,19,0,1
41-40,41,40,0,2
48-6,48,6,1,1
52-63,52,63,3,0
69-65,69,65,1,0
50-29,50,29,1,0
2-15,2,15,4,2
5-31,5,31,0,1
66-16,66,16,0,2
80-35,80,35,0,1
49-71,49,71,1,0
60-80,60,80,2,0
65-27,65,27,0,3
41-1,41,1,0,2
13-7,13,7,2,1
52-77,52,77,3,0
17-13,17,13,1,0
50-36,50,36,2,0
1-61,1,61,0,0
56-37,56,37,0,1
21-50,21,50,1,3
41-68,41,68,2,1
76-62,76,62,3,0
14-76,14,76,1,0
34-15,34,15,0,1
17-8,17,8,2,0
45-69,45,69,1,0
4-24,4,24,2,0
60-30,60,30,1,0
51-27,51,27,3,0
63-7,63,7,1,1
75-71,75,71,0,1
50-19,50,19,0,0
32-23,32,23,1,0
15-39,15,39,1,0
73-77,73,77,0,0
20-60,20,60,2,0
25-79,25,79,1,0
57-21,57,21,1,1
29-62,29,62,1,0
52-73,52,73,3,0
14-40,14,40,1,0
77-60,77,60,0,1
11-29,11,29,0,1
51-58,51,58,1,0
49-38,49,38,0,1
51-69,51,69,2,0
45-62,45,62,2,0
50-38,50,38,0,0
71-32,71,32,0,0
59-38,59,38,0,0
10-3,10,3,2,2
58-48,58,48,1,0
70-42,70,42,2,0
75-60,75,60,1,1
66-58,66,58,1,0
71-53,71,53,0,0
37-52,37,52,1,1
62-68,62,68,0,0
23-78,23,78,1,0
75-72,75,72,2,0
1-14,1,14,0,0
77-5,77,5,0,1
44-22,44,22,1,0
11-68,11,68,3,1
10-79,10,79,1,1
77-36,77,36,1,1
34-5,34,5,0,1
13-5,13,5,0,0
64-31,64,31,0,1
7-32,7,32,2,3
64-62,64,62,1,0
56-64,56,64,2,1
73-8,73,8,0,3
38-62,38,62,1,0
3-14,3,14,0,0
69-1,69,1,0,2
76-14,76,14,0,4
7-58,7,58,2,1
72-47,72,47,2,3
46-34,46,34,0,2
30-11,30,11,1,0
36-21,36,21,0,0
22-78,22,78,0,0
80-15,80,15,0,1
58-13,58,13,0,3
58-79,58,79,1,0
63-11,63,11,0,0
80-49,80,49,1,0
51-38,51,38,0,1
67-38,67,38,0,1
6-29,6,29,1,0
6-43,6,43,0,0
72-76,72,76,0,0
47-29,47,29,1,1
46-50,46,50,1,0
70-67,70,67,0,0
19-38,19,38,1,0
4-25,4,25,1,2
77-40,77,40,1,2
11-7,11,7,0,2
76-61,76,61,0,2
58-62,58,62,0,0
51-72,51,72,0,2
9-50,9,50,2,0
77-15,77,15,0,1
16-78,16,78,2,1
64-2,64,2,0,1
19-10,19,10,1,1
41-38,41,38,0,1
24-63,24,63,2,0
64-3,64,3,0,4
80-10,80,10,0,4
46-20,46,20,1,0
59-28,59,28,0,2
30-60,30,60,0,1
71-76,71,76,3,0
72-1,72,1,0,2
16-22,16,22,3,0
35-27,35,27,1,1
20-65,20,65,1,0
72-39,72,39,0,2
52-6,52,6,0,1
69-63,69,63,0,2
56-76,56,76,2,0
40-75,40,75,3,0
27-43,27,43,1,0
73-24,73,24,0,0
8-38,8,38,0,0
8-19,8,19,1,1
13-18,13,18,1,0
57-23,57,23,0,1
77-9,77,9,0,0
39-24,39,24,3,1
30-38,30,38,0,1
8-47,8,47,2,2
60-73,60,73,0,0
75-25,75,25,0,2
10-44,10,44,3,1
8-2,8,2,2,0
9-40,9,40,1,1
56-72,56,72,3,1
6-77,6,77,1,0
21-19,21,19,0,1
22-38,22,38,0,1
23-7,23,7,1,1
35-54,35,54,0,1
73-49,73,49,0,3
24-54,24,54,0,0
36-5,36,5,0,0
57-49,57,49,0,1
58-8,58,8,0,1
76-7,76,7,1,1
15-12,15,12,1,1
34-36,34,36,3,1
59-55,59,55,1,1
20-80,20,80,3,0
27-12,27,12,2,1
77-26,77,26,0,1
4-8,4,8,1,2
17-54,17,54,0,0
80-50,80,50,1,0
49-11,49,11,0,1
79-36,79,36,0,2
22-63,22,63,2,0
14-52,14,52,3,0
26-46,26,46,1,0
6-60,6,60,2,1
63-55,63,55,1,2
19-58,19,58,1,0
13-36,13,36,0,2
80-47,80,47,1,2
21-34,21,34,0,0
71-80,71,80,0,1
22-9,22,9,2,0
2-58,2,58,0,0
21-19,21,19,2,1
64-43,64,43,0,0
65-9,65,9,0,2
24-45,24,45,0,1
1-24,1,24,0,1
43-54,43,54,2,0
80-73,80,73,1,0
77-55,77,55,0,1
41-9,41,9,0,0
71-74,71,74,0,0
36-1,36,1,1,1
52-3,52,3,0,1
33-1,33,1,2,1
57-78,57,78,0,0
31-76,31,76,2,0
71-70,71,70,0,1
16-12,16,12,0,2
45-2,45,2,1,0
29-54,29,54,1,1
23-20,23,20,0,1
1-43,1,43,3,0
50-75,50,75,1,0
42-69,42,69,2,0
14-51,14,51,1,1
67-20,67,20,0,1
47-54,47,54,2,3
23-68,23,68,0,0
14-72,14,72,1,0
77-31,77,31,2,1
9-25,9,25,3,0
1-61,1,61,2,0
55-72,55,72,1,0
44-22,44,22,1,2
47-13,47,13,0,1
50-62,50,62,3,0
78-8,78,8,0,1
3-29,3,29,2,0
49-59,49,59,0,0
25-58,25,58,1,0
37-18,37,18,0,0
41-74,41,74,3,1
1-63,1,63,1,0
47-49,47,49,1,1
57-41,57,41,1,0
74-59,74,59,1,0
74-36,74,36,2,0
17-30,17,30,0,1
79-76,79,76,2,0
18-34,18,34,2,0
80-35,80,35,1,1
59-61,59,61,2,0
60-56,60,56,0,2
47-3,47,3,0,2
47-24,47,24,1,1
6-8,6,8,1,0
58-59,58,59,1,0
31-38,31,38,1,0
78-25,78,25,2,1
18-16,18,16,0,1
16-4,16,4,1,0
38-43,38,43,1,1
21-31,21,31,1,0
68-49,68,49,0,3
63-44,63,44,1,2
26-21,26,21,1,2
19-6,19,6,2,2
64-58,64,58,0,1
5-3,5,3,2,0
54-75,54,75,1,1
9-2,9,2,0,1
3-51,3,51,0,1
19-26,19,26,0,0
15-3,15,3,2,0
17-76,17,76,3,0
11-16,11,16,1,2
62-51,62,51,2,0
65-75,65,75,0,0
22-9,22,9,2,1
2-35,2,35,2,0
51-16,51,16,1,0
74-59,74,59,0,0
13-39,13,39,2,0
48-65,48,65,2,1
22-20,22,20,0,0
13-24,13,24,2,1
3-53,3,53,1,0
64-41,64,41,0,0
27-23,27,23,0,1
22-24,22,24,2,1
41-75,41,75,3,0
56-61,56,61,0,1
49-44,49,44,1,1
14-6,14,6,0,2
6-5,6,5,3,2
39-23,39,23,0,1
40-19,40,19,0,0
57-63,57,63,1,0
15-58,15,58,1,1
63-43,63,43,1,0
53-51,53,51,3,0
25-46,25,46,1,0
64-49,64,49,3,1
40-80,40,80,3,0
13-39,13,39,1,2
55-66,55,66,1,1
35-7,35,7,0,3
39-1,39,1,3,1
22-20,22,20,0,1
43-39,43,39,2,0
33-13,33,13,2,1
33-40,33,40,2,2
51-58,51,58,0,0
76-57,76,57,0,0
12-4,12,4,0,1
80-69,80,69,1,0
77-23,77,23,0,1
25-66,25,66,3,0
40-53,40,53,2,1
56-76,56,76,1,1
65-52,65,52,2,0
5-8,5,8,1,0
58-69,58,69,2,0
61-69,61,69,3,0
60-62,60,62,1,1
2-26,2,26,0,0
33-54,33,54,0,0
7-41,7,41,1,0
10-43,10,43,0,0
25-13,25,13,0,0
22-18,22,18,0,0
11-46,11,46,3,0
25-6,25,6,0,1
28-6,28,6,0,0
14-54,14,54,2,0
69-26,69,26,0,1
75-37,75,37,0,0
50-36,50,36,2,0
5-50,5,50,2,1
75-15,75,15,0,3
64-28,64,28,0,2
58-53,58,53,3,0
80-57,80,57,0,1
45-23,45,23,1,3
62-1,62,1,0,3
41-79,41,79,3,0
38-14,38,14,0,0
10-28,10,28,0,1
30-63,30,63,3,0
49-1,49,1,0,2
54-73,54,73,0,0
63-3,63,3,0,1
21-55,21,55,0,0
64-68,64,68,1,0
35-44,35,44,2,0
11-32,11,32,1,0
24-64,24,64,1,0
17-77,17,77,0,1
68-58,68,58,0,2
77-15,77,15,2,0
2-67,2,67,3,0
68-39,68,39,0,0
10-69,10,69,1,0
17-68,17,68,1,0
40-18,40,18,1,0
6-56,6,56,2,1
14-54,14,54,2,1
79-80,79,80,2,0
49-51,49,51,0,1
30-76,30,76,0,1
35-23,35,23,1,0
6-27,6,27,0,0
1-10,1,10,2,0
59-79,59,79,2,1
57-20,57,20,1,2
17-33,17,33,1,0
22-7,22,7,0,1
62-19,62,19,0,1
15-12,15,12,2,1
51-52,51,52,4,1
73-26,73,26,1,2
3-18,3,18,3,2
20-16,20,16,0,1
75-29,75,29,0,0
12-59,12,59,4,0
15-22,15,22,0,2
74-68,74,68,2,0
57-55,57,55,2,1
6-3,6,3,2,0
42-4,42,4,2,3
20-26,20,26,1,0
13-17,13,17,1,1
62-2,62,2,1,3
41-58,41,58,1,1
59-12,59,12,0,2
10-43,10,43,1,1
25-70,25,70,3,1
30-62,30,62,1,1
49-61,49,61,1,1
8-57,8,57,0,0
3-29,3,29,3,0
54-9,54,9,1,0
50-30,50,30,0,2
58-24,58,24,1,1
47-49,47,49,1,0
34-41,34,41,0,0
41-80,41,80,3,0
53-28,53,28,0,0
6-74,6,74,3,0
58-20,58,20,2,3
41-75,41,75,1,0
74-67,74,67,2,0
49-75,49,75,1,0
7-25,7,25,0,0
23-1,23,1,1,3
60-63,60,63,1,0
31-3,31,3,1,0
20-46,20,46,2,1
60-76,60,76,4,1
61-40,61,40,1,2
51-41,51,41,0,0
49-16,49,16,0,2
27-5,27,5,0,0
26-46,26,46,0,1
64-4,64,4,0,3
75-55,75,55,3,0
29-20,29,20,0,0
32-15,32,15,3,0
27-3,27,3,1,2
21-61,21,61,6,0
27-28,27,28,3,2
21-13,21,13,1,0
49-41,49,41,2,0
72-19,72,19,0,1
36-79,36,79,1,0
53-29,53,29,1,2
62-24,62,24,0,0
9-67,9,67,1,2
45-65,45,65,0,0
4-77,4,77,2,0
16-63,16,63,1,1
24-29,24,29,3,0
51-16,51,16,1,1
59-71,59,71,0,0
52-73,52,73,3,1
5-71,5,71,1,0
43-10,43,10,1,0
43-36,43,36,0,0
22-2,22,2,1,1
51-25,51,25,2,2
18-78,18,78,2,0
70-54,70,54,1,1
27-17,27,17,2,1
52-33,52,33,1,0
8-29,8,29,0,2
79-45,79,45,0,0
52-38,52,38,1,0
52-43,52,43,1,0
22-38,22,38,2,2
28-73,28,73,0,0
36-78,36,78,2,0
11-75,11,75,1,1
42-15,42,15,0,0
65-35,65,35,0,2
26-30,26,30,0,1
80-53,80,53,0,1
39-31,39,31,4,0
17-38,17,38,0,0
74-36,74,36,1,0
56-66,56,66,0,0
14-4,14,4,3,0
40-73,40,73,1,0
16-77,16,77,0,0
47-61,47,61,2,0
29-16,29,16,0,3
79-20,79,20,2,0
69-23,69,23,1,1
73-35,73,35,1,1
45-73,45,73,2,0
23-5,23,5,1,2
5-17,5,17,1,0
78-37,78,37,0,0
74-60,74,60,1,2
66-28,66,28,1,1
15-2,15,2,0,1
53-52,53,52,0,0
17-28,17,28,1,1
53-61,53,61,2,0
76-53,76,53,2,1
28-67,28,67,0,1
38-79,38,79,2,1
75-39,75,39,0,3
37-26,37,26,0,1
44-46,44,46,0,0
17-61,17,61,0,0
19-48,19,48,3,0
39-62,39,62,1,0
63-13,63,13,1,1
78-44,78,44,0,3
61-33,61,33,1,1
76-25,76,25,1,0
16-62,16,62,4,0
24-55,24,55,0,1
16-33,16,33,0,3
43-76,43,76,3,2
56-34,56,34,2,2
41-24,41,24,1,2
37-1,37,1,1,1
36-37,36,37,2,0
48-26,48,26,0,1
70-58,70,58,1,0
31-28,31,28,1,2
77-55,77,55,1,1
14-25,14,25,0,1
80-8,80,8,1,1
39-17,39,17,3,0
29-19,29,19,0,3
67-42,67,42,0,2
4-9,4,9,0,0
46-77,46,77,0,1
54-6,54,6,0,3
41-3,41,3,0,1
37-13,37,13,2,1
72-63,72,63,4,0
21-18,21,18,0,1
39-2,39,2,0,3
76-3,76,3,0,0
15-12,15,12,1,3
55-50,55,50,1,1
49-35,49,35,2,2
40-15,40,15,0,0
71-74,71,74,1,0
30-59,30,59,2,0
21-33,21,33,0,0
70-63,70,63,1,1
20-45,20,45,1,1
65-80,65,80,1,1
52-68,52,68,1,1
47-41,47,41,1,2
80-27,80,27,1,3
21-48,21,48,3,1
66-10,66,10,0,1
56-43,56,43,0,1
13-42,13,42,1,0
29-49,29,49,3,0
38-24,38,24,2,1
38-12,38,12,0,2
64-14,64,14,0,2
26-74,26,74,3,1
29-56,29,56,1,0
80-79,80,79,2,0
78-75,78,75,1,1
22-26,22,26,2,1
28-63,28,63,2,0
30-38,30,38,1,0
65-48,65,48,0,1
25-58,25,58,4,0
16-8,16,8,0,0
57-13,57,13,1,0
27-9,27,9,1,0
79-12,79,12,1,0
49-19,49,19,1,2
69-35,69,35,1,1
19-64,19,64,2,0
20-16,20,16,0,1
29-52,29,52,0,1
26-73,26,73,3,0
27-79,27,79,1,0
3-4,3,4,2,0
45-60,45,60,3,0
18-74,18,74,0,1
3-13,3,13,2,2
32-4,32,4,0,0
6-57,6,57,3,0
26-41,26,41,1,0
10-17,10,17,1,0
59-16,59,16,1,2
24-31,24,31,1,0
27-75,27,75,2,0
71-59,71,59,0,1
68-73,68,73,2,0
66-15,66,15,1,1
45-69,45,69,1,0
38-45,38,45,2,2
4-28,4,28,2,0
12-3,12,3,0,2
78-21,78,21,0,0
68-77,68,77,0,0
56-76,56,76,1,0
8-33,8,33,0,2
78-31,78,31,0,2
15-4,15,4,1,1
73-17,73,17,0,1
27-61,27,61,1,1
5-54,5,54,1,1
59-56,59,56,2,0
52-15,52,15,0,0
33-5,33,5,1,0
52-70,52,70,1,1
77-13,77,13,1,0
62-80,62,80,1,0
52-51,52,51,0,1
5-57,5,57,4,0
69-72,69,72,1,0
37-22,37,22,1,0
68-41,68,41,0,2
46-70,46,70,5,1
35-29,35,29,1,1
50-51,50,51,1,1
13-27,13,27,1,1
33-43,33,43,1,2
30-21,30,21,3,0
12-25,12,25,1,0
73-54,73,54,1,1
47-58,47,58,0,0
74-16,74,16,0,3
41-17,41,17,0,1
35-33,35,33,1,2
33-70,33,70,2,0
22-77,22,77,1,1
44-7,44,7,0,6
34-47,34,47,1,0
63-52,63,52,0,1
68-77,68,77,0,1
24-39,24,39,1,1
11-52,11,52,0,0
69-62,69,62,0,0
22-17,22,17,0,1
65-37,65,37,0,1
79-71,79,71,2,1
63-11,63,11,1,1
23-58,23,58,1,0
34-42,34,42,0,1
47-17,47,17,0,2
9-58,9,58,2,0
78-64,78,64,0,0
37-2,37,2,1,0
70-59,70,59,0,2
69-62,69,62,0,0
52-67,52,67,2,1
59-76,59,76,1,0
8-14,8,14,3,0
60-30,60,30,0,1
79-39,79,39,0,1
4-49,4,49,2,1
48-45,48,45,1,2
53-35,53,35,0,3
46-9,46,9,1,2
32-26,32,26,1,1
67-18,67,18,2,0
62-37,62,37,0,4
75-9,75,9,0,1
29-57,29,57,1,0
49-67,49,67,2,1
64-35,64,35,0,2
46-10,46,10,0,0
4-19,4,19,1,0
37-57,37,57,3,0
9-38,9,38,2,1
43-77,43,77,2,0
49-41,49,41,1,4
61-26,61,26,0,0
25-29,25,29,2,3
41-57,41,57,1,2
33-30,33,30,2,0
53-75,53,75,1,1
44-29,44,29,2,3
37-71,37,71,3,1
38-37,38,37,1,1
41-29,41,29,0,1
36-31,36,31,1,0
51-5,51,5,0,2
72-16,72,16,0,2
40-80,40,80,1,0
56-16,56,16,0,2
12-21,12,21,1,0
34-16,34,16,0,1
30-76,30,76,1,1
56-69,56,69,0,0
5-48,5,48,0,0
17-41,17,41,0,0
44-26,44,26,1,1
30-24,30,24,2,0
72-29,72,29,1,2
39-23,39,23,3,2
22-13,22,13,2,2
8-23,8,23,0,0
74-5,74,5,1,1
37-34,37,34,0,0
10-55,10,55,4,0
62-38,62,38,1,2
17-1,17,1,1,0
30-56,30,56,3,0
66-54,66,54,0,2
65-80,65,80,0,0
43-70,43,70,0,0
59-13,59,13,0,1
61-58,61,58,3,0
16-47,16,47,0,0
36-59,36,59,0,0
55-59,55,59,2,0
71-35,71,35,0,0
11-51,11,51,1,0
69-56,69,56,0,0
45-27,45,27,2,1
23-33,23,33,2,0
8-41,8,41,1,0
60-47,60,47,3,1
18-13,18,13,1,1
25-54,25,54,0,1
78-50,78,50,2,1
14-10,14,10,4,1
42-55,42,55,0,3
44-73,44,73,0,1
40-46,40,46,1,1
37-27,37,27,0,1
23-13,23,13,0,1
28-64,28,64,2,0
27-46,27,46,1,1
65-20,65,20,1,3
7-50,7,50,1,0
77-37,77,37,1,1
28-4,28,4,2,2
11-29,11,29,4,0
64-16,64,16,0,2
47-8,47,8,0,2
38-26,38,26,1,1
78-12,78,12,0,1
77-14,77,14,1,4
56-67,56,67,1,2
40-8,40,8,0,1
19-76,19,76,0,0
36-75,36,75,3,0
22-58,22,58,1,2
56-76,56,76,0,0
33-70,33,70,2,0
48-52,48,52,0,0
65-70,65,70,3,0
45-59,45,59,1,0
59-77,59,77,1,1
71-47,71,47,1,1
70-57,70,57,0,3
43-26,43,26,0,1
2-44,2,44,2,0
1-75,1,75,1,0
73-2,73,2,1,3
41-44,41,44,2,1
35-37,35,37,0,2
77-37,77,37,1,2
47-65,47,65,1,1
15-9,15,9,4,0
30-60,30,60,2,0
64-72,64,72,1,2
29-2,29,2,0,0
79-3,79,3,0,1
71-32,71,32,1,1
59-71,59,71,1,0
19-25,19,25,2,0
13-63,13,63,2,0
5-18,5,18,1,0
46-77,46,77,1,1
72-3,72,3,0,0
11-5,11,5,1,0
49-71,49,71,1,0
5-76,5,76,2,0
18-45,18,45,5,0
38-48,38,48,0,1
34-70,34,70,2,1
64-5,64,5,0,0
35-75,35,75,2,2
47-33,47,33,0,1
70-73,70,73,0,0
68-51,68,51,0,1
75-33,75,33,0,0
8-25,8,25,1,2
45-4,45,4,1,0
23-27,23,27,0,2
50-18,50,18,1,3
13-41,13,41,3,1
29-80,29,80,0,0
32-43,32,43,1,0
74-38,74,38,0,2
3-67,3,67,3,1
31-49,31,49,1,1
31-32,31,32,1,0
73-46,73,46,1,2
40-56,40,56,0,0
49-64,49,64,2,1
7-69,7,69,3,0
71-49,71,49,1,1
29-45,29,45,1,0
65-76,65,76,1,0
5-51,5,51,2,0
42-59,42,59,0,0
16-14,16,14,1,1
69-74,69,74,3,0
67-35,67,35,0,1
59-5,59,5,1,0
3-1,3,1,3,1
2-5,2,5,2,0
42-23,42,23,1,2
9-57,9,57,1,1
58-28,58,28,0,1
38-63,38,63,1,0
78-19,78,19,0,1
8-23,8,23,1,1
57-47,57,47,0,0
3-22,3,22,1,2
36-78,36,78,1,0
12-67,12,67,3,0
37-27,37,27,1,0
79-45,79,45,0,1
53-75,53,75,2,1
43-38,43,38,0,1
5-61,5,61,0,0
73-56,73,56,2,1
3-27,3,27,2,1
50-12,50,12,0,0
66-32,66,32,0,3
11-68,11,68,3,0
78-48,78,48,0,0
35-52,35,52,0,2
10-57,10,57,0,0
66-59,66,59,0,3
10-6,10,6,1,0
36-1,36,1,1,0
36-12,36,12,0,2
7-3,7,3,2,0
44-18,44,18,0,0
26-11,26,11,1,0
39-24,39,24,1,2
52-62,52,62,3,0
52-46,52,46,0,1
22-80,22,80,0,1
14-50,14,50,0,0
42-7,42,7,2,1
25-12,25,12,0,1
31-15,31,15,0,1
10-27,10,27,0,1
37-73,37,73,3,2
67-48,67,48,1,0
25-70,25,70,2,1
74-64,74,64,0,2
80-31,80,31,0,0
66-55,66,55,1,1
79-33,79,33,0,1
17-39,17,39,2,0
45-49,45,49,1,2
10-43,10,43,1,0
11-77,11,77,2,0
27-40,27,40,4,2
54-11,54,11,0,3
43-46,43,46,1,1
31-53,31,53,1,0
60-67,60,67,2,0
79-58,79,58,0,0
71-18,71,18,0,2
73-14,73,14,0,0
7-32,7,32,1,0
70-65,70,65,1,1
20-47,20,47,0,2
21-35,21,35,3,1
8-48,8,48,2,0
20-10,20,10,1,0
34-20,34,20,0,0
40-2,40,2,0,0
32-11,32,11,2,3
9-3,9,3,3,0
70-12,70,12,0,3
80-13,80,13,0,1
57-75,57,75,1,2
12-55,12,55,0,0
42-45,42,45,1,1
57-20,57,20,0,4
9-4,9,4,2,0
30-3,30,3,2,1
30-26,30,26,3,0
5-21,5,21,0,3
73-29,73,29,3,2
5-6,5,6,2,0
55-41,55,41,0,2
10-54,10,54,1,0
79-66,79,66,0,1
75-43,75,43,0,0
55-67,55,67,1,0
67-65,67,65,3,0
3-37,3,37,1,1
1-29,1,29,1,1
14-61,14,61,1,0
10-19,10,19,2,0
22-79,22,79,1,0
19-42,19,42,2,0
48-7,48,7,1,1
38-22,38,22,0,3
41-66,41,66,1,0
32-76,32,76,0,0
22-69,22,69,0,1
46-31,46,31,1,1
76-30,76,30,0,0
44-4,44,4,0,1
80-79,80,79,0,0
3-80,3,80,1,0
36-28,36,28,2,0
46-29,46,29,0,1
75-34,75,34,0,0
72-52,72,52,0,2
69-25,69,25,1,1
25-63,25,63,2,0
11-16,11,16,1,2
16-35,16,35,1,2
46-72,46,72,1,0
22-61,22,61,1,1
29-40,29,40,1,0
51-57,51,57,3,0
61-20,61,20,0,1
41-25,41,25,1,2
22-41,22,41,1,1
59-73,59,73,0,0
32-53,32,53,2,0
72-73,72,73,2,1
59-9,59,9,1,1
18-16,18,16,1,2
17-15,17,15,0,1
15-27,15,27,1,0
10-62,10,62,1,0
73-72,73,72,2,0
61-16,61,16,0,3
48-8,48,8,0,1
37-44,37,44,0,0
13-69,13,69,1,0
7-32,7,32,2,0
60-55,60,55,1,1
80-43,80,43,2,2
72-59,72,59,0,1
70-41,70,41,0,0
10-25,10,25,0,0
8-24,8,24,3,0
63-1,63,1,1,1
69-3,69,3,0,1
41-32,41,32,0,3
65-59,65,59,2,4
38-4,38,4,2,1
46-75,46,75,1,0
19-21,19,21,3,1
72-75,72,75,1,1
68-78,68,78,2,1
62-39,62,39,0,2
54-55,54,55,1,1
9-19,9,19,1,1
25-28,25,28,1,1
35-67,35,67,4,0
2-36,2,36,3,0
22-70,22,70,1,1
66-16,66,16,0,0
7-60,7,60,1,0
77-49,77,49,0,1
39-79,39,79,3,0
49-23,49,23,1,1
3-59,3,59,0,0
1-24,1,24,1,3
79-63,79,63,2,0
36-12,36,12,1,1
14-74,14,74,1,0
41-76,41,76,1,1
49-26,49,26,2,0
75-65,75,65,1,1
4-18,4,18,2,0
17-37,17,37,0,1
28-77,28,77,1,0
27-44,27,44,2,0
55-17,55,17,1,1
78-11,78,11,0,3
53-77,53,77,2,0
35-6,35,6,0,4
22-80,22,80,2,1
79-51,79,51,1,0
61-80,61,80,0,1
42-2,42,2,1,0
36-11,36,11,0,2
3-5,3,5,2,1
24-21,24,21,3,0
27-3,27,3,0,2
7-8,7,8,2,1
57-17,57,17,0,1
26-51,26,51,0,1
28-65,28,65,1,1
79-39,79,39,0,0
23-31,23,31,2,1
49-31,49,31,0,1
60-52,60,52,0,0
26-22,26,22,0,0
56-40,56,40,2,0
52-24,52,24,2,0
47-9,47,9,1,1
12-67,12,67,2,0
49-25,49,25,0,2
7-69,7,69,3,0
14-75,14,75,2,0
3-18,3,18,1,0
45-76,45,76,3,1
21-44,21,44,1,0
57-43,57,43,2,1
54-51,54,51,1,0
9-35,9,35,1,0
26-35,26,35,0,0
27-44,27,44,2,1
77-5,77,5,0,1
65-11,65,11,0,1
45-1,45,1,0,1
1-32,1,32,1,1
13-44,13,44,2,0
65-30,65,30,0,2
64-24,64,24,1,1
40-48,40,48,2,0
68-4,68,4,1,1
58-35,58,35,1,2
73-71,73,71,1,1
44-78,44,78,1,1
49-23,49,23,0,2
64-58,64,58,2,0
19-15,19,15,1,2
33-6,33,6,0,1
78-77,78,77,1,0
59-75,59,75,1,1
69-65,69,65,0,0
60-69,60,69,2,2
48-4,48,4,2,0
60-41,60,41,1,0
29-13,29,13,1,1
68-69,68,69,2,0
39-34,39,34,1,0
20-39,20,39,2,0
76-26,76,26,0,4
40-35,40,35,0,0
39-20,39,20,2,0
28-31,28,31,0,2
62-70,62,70,0,1
45-11,45,11,0,2
32-48,32,48,1,2
23-62,23,62,1,0
50-79,50,79,2,0
54-61,54,61,0,0
6-26,6,26,1,2
48-67,48,67,0,0
22-61,22,61,1,1
23-64,23,64,0,0
40-80,40,80,2,0
22-41,22,41,1,0
30-58,30,58,1,0
60-7,60,7,1,2
19-27,19,27,1,0
34-65,34,65,4,0
27-24,27,24,1,3
35-12,35,12,0,3
46-27,46,27,0,1
30-29,30,29,1,0
6-52,6,52,1,0
28-74,28,74,2,0
47-71,47,71,1,0
10-16,10,16,0,2
40-28,40,28,2,0
56-64,56,64,2,0
4-50,4,50,1,0
19-15,19,15,1,0
20-19,20,19,1,2
26-2,26,2,2,3
51-13,51,13,0,2
24-42,24,42,4,0
48-62,48,62,4,1
12-3,12,3,1,2
80-16,80,16,1,1
32-62,32,62,1,0
76-17,76,17,2,0
75-37,75,37,0,2
35-57,35,57,1,0
47-15,47,15,0,1
27-23,27,23,2,0
8-7,8,7,1,1
61-51,61,51,1,0
3-14,3,14,0,1
29-2,29,2,2,2
70-20,70,20,0,2
6-73,6,73,1,0
41-47,41,47,1,1
64-17,64,17,0,0
26-50,26,50,2,0
5-1,5,1,2,1
79-27,79,27,0,2
10-34,10,34,3,1
71-29,71,29,0,2
14-72,14,72,0,0
72-51,72,51,1,2
11-33,11,33,1,1
66-69,66,69,2,1
51-30,51,30,1,1
73-46,73,46,1,0
46-76,46,76,0,1
19-1,19,1,1,2
31-63,31,63,0,0
3-60,3,60,1,1
2-23,2,23,1,1
8-54,8,54,1,0
80-36,80,36,0,3
38-11,38,11,0,3
72-65,72,65,2,1
51-38,51,38,0,1
54-32,54,32,0,0
50-68,50,68,0,1
23-75,23,75,2,0
75-9,75,9,1,2
29-26,29,26,0,1
8-27,8,27,2,0
18-56,18,56,1,0
4-28,4,28,0,1
21-35,21,35,0,0
27-28,27,28,1,1
17-79,17,79,1,1
21-67,21,67,0,1
10-44,10,44,1,1
21-12,21,12,2,0
77-48,77,48,1,1
80-32,80,32,0,2
46-72,46,72,1,1
51-31,51,31,1,2
3-35,3,35,2,0
43-9,43,9,0,2
66-37,66,37,0,0
33-11,33,11,0,1
28-17,28,17,0,1
37-14,37,14,0,2
17-25,17,25,1,2
14-20,14,20,1,1
80-48,80,48,1,0
43-8,43,8,0,3
17-36,17,36,1,0
22-40,22,40,0,0
20-38,20,38,1,1
36-73,36,73,3,0
76-26,76,26,2,0
79-39,79,39,0,1
53-71,53,71,1,1
36-75,36,75,2,0
16-25,16,25,0,1
56-79,56,79,0,1
26-17,26,17,0,1
53-67,53,67,3,0
37-61,37,61,0,0
24-17,24,17,2,0
12-66,12,66,3,0
4-29,4,29,2,1
64-71,64,71,2,0
30-33,30,33,0,0
2-46,2,46,2,1
27-65,27,65,1,0
59-48,59,48,0,1
52-57,52,57,1,1
17-18,17,18,1,0
54-52,54,52,0,3
24-41,24,41,2,1
12-52,12,52,2,0
39-3,39,3,0,1
58-39,58,39,0,0
28-44,28,44,4,1
74-37,74,37,0,2
70-23,70,23,2,1
49-55,49,55,1,0
44-48,44,48,0,1
22-75,22,75,0,0
30-40,30,40,0,2
7-5,7,5,1,0
37-3,37,3,0,1
76-73,76,73,2,0
65-28,65,28,0,1
62-72,62,72,2,1
6-29,6,29,1,1
48-80,48,80,1,2
46-27,46,27,0,0
58-5,58,5,2,0
39-53,39,53,1,1
67-22,67,22,0,0
69-71,69,71,0,1
55-51,55,51,0,0
5-41,5,41,2,0
16-52,16,52,3,0
58-15,58,15,0,2
67-49,67,49,0,0
52-14,52,14,1,0
57-72,57,72,1,0
22-8,22,8,2,1
3-57,3,57,0,0
22-42,22,42,1,0
79-67,79,67,1,0
19-36,19,36,2,0
74-10,74,10,0,1
22-1,22,1,2,0
28-67,28,67,1,0
51-27,51,27,0,1
23-22,23,22,0,2
70-19,70,19,0,0
55-68,55,68,2,1
12-51,12,51,1,1
18-61,18,61,3,0
2-12,2,12,1,0
80-35,80,35,1,2
13-29,13,29,3,0
52-31,52,31,1,1
13-50,13,50,1,1
28-18,28,18,1,0
7-16,7,16,1,0
29-73,29,73,2,0
62-39,62,39,1,1
53-79,53,79,0,0
55-51,55,51,0,0
56-77,56,77,2,3
33-74,33,74,0,0
33-72,33,72,0,0
71-70,71,70,2,1
77-73,77,73,2,0
6-41,6,41,2,0
4-43,4,43,1,0
19-79,19,79,1,2
44-49,44,49,1,0
38-25,38,25,1,2
4-41,4,41,0,1
7-77,7,77,1,0
16-6,16,6,1,2
11-47,11,47,0,1
15-14,15,14,0,0
50-53,50,53,0,0
52-48,52,48,1,0
38-48,38,48,1,1
45-42,45,42,1,0
58-62,58,62,3,1
11-43,11,43,3,1
33-13,33,13,1,2
66-37,66,37,0,0
4-20,4,20,2,1
49-13,49,13,0,1
58-60,58,60,1,0
1-4,1,4,0,0
43-49,43,49,2,0
79-44,79,44,1,0
27-18,27,18,0,1
65-57,65,57,1,2
45-6,45,6,4,0
57-26,57,26,2,0
14-43,14,43,2,0
20-57,20,57,3,1
59-67,59,67,2,1
59-39,59,39,0,1
12-1,12,1,0,1
74-2,74,2,0,2
75-55,75,55,2,2
42-59,42,59,1,1
33-10,33,10,0,0
28-71,28,71,2,0
26-69,26,69,2,1
45-33,45,33,1,0
29-35,29,35,1,0
36-55,36,55,3,0
28-14,28,14,1,0
5-26,5,26,4,0
16-27,16,27,1,1
36-66,36,66,2,1
78-73,78,73,2,2
69-23,69,23,1,2
33-36,33,36,2,0
32-68,32,68,3,1
52-56,52,56,3,0
3-36,3,36,1,2
40-4,40,4,2,1
77-10,77,10,1,0
32-31,32,31,0,1
42-67,42,67,3,0
19-15,19,15,1,0
1-36,1,36,0,2
61-11,61,11,0,3
60-6,60,6,1,1
75-24,75,24,0,2
2-43,2,43,0,0
11-35,11,35,2,0
80-29,80,29,2,0
68-53,68,53,1,2
31-52,31,52,2,0
27-44,27,44,1,0
50-70,50,70,1,0
70-15,70,15,0,2
65-9,65,9,0,2
26-78,26,78,2,1
32-36,32,36,1,1
33-71,33,71,3,1
35-24,35,24,0,1
67-34,67,34,0,1
47-51,47,51,0,0
78-42,78,42,1,1
1-3,1,3,2,0
18-15,18,15,2,1
34-25,34,25,2,1
2-41,2,41,0,3
70-58,70,58,1,0
64-6,64,6,1,0
27-53,27,53,0,0
28-60,28,60,2,0
47-54,47,54,2,1
20-4,20,4,2,1
64-46,64,46,1,0
76-34,76,34,1,2
41-72,41,72,3,0
51-59,51,59,0,1
36-52,36,52,0,0
31-49,31,49,3,0
22-51,22,51,3,1
40-26,40,26,1,1
75-40,75,40,0,0
70-52,70,52,2,0
51-43,51,43,3,0
57-28,57,28,0,3
15-29,15,29,2,0
12-46,12,46,1,0
59-57,59,57,1,2
78-48,78,48,2,2
18-72,18,72,1,1
24-23,24,23,0,1
59-62,59,62,1,0
16-52,16,52,2,1
76-79,76,79,1,0
36-59,36,59,0,0
74-53,74,53,1,0
26-70,26,70,0,0
45-32,45,32,1,1
35-24,35,24,2,2
3-37,3,37,0,0
52-6,52,6,1,1
67-61,67,61,1,1
10-1,10,1,1,2
18-4,18,4,3,0
37-66,37,66,1,0
66-70,66,70,1,0
78-29,78,29,0,3
58-73,58,73,1,0
11-9,11,9,3,2
16-79,16,79,2,1
61-4,61,4,0,1
76-65,76,65,0,0
16-55,16,55,3,0
70-64,70,64,1,1
63-71,63,71,2,1
14-21,14,21,1,2
68-33,68,33,0,2
26-23,26,23,2,1
67-45,67,45,1,0
72-37,72,37,0,2
56-66,56,66,3,1
76-26,76,26,2,2
55-32,55,32,1,2
32-62,32,62,1,1
80-42,80,42,0,1
77-32,77,32,0,0
75-35,75,35,1,1
58-37,58,37,1,0
20-69,20,69,3,0
62-37,62,37,0,0
51-43,51,43,1,1
49-40,49,40,1,0
53-8,53,8,0,1
21-75,21,75,2,0
70-29,70,29,0,0
74-19,74,19,1,2
38-34,38,34,0,1
24-73,24,73,0,0
74-67,74,67,1,1
2-49,2,49,1,0
43-28,43,28,0,2
75-18,75,18,1,1
72-1,72,1,1,2
34-9,34,9,1,3
10-22,10,22,1,0
66-73,66,73,0,0
77-38,77,38,0,1
2-35,2,35,1,0
37-44,37,44,4,0
67-64,67,64,1,0
38-14,38,14,1,0
4-3,4,3,2,1
44-52,44,52,1,0
51-47,51,47,3,1
42-77,42,77,1,0
60-43,60,43,1,0
20-36,20,36,2,0
24-23,24,23,1,2
26-3,26,3,2,2
29-62,29,62,2,0
76-74,76,74,1,1
13-19,13,19,1,0
15-47,15,47,1,0
71-3,71,3,0,3
48-32,48,32,0,0
12-20,12,20,1,1
8-44,8,44,2,0
69-50,69,50,1,0
15-27,15,27,1,1
27-61,27,61,3,0
50-79,50,79,2,1
21-66,21,66,1,0
40-72,40,72,0,1
9-76,9,76,2,0
69-12,69,12,0,5
25-54,25,54,2,1
43-30,43,30,2,0
10-42,10,42,1,0
46-60,46,60,2,0
9-62,9,62,1,0
76-17,76,17,0,1
65-48,65,48,1,1
53-21,53,21,1,3
28-15,28,15,2,2
5-6,5,6,0,1
18-56,18,56,0,0
19-32,19,32,0,0
14-78,14,78,2,0
72-64,72,64,0,0
60-71,60,71,2,2
55-3,55,3,0,1
41-40,41,40,0,3
26-68,26,68,2,0
79-25,79,25,1,1
18-54,18,54,2,0
56-42,56,42,2,0
27-66,27,66,3,1
53-19,53,19,0,1
56-18,56,18,0,1
18-10,18,10,3,0
29-58,29,58,3,0
62-16,62,16,1,1
1-39,1,39,0,1
32-77,32,77,0,0
61-10,61,10,1,1
2-63,2,63,3,1
4-62,4,62,1,0
72-59,72,59,2,2
58-54,58,54,0,2
33-62,33,62,0,0
47-57,47,57,2,2
4-38,4,38,1,1
4-65,4,65,2,1
4-38,4,38,1,1
53-68,53,68,1,0
4-57,4,57,1,0
42-80,42,80,0,3
14-64,14,64,3,0
71-17,71,17,0,3
8-56,8,56,2,0
58-41,58,41,1,0
47-22,47,22,0,2
77-14,77,14,1,2
75-15,75,15,1,0
52-64,52,64,3,0
29-24,29,24,1,1
61-31,61,31,1,1
67-32,67,32,1,0
7-61,7,61,3,1
65-78,65,78,2,4
22-67,22,67,3,2
6-9,6,9,1,0
48-30,48,30,0,1
53-6,53,6,1,0
42-12,42,12,1,1
45-23,45,23,0,0
46-35,46,35,1,1
3-5,3,5,1,2
69-28,69,28,0,0
61-38,61,38,0,1
1-77,1,77,2,0
26-53,26,53,2,0
78-66,78,66,1,3
17-3,17,3,2,1
63-18,63,18,0,1
80-39,80,39,0,1
65-77,65,77,0,4
15-37,15,37,1,2
77-65,77,65,0,0
52-37,52,37,1,2
8-44,8,44,1,0
47-22,47,22,0,0
67-3,67,3,0,2
63-41,63,41,0,0
17-69,17,69,1,0
25-80,25,80,1,1
75-77,75,77,2,1
13-40,13,40,2,0
73-38,73,38,0,1
62-70,62,70,1,0
4-2,4,2,2,4
57-34,57,34,0,3
69-80,69,80,1,1
20-26,20,26,1,1
28-47,28,47,1,0
13-16,13,16,1,0
70-61,70,61,2,1
1-70,1,70,1,0
7-49,7,49,2,3
8-13,8,13,3,2
37-70,37,70,3,0
61-50,61,50,0,1
43-62,43,62,2,0
21-76,21,76,0,0
44-63,44,63,1,0
42-7,42,7,0,2
77-56,77,56,0,1
20-1,20,1,1,1
51-33,51,33,0,0
34-64,34,64,1,0
67-8,67,8,1,3
12-59,12,59,1,0
60-1,60,1,1,3
8-53,8,53,1,0
24-30,24,30,1,1
8-2,8,2,1,0
24-36,24,36,0,1
50-11,50,11,0,0
21-60,21,60,1,0
19-14,19,14,1,0
53-9,53,9,0,1
75-35,75,35,1,3
73-62,73,62,2,1
74-50,74,50,0,3
52-18,52,18,1,2
30-16,30,16,2,1
19-72,19,72,3,0
55-63,55,63,1,0
2-43,2,43,4,0
28-25,28,25,1,1
69-31,69,31,1,0
78-7,78,7,0,2
14-7,14,7,2,0
42-37,42,37,0,4
48-16,48,16,0,2
20-51,20,51,0,0
54-5,54,5,1,0
65-67,65,67,3,1
44-37,44,37,0,0
68-50,68,50,2,2
14-13,14,13,1,1
78-51,78,51,0,1
28-5,28,5,0,1
17-35,17,35,1,0
74-49,74,49,1,0
53-28,53,28,0,1
74-58,74,58,1,2
75-72,75,72,1,2
14-27,14,27,2,1
14-46,14,46,1,2
32-34,32,34,0,2
58-26,58,26,0,1
44-31,44,31,0,0
23-3,23,3,0,2
9-61,9,61,0,2
51-42,51,42,2,0
64-35,64,35,0,3
64-27,64,27,0,2
7-14,7,14,2,2
78-64,78,64,2,0
51-76,51,76,0,3
13-77,13,77,3,0
29-69,29,69,1,0
71-4,71,4,0,2
37-67,37,67,2,0
34-61,34,61,0,1
32-39,32,39,1,1
34-26,34,26,1,2
11-24,11,24,2,1
78-68,78,68,0,1
12-41,12,41,1,0
24-9,24,9,0,0
33-69,33,69,3,0
54-9,54,9,0,2
19-5,19,5,1,1
65-61,65,61,2,0
67-80,67,80,0,0
59-5,59,5,0,1
32-52,32,52,1,0
37-49,37,49,2,0
9-63,9,63,2,0
72-55,72,55,2,1
56-27,56,27,1,1
25-8,25,8,0,0
5-21,5,21,0,0
60-34,60,34,2,1
59-20,59,20,0,1
23-21,23,21,0,2
59-57,59,57,0,0
70-4,70,4,0,1
60-10,60,10,0,3
33-4,33,4,2,1
46-51,46,51,0,0
36-50,36,50,0,1
77-19,77,19,1,1
35-42,35,42,2,3
46-26,46,26,1,1
24-28,24,28,1,2
73-68,73,68,0,1
48-78,48,78,3,0
55-68,55,68,1,1
34-16,34,16,1,1
19-1,19,1,1,0
61-18,61,18,1,1
30-49,30,49,1,0
9-59,9,59,0,0
79-25,79,25,0,2
5-10,5,10,2,1
32-38,32,38,2,0
31-79,31,79,0,0
18-57,18,57,1,0
35-23,35,23,0,1
21-60,21,60,1,0
24-31,24,31,0,2
31-47,31,47,1,0
76-66,76,66,2,0
56-39,56,39,4,2
53-32,53,32,1,2
25-58,25,58,1,1
14-25,14,25,0,0
57-13,57,13,1,2
19-35,19,35,2,0
8-14,8,14,0,0
15-4,15,4,1,4
38-29,38,29,2,1
34-79,34,79,2,0
72-1,72,1,0,3
20-51,20,51,3,0
77-33,77,33,0,1
72-3,72,3,0,3
38-53,38,53,2,0
24-47,24,47,3,0
69-27,69,27,1,3
64-44,64,44,0,1
14-70,14,70,2,0
47-59,47,59,0,0
17-23,17,23,0,1
58-53,58,53,2,1
3-32,3,32,1,1
27-28,27,28,0,1
50-61,50,61,0,0
6-45,6,45,1,0
30-64,30,64,2,0
74-10,74,10,0,1
76-17,76,17,1,1
77-31,77,31,1,1
20-76,20,76,0,0
5-7,5,7,2,0
10-37,10,37,1,2
60-50,60,50,0,0
19-16,19,16,2,0
66-48,66,48,2,2
70-7,70,7,0,1
67-19,67,19,0,0
45-74,45,74,1,1
69-48,69,48,1,1
25-33,25,33,0,2
41-4,41,4,1,0
48-66,48,66,2,0
75-57,75,57,2,1
24-3,24,3,1,0
10-14,10,14,0,1
25-34,25,34,0,0
56-37,56,37,0,0
9-17,9,17,0,0
32-4,32,4,1,2
64-70,64,70,1,1
54-46,54,46,1,0
56-16,56,16,0,0
71-49,71,49,0,2
32-25,32,25,2,0
47-19,47,19,1,2
63-80,63,80,0,0
30-53,30,53,1,0
25-56,25,56,0,0
20-66,20,66,2,0
21-39,21,39,1,1
5-29,5,29,1,1
23-67,23,67,1,0
33-22,33,22,1,1
77-2,77,2,0,4
68-71,68,71,0,1
38-13,38,13,3,1
80-72,80,72,0,0
68-49,68,49,0,3
6-72,6,72,0,0
21-71,21,71,2,0
75-2,75,2,0,4
35-56,35,56,1,2
17-20,17,20,2,0
56-74,56,74,3,1
51-35,51,35,1,1
16-46,16,46,3,0
10-50,10,50,0,1
37-21,37,21,0,1
24-60,24,60,2,0
55-25,55,25,1,1
59-38,59,38,0,0
74-75,74,75,1,1
65-72,65,72,0,3
70-1,70,1,0,2
40-43,40,43,4,0
31-54,31,54,3,2
76-49,76,49,1,3
70-37,70,37,1,0
16-74,16,74,1,0
51-42,51,42,1,0
69-21,69,21,0,2
51-57,51,57,0,1
80-59,80,59,2,1
66-79,66,79,3,0
69-73,69,73,0,1
68-55,68,55,1,0
36-66,36,66,2,0
37-55,37,55,1,1
69-2,69,2,2,2
50-26,50,26,0,2
80-65,80,65,2,0
55-75,55,75,2,0
25-7,25,7,1,3
74-73,74,73,1,1
59-74,59,74,1,0
13-9,13,9,0,2
36-34,36,34,3,0
6-57,6,57,2,0
66-70,66,70,1,0
29-14,29,14,2,1
78-48,78,48,1,2
73-46,73,46,0,1
7-12,7,12,1,1
49-44,49,44,0,1
35-15,35,15,0,3
44-75,44,75,1,0
46-43,46,43,0,1
38-77,38,77,0,0
37-58,37,58,5,1
30-18,30,18,0,0
29-61,29,61,2,0
27-53,27,53,2,1
78-29,78,29,0,3
73-27,73,27,0,1
68-63,68,63,1,0
49-50,49,50,1,1
30-65,30,65,1,1
45-47,45,47,0,1
12-72,12,72,0,0
11-80,11,80,0,0
52-58,52,58,1,0
11-44,11,44,3,0
13-28,13,28,1,0
55-70,55,70,3,0
35-77,35,77,2,0
63-1,63,1,0,2
34-74,34,74,1,0
27-73,27,73,0,0
42-36,42,36,0,2
1-17,1,17,0,2
37-33,37,33,1,0
4-62,4,62,1,0
15-71,15,71,1,0
15-19,15,19,1,0
68-57,68,57,1,2
6-12,6,12,1,2
46-13,46,13,1,0
33-48,33,48,1,1
64-30,64,30,1,2
6-61,6,61,1,0
26-36,26,36,2,0
6-7,6,7,0,1
77-56,77,56,1,1
4-27,4,27,1,1
66-68,66,68,2,0
68-2,68,2,0,0
16-47,16,47,4,0
40-22,40,22,2,3
9-32,9,32,0,0
41-60,41,60,1,1
56-70,56,70,2,1
31-53,31,53,2,1
13-53,13,53,1,0
75-74,75,74,0,0
17-59,17,59,4,0
5-52,5,52,3,0
22-44,22,44,2,0
24-14,24,14,1,0
46-30,46,30,0,1
62-58,62,58,1,1
63-24,63,24,0,2
22-15,22,15,1,1
67-69,67,69,3,1
18-74,18,74,3,1
60-52,60,52,1,1
34-12,34,12,1,3
55-15,55,15,0,2
28-39,28,39,1,1
15-32,15,32,0,2
1-2,1,2,1,0
16-30,16,30,1,0
7-79,7,79,1,0
78-70,78,70,3,2
22-1,22,1,0,1
2-15,2,15,1,0
44-25,44,25,1,3
71-64,71,64,1,0
48-47,48,47,1,0
26-79,26,79,1,0
23-10,23,10,0,0
18-53,18,53,3,1
36-1,36,1,0,1
34-7,34,7,0,0
50-53,50,53,1,0
33-41,33,41,2,1
19-53,19,53,0,1
52-72,52,72,1,0
7-75,7,75,0,1
33-72,33,72,0,0
35-2,35,2,0,2
68-22,68,22,1,1
33-9,33,9,0,1
74-6,74,6,1,2
52-53,52,53,1,0
24-42,24,42,0,0
66-63,66,63,3,0
80-39,80,39,0,1
46-40,46,40,1,1
27-35,27,35,1,0
25-32,25,32,1,0
63-36,63,36,0,1
71-73,71,73,1,3
34-61,34,61,2,0
77-28,77,28,1,1
32-70,32,70,1,0
20-32,20,32,0,0
26-78,26,78,2,1
27-2,27,2,0,1
14-56,14,56,2,1
63-47,63,47,1,1
25-47,25,47,0,0
62-72,62,72,0,1
3-44,3,44,0,0
24-26,24,26,0,2
77-15,77,15,0,3
46-43,46,43,1,3
42-39,42,39,0,0
20-9,20,9,2,1
80-70,80,70,1,0
45-55,45,55,0,0
27-61,27,61,1,1
65-35,65,35,0,3
10-35,10,35,1,0
2-13,2,13,0,1
17-69,17,69,3,0
30-24,30,24,3,0
63-19,63,19,1,3
20-5,20,5,3,0
33-1,33,1,0,0
52-80,52,80,0,0
70-46,70,46,1,1
46-67,46,67,0,0
52-70,52,70,4,1
59-6,59,6,0,0
24-56,24,56,3,0
18-64,18,64,1,0
62-55,62,55,0,1
41-30,41,30,0,1
14-12,14,12,2,2
79-34,79,34,1,1
8-27,8,27,1,1
31-63,31,63,2,0
31-60,31,60,1,0
44-33,44,33,1,2
41-70,41,70,1,1
36-20,36,20,2,2
79-8,79,8,2,1
44-21,44,21,0,1
27-16,27,16,0,2
34-41,34,41,1,1
39-31,39,31,1,0
67-7,67,7,0,4
10-3,10,3,0,1
60-38,60,38,0,1
29-40,29,40,0,1
10-26,10,26,1,1
53-41,53,41,1,1
5-14,5,14,3,1
66-31,66,31,1,1
56-22,56,22,2,0
59-37,59,37,0,1
48-40,48,40,0,1
68-14,68,14,1,2
16-14,16,14,2,0
66-34,66,34,1,3
46-40,46,40,1,0
76-70,76,70,0,1
1-5,1,5,0,3
2-30,2,30,1,0
7-29,7,29,2,0
41-69,41,69,1,0
3-44,3,44,0,0
32-3,32,3,1,1
15-27,15,27,1,1
51-55,51,55,1,0
14-2,14,2,1,1
18-73,18,73,3,0
57-71,57,71,2,1
41-75,41,75,1,0
42-40,42,40,1,0
56-20,56,20,0,1
57-80,57,80,2,1
38-33,38,33,0,3
53-29,53,29,2,2
77-1,77,1,1,1
51-71,51,71,1,1
22-45,22,45,3,0
46-54,46,54,2,0
11-39,11,39,1,1
68-33,68,33,1,1
38-62,38,62,1,0
79-15,79,15,0,4
66-22,66,22,0,0
29-53,29,53,3,0
67-42,67,42,1,1
40-38,40,38,3,1
77-16,77,16,0,0
62-44,62,44,1,1
61-30,61,30,0,2
8-36,8,36,0,1
75-51,75,51,0,0
71-16,71,16,0,1
74-41,74,41,0,1
30-66,30,66,2,1
14-13,14,13,2,0
27-13,27,13,2,1
32-4,32,4,0,2
9-58,9,58,0,0
20-15,20,15,1,0
41-69,41,69,1,0
73-59,73,59,0,0
41-22,41,22,0,3
48-15,48,15,0,0
40-80,40,80,3,0
17-3,17,3,0,1
32-52,32,52,1,0
49-37,49,37,0,1
28-26,28,26,0,0
77-34,77,34,0,2
65-57,65,57,1,0
77-23,77,23,1,2
49-32,49,32,0,2
64-4,64,4,1,0
18-66,18,66,1,1
19-18,19,18,1,2
72-41,72,41,2,1
32-68,32,68,4,0
52-73,52,73,2,0
40-51,40,51,3,0
78-8,78,8,0,1
45-30,45,30,0,1
60-21,60,21,1,2
19-66,19,66,0,0
38-72,38,72,0,0
70-9,70,9,0,0
14-38,14,38,2,2
11-74,11,74,1,0
51-69,51,69,2,1
6-53,6,53,1,0
3-44,3,44,3,0
49-32,49,32,0,0
55-80,55,80,1,0
52-67,52,67,0,0
52-16,52,16,0,2
12-11,12,11,2,2
21-48,21,48,2,0
1-42,1,42,3,0
20-46,20,46,1,1
14-59,14,59,2,0
5-18,5,18,2,1
36-1,36,1,1,0
22-24,22,24,1,0
42-55,42,55,1,3
69-42,69,42,3,1
4-10,4,10,0,2
10-64,10,64,4,0
33-34,33,34,2,0
40-50,40,50,1,1
51-66,51,66,1,1
74-34,74,34,1,4
52-75,52,75,3,0
75-34,75,34,1,0
1-42,1,42,0,2
3-43,3,43,0,0
5-41,5,41,0,1
68-12,68,12,0,6
30-49,30,49,0,0
30-5,30,5,0,2
32-57,32,57,0,1
48-60,48,60,1,1
38-42,38,42,1,0
63-1,63,1,0,1
77-80,77,80,0,0
65-3,65,3,0,2
64-62,64,62,1,1
60-58,60,58,1,0
25-13,25,13,0,0
8-32,8,32,1,1
77-75,77,75,1,0
53-64,53,64,5,0
29-50,29,50,3,1
8-54,8,54,1,0
78-25,78,25,0,2
21-32,21,32,1,3
16-28,16,28,1,0
49-19,49,19,2,0
24-20,24,20,2,2
43-20,43,20,0,0
59-60,59,60,2,2
51-32,51,32,1,3
18-47,18,47,3,0
47-7,47,7,0,1
46-18,46,18,1,1
67-62,67,62,1,0
44-53,44,53,0,0
22-13,22,13,2,1
71-75,71,75,0,1
29-33,29,33,2,1
21-13,21,13,1,1
80-71,80,71,1,2
37-77,37,77,1,1
54-35,54,35,1,1
56-71,56,71,2,0
3-10,3,10,1,1
64-58,64,58,0,1
68-60,68,60,0,3
45-23,45,23,0,1
47-22,47,22,1,2
34-57,34,57,1,0
23-54,23,54,1,1
24-10,24,10,0,3
60-69,60,69,1,0
45-55,45,55,1,1
73-21,73,21,0,1
29-18,29,18,1,0
11-21,11,21,1,3
73-35,73,35,0,2
16-60,16,60,3,1
7-4,7,4,1,3
75-60,75,60,0,1
16-74,16,74,1,0
16-4,16,4,2,1
8-72,8,72,1,0
73-24,73,24,0,0
21-75,21,75,0,0
17-49,17,49,0,1
10-46,10,46,1,0
7-5,7,5,2,2
16-1,16,1,0,0
65-13,65,13,0,1
80-72,80,72,0,1
71-12,71,12,0,2
15-62,15,62,4,1
71-53,71,53,1,1
28-8,28,8,2,1
39-80,39,80,3,0
16-65,16,65,0,0
26-36,26,36,0,2
32-40,32,40,2,2
47-35,47,35,1,0
20-64,20,64,2,0
22-72,22,72,0,1
80-45,80,45,0,1
76-32,76,32,0,1
46-8,46,8,0,2
7-51,7,51,1,0
46-39,46,39,2,0
52-12,52,12,1,1
47-15,47,15,1,1
7-46,7,46,0,2
1-9,1,9,0,0
54-44,54,44,1,2
4-60,4,60,1,1
56-5,56,5,1,2
63-68,63,68,0,1
7-66,7,66,1,0
74-80,74,80,1,1
43-51,43,51,3,0
3-78,3,78,1,0
16-12,16,12,2,2
16-34,16,34,2,1
52-34,52,34,0,4
24-66,24,66,3,1
14-48,14,48,2,0
9-79,9,79,2,0
36-57,36,57,2,1
4-18,4,18,0,0
78-69,78,69,1,0
44-8,44,8,2,0
12-34,12,34,0,1
43-50,43,50,0,2
8-43,8,43,0,0
47-4,47,4,2,2
2-38,2,38,1,0
76-35,76,35,0,1
31-35,31,35,0,0
52-66,52,66,1,0
56-34,56,34,2,0
54-73,54,73,0,1
51-5,51,5,1,1
23-45,23,45,2,1
76-32,76,32,0,3
77-14,77,14,0,0
24-4,24,4,2,2
23-25,23,25,1,0
22-24,22,24,1,0
76-47,76,47,1,0
40-43,40,43,0,2
48-34,48,34,1,0
30-24,30,24,1,0
52-28,52,28,0,1
50-21,50,21,1,1
51-35,51,35,1,1
62-47,62,47,2,0
73-14,73,14,1,1
11-10,11,10,2,1
33-1,33,1,1,2
64-46,64,46,0,3
71-4,71,4,0,2
77-69,77,69,0,0
33-26,33,26,0,1
54-34,54,34,0,2
23-11,23,11,0,1
71-26,71,26,1,1
74-41,74,41,1,2
59-3,59,3,1,1
22-4,22,4,0,1
16-51,16,51,3,0
80-43,80,43,0,1
45-4,45,4,0,1
57-48,57,48,1,1
36-70,36,70,1,0
70-60,70,60,0,4
73-67,73,67,1,2
71-64,71,64,1,0
69-44,69,44,0,1
39-58,39,58,0,1
38-73,38,73,2,0
57-46,57,46,2,0
18-4,18,4,0,3
29-59,29,59,1,2
16-4,16,4,2,0
50-57,50,57,0,3
23-44,23,44,1,1
46-74,46,74,2,0
8-6,8,6,0,1
17-51,17,51,0,0
42-4,42,4,0,3
36-45,36,45,1,1
54-46,54,46,4,1
74-72,74,72,1,1
40-77,40,77,2,0
57-3,57,3,1,2
63-55,63,55,1,1
50-43,50,43,1,0
15-2,15,2,1,2
67-74,67,74,2,0
19-17,19,17,0,2
37-46,37,46,2,0
1-44,1,44,2,1
33-64,33,64,2,0
11-19,11,19,1,1
44-50,44,50,0,0
27-30,27,30,2,3
75-64,75,64,1,0
71-1,71,1,0,2
29-18,29,18,4,0
37-41,37,41,1,1
78-50,78,50,2,2
3-52,3,52,1,1
30-31,30,31,2,0
53-22,53,22,0,3
80-39,80,39,1,2
27-74,27,74,2,0
75-65,75,65,1,0
25-54,25,54,4,0
64-17,64,17,1,3
1-60,1,60,2,2
31-28,31,28,0,2
16-26,16,26,2,2
57-44,57,44,1,0
66-10,66,10,0,1
10-22,10,22,0,0
50-76,50,76,2,0
16-59,16,59,2,1
31-76,31,76,3,0
9-45,9,45,1,2
59-68,59,68,1,1
45-33,45,33,0,0
62-44,62,44,1,2
5-27,5,27,1,1
43-30,43,30,1,1
22-12,22,12,0,0
55-66,55,66,0,0
26-63,26,63,2,1
59-3,59,3,2,0
23-3,23,3,0,2
10-21,10,21,1,0
51-52,51,52,0,1
64-12,64,12,0,1
76-8,76,8,1,0
6-60,6,60,1,0
76-35,76,35,0,1
38-9,38,9,0,0
14-45,14,45,3,0
35-49,35,49,0,0
49-20,49,20,1,1
49-54,49,54,3,2
53-32,53,32,0,2
7-56,7,56,2,0
46-1,46,1,0,1
54-15,54,15,0,3
27-33,27,33,3,1
59-78,59,78,0,0
67-37,67,37,0,2
4-30,4,30,3,2
10-16,10,16,2,0
62-3,62,3,0,2
72-67,72,67,1,1
47-76,47,76,3,0
30-52,30,52,0,0
36-14,36,14,0,2
49-58,49,58,0,1
64-12,64,12,0,2
52-20,52,20,1,0
24-75,24,75,0,0
34-77,34,77,3,1
53-54,53,54,2,1
66-67,66,67,1,1
64-26,64,26,1,2
77-41,77,41,0,1
9-48,9,48,2,0
8-22,8,22,1,1
51-47,51,47,2,0
46-54,46,54,1,1
75-12,75,12,0,0
3-36,3,36,0,0
80-10,80,10,0,3
49-24,49,24,0,0
58-22,58,22,1,1
67-64,67,64,0,3
33-48,33,48,3,1
51-41,51,41,2,0
65-71,65,71,0,0
10-64,10,64,1,0
47-6,47,6,0,2
27-78,27,78,2,0
29-54,29,54,2,0
56-15,56,15,1,2
77-63,77,63,3,2
5-14,5,14,1,1
11-40,11,40,1,1
78-8,78,8,1,0
51-39,51,39,0,2
8-30,8,30,0,0
77-34,77,34,2,0
61-80,61,80,0,0
66-14,66,14,0,1
28-41,28,41,0,0
58-38,58,38,0,0
59-44,59,44,0,1
25-14,25,14,1,0
23-29,23,29,2,0
56-75,56,75,1,0
17-66,17,66,1,0
39-80,39,80,3,0
21-41,21,41,2,1
19-73,19,73,1,0
25-56,25,56,1,0
54-43,54,43,4,0
74-17,74,17,0,0
53-62,53,62,1,0
64-34,64,34,1,2
5-49,5,49,0,0
54-69,54,69,0,2
47-41,47,41,2,1
44-34,44,34,0,1
34-20,34,20,0,0
69-33,69,33,0,4
16-6,16,6,1,0
64-79,64,79,1,2
73-75,73,75,0,2
7-32,7,32,2,0
1-43,1,43,1,1
75-70,75,70,0,0
67-61,67,61,0,1
52-7,52,7,1,1
28-16,28,16,2,2
62-50,62,50,0,2
45-10,45,10,1,2
71-69,71,69,0,1
74-21,74,21,3,1
79-39,79,39,0,2
38-76,38,76,2,0
28-39,28,39,1,1
10-53,10,53,1,0
48-61,48,61,3,1
62-5,62,5,0,1
55-34,55,34,1,0
17-58,17,58,1,0
27-76,27,76,1,0
60-67,60,67,2,0
34-79,34,79,1,1
40-21,40,21,3,0
1-61,1,61,1,0
48-19,48,19,0,3
46-63,46,63,0,1
65-58,65,58,0,1
14-43,14,43,1,0
56-28,56,28,2,1
9-68,9,68,4,1
78-2,78,2,0,2
22-11,22,11,0,1
10-69,10,69,1,1
75-1,75,1,0,0
40-6,40,6,1,1
57-26,57,26,0,0
70-47,70,47,0,1
47-1,47,1,0,2
55-12,55,12,1,3
68-18,68,18,0,2
34-27,34,27,0,1
56-2,56,2,1,3
35-7,35,7,0,2
62-45,62,45,0,0
34-58,34,58,2,0
39-12,39,12,1,3
1-27,1,27,2,0
17-8,17,8,1,0
57-32,57,32,0,3
20-12,20,12,1,2
66-41,66,41,1,0
54-1,54,1,0,3
29-76,29,76,2,0
6-21,6,21,0,0
8-10,8,10,0,1
60-41,60,41,0,0
29-35,29,35,3,1
4-64,4,64,3,0
4-14,4,14,1,2
46-74,46,74,0,0
51-43,51,43,0,1
41-62,41,62,2,0
76-24,76,24,0,0
29-28,29,28,2,1
13-12,13,12,3,0
15-42,15,42,1,0
5-75,5,75,1,0
10-78,10,78,1,1
1-37,1,37,1,0
22-79,22,79,1,0
56-14,56,14,0,3
76-70,76,70,1,1
78-80,78,80,1,1
12-30,12,30,0,0
60-80,60,80,0,1
7-32,7,32,0,2
40-66,40,66,1,0
38-40,38,40,2,1
67-64,67,64,2,2
69-10,69,10,2,3
11-73,11,73,3,0
23-57,23,57,1,0
58-18,58,18,0,2
65-51,65,51,1,4
24-26,24,26,0,1
69-42,69,42,0,1
60-33,60,33,1,2
26-3,26,3,1,1
71-70,71,70,0,2
43-61,43,61,1,0
76-65,76,65,1,0
3-68,3,68,1,0
36-27,36,27,0,2
53-8,53,8,3,2
46-35,46,35,0,0
78-51,78,51,0,1
7-11,7,11,2,0
23-15,23,15,0,0
36-80,36,80,2,0
28-55,28,55,0,2
14-49,14,49,2,0
55-40,55,40,0,0
23-29,23,29,3,1
14-39,14,39,1,2
13-75,13,75,1,0
32-80,32,80,1,0
40-63,40,63,1,1
24-47,24,47,3,0
1-32,1,32,1,2
51-60,51,60,1,1
68-22,68,22,1,2
58-54,58,54,1,0
57-17,57,17,0,1
1-4,1,4,2,2
62-23,62,23,0,0
29-80,29,80,3,0
12-4,12,4,0,1
2-41,2,41,2,0
4-19,4,19,1,0
50-27,50,27,0,0
73-28,73,28,0,1
60-77,60,77,3,1
32-21,32,21,1,0
15-68,15,68,1,0
5-48,5,48,2,1
34-71,34,71,2,0
73-1,73,1,0,1
31-66,31,66,0,0
56-15,56,15,0,2
15-20,15,20,0,2
19-31,19,31,1,0
19-37,19,37,2,0
2-80,2,80,2,1
23-49,23,49,1,0
52-33,52,33,0,2
20-36,20,36,0,0
12-54,12,54,1,0
59-32,59,32,0,0
29-79,29,79,0,1
64-37,64,37,0,3
28-32,28,32,1,2
49-26,49,26,1,1
21-6,21,6,0,1
17-80,17,80,3,0
15-46,15,46,5,0
39-32,39,32,1,0
39-3,39,3,2,1
41-67,41,67,0,0
14-4,14,4,0,0
36-32,36,32,0,0
38-50,38,50,2,0
14-67,14,67,2,0
60-8,60,8,0,2
63-31,63,31,0,3
72-25,72,25,0,1
57-23,57,23,1,3
61-17,61,17,0,2
35-61,35,61,2,1
35-53,35,53,0,1
20-22,20,22,0,1
37-4,37,4,2,2
30-63,30,63,2,1
45-53,45,53,1,1
79-32,79,32,0,2
46-26,46,26,0,1
72-11,72,11,0,1
6-56,6,56,2,0
7-67,7,67,3,0
43-61,43,61,3,0
4-3,4,3,1,2
7-5,7,5,0,0
75-40,75,40,0,1
74-54,74,54,2,1
25-9,25,9,0,1
43-31,43,31,0,0
7-22,7,22,1,0
73-74,73,74,1,1
58-13,58,13,0,0
8-35,8,35,1,0
69-68,69,68,1,2
24-13,24,13,0,1
34-66,34,66,1,0
47-63,47,63,2,0
53-19,53,19,3,3
33-63,33,63,2,1
22-49,22,49,1,0
32-79,32,79,2,0
5-8,5,8,2,0
52-6,52,6,3,0
78-25,78,25,1,1
11-73,11,73,2,0
44-30,44,30,2,0
61-80,61,80,2,2
25-46,25,46,2,0
9-40,9,40,1,1
35-23,35,23,0,0
8-35,8,35,0,0
78-19,78,19,1,0
41-67,41,67,1,0
69-4,69,4,0,5
77-13,77,13,1,2
7-14,7,14,1,3
33-62,33,62,0,0
51-59,51,59,0,2
66-8,66,8,0,1
63-26,63,26,0,1
76-69,76,69,3,0
21-25,21,25,1,1
31-73,31,73,1,0
38-55,38,55,0,0
7-46,7,46,0,0
62-36,62,36,0,0
33-2,33,2,0,0
23-72,23,72,0,0
14-5,14,5,1,2
45-18,45,18,0,2
1-22,1,22,0,0
56-20,56,20,2,0
8-6,8,6,1,1
26-3,26,3,1,2
49-28,49,28,0,0
6-34,6,34,3,0
20-36,20,36,0,0
48-20,48,20,0,2
3-20,3,20,0,0
1-57,1,57,0,0
29-66,29,66,3,0
36-3,36,3,0,1
37-10,37,10,3,0
34-72,34,72,0,0
55-67,55,67,3,2
72-48,72,48,2,0
42-12,42,12,2,0
14-47,14,47,0,0
42-36,42,36,2,1
8-39,8,39,1,0
63-27,63,27,1,0
11-62,11,62,1,0
60-24,60,24,0,2
36-14,36,14,2,2
28-46,28,46,2,1
30-31,30,31,2,1
61-35,61,35,2,0
70-41,70,41,2,1
5-7,5,7,2,2
16-44,16,44,0,1
30-44,30,44,2,0
34-12,34,12,2,0
66-55,66,55,2,3
20-14,20,14,0,2
30-43,30,43,1,1
41-76,41,76,0,1
6-46,6,46,1,1
28-14,28,14,1,3
48-21,48,21,0,1
56-44,56,44,1,0
55-69,55,69,2,0
35-30,35,30,1,0
66-43,66,43,1,0
34-18,34,18,0,2
4-20,4,20,0,0
67-75,67,75,2,1
79-68,79,68,2,0
35-75,35,75,0,0
5-26,5,26,1,1
2-17,2,17,1,0
30-1,30,1,1,1
50-56,50,56,1,2
26-50,26,50,1,1
66-15,66,15,0,3
27-55,27,55,2,0
47-57,47,57,1,2
55-28,55,28,0,0
63-29,63,29,0,1
46-69,46,69,1,1
49-40,49,40,0,0
74-41,74,41,1,1
76-59,76,59,0,0
22-38,22,38,1,1
46-31,46,31,1,0
7-35,7,35,1,0
64-35,64,35,0,1
56-14,56,14,0,4
23-38,23,38,1,3
18-8,18,8,1,0
13-45,13,45,0,1
41-74,41,74,0,1
13-70,13,70,1,1
38-74,38,74,4,1
71-16,71,16,0,1
30-6,30,6,0,1
17-77,17,77,4,0
76-4,76,4,0,3
57-29,57,29,1,1
49-65,49,65,1,0
60-19,60,19,0,1
45-56,45,56,3,0
12-49,12,49,1,0
61-29,61,29,2,1
43-10,43,10,1,0
36-66,36,66,2,0
78-64,78,64,1,1
11-5,11,5,0,1
15-25,15,25,1,2
64-19,64,19,0,0
27-39,27,39,3,0
40-74,40,74,2,0
33-79,33,79,0,0
15-43,15,43,2,0
17-31,17,31,2,0
34-20,34,20,2,2
17-79,17,79,1,0
62-12,62,12,0,2
72-11,72,11,0,1
25-67,25,67,0,0
29-39,29,39,0,2
14-73,14,73,2,1
8-63,8,63,1,0
14-21,14,21,1,1
32-16,32,16,1,0
11-64,11,64,3,0
55-33,55,33,1,2
21-19,21,19,0,2
43-48,43,48,2,0
39-73,39,73,1,0
31-69,31,69,1,0
56-3,56,3,1,2
26-57,26,57,0,0
24-67,24,67,1,0
74-32,74,32,0,1
13-4,13,4,2,1
48-74,48,74,1,1
11-74,11,74,1,0
45-71,45,71,2,1
63-22,63,22,0,1
57-26,57,26,1,1
16-48,16,48,1,1
32-42,32,42,2,2
57-49,57,49,0,2
42-56,42,56,1,0
34-11,34,11,1,0
75-70,75,70,1,0
40-20,40,20,0,1
72-80,72,80,1,1
46-7,46,7,0,1
80-76,80,76,0,0
8-9,8,9,2,0
57-42,57,42,1,0
35-25,35,25,1,0
68-70,68,70,0,0
41-22,41,22,0,2
73-22,73,22,1,3
5-49,5,49,2,0
20-68,20,68,3,0
19-41,19,41,2,0
33-2,33,2,0,2
37-59,37,59,3,0
69-11,69,11,0,2
79-39,79,39,0,0
9-17,9,17,0,1
52-34,52,34,1,1
80-11,80,11,1,4
80-33,80,33,0,0
50-63,50,63,3,1
11-74,11,74,1,1
22-49,22,49,2,0
78-30,78,30,0,1
68-41,68,41,3,0
2-1,2,1,2,0
22-35,22,35,1,0
79-37,79,37,1,1
54-50,54,50,1,0
72-2,72,2,0,3
11-51,11,51,0,0
35-66,35,66,2,0
8-29,8,29,1,0
46-12,46,12,1,1
79-29,79,29,1,1
43-53,43,53,0,0
36-6,36,6,0,1
52-58,52,58,2,0
17-46,17,46,0,1
76-16,76,16,0,2
74-51,74,51,1,0
4-59,4,59,0,0
9-71,9,71,4,1
21-65,21,65,1,0
42-33,42,33,0,0
41-80,41,80,3,1
57-64,57,64,4,1
72-24,72,24,2,0
70-14,70,14,1,0
70-15,70,15,1,3
40-54,40,54,1,0
59-17,59,17,2,1
62-16,62,16,2,0
39-61,39,61,1,1
19-77,19,77,2,1
48-28,48,28,0,0
5-19,5,19,0,0
23-58,23,58,2,1
71-56,71,56,0,1
26-64,26,64,2,1
73-16,73,16,0,3
35-15,35,15,2,1
64-5,64,5,1,3
1-44,1,44,3,0
36-6,36,6,2,2
79-2,79,2,0,3
28-3,28,3,0,1
34-78,34,78,2,0
20-59,20,59,2,1
7-29,7,29,0,1
45-66,45,66,2,1
69-22,69,22,0,2
73-3,73,3,1,2
43-42,43,42,2,0
14-15,14,15,1,1
41-62,41,62,1,0
68-43,68,43,0,1
19-16,19,16,1,1
39-21,39,21,0,1
15-39,15,39,2,1
54-37,54,37,3,0
70-11,70,11,0,2
41-34,41,34,0,2
44-54,44,54,0,1
7-12,7,12,0,2
64-15,64,15,1,2
46-39,46,39,0,2
14-63,14,63,3,0
35-79,35,79,2,0
66-58,66,58,0,1
56-77,56,77,2,0
24-58,24,58,1,1
71-75,71,75,2,2
33-15,33,15,2,0
14-44,14,44,1,0
1-55,1,55,2,0
29-6,29,6,0,1
52-3,52,3,0,0
13-40,13,40,2,1
20-78,20,78,1,0
43-69,43,69,1,1
16-66,16,66,1,0
52-46,52,46,1,1
29-59,29,59,1,1
68-11,68,11,0,2
65-38,65,38,1,2
12-33,12,33,0,0
20-4,20,4,1,1
51-59,51,59,2,0
59-63,59,63,2,0
23-46,23,46,2,0
15-43,15,43,1,1
62-16,62,16,1,2
52-53,52,53,0,1
26-23,26,23,0,0
65-64,65,64,2,0
19-59,19,59,3,0
11-71,11,71,2,0
41-74,41,74,2,0
22-66,22,66,1,0
22-80,22,80,1,0
27-62,27,62,2,0
70-44,70,44,0,2
33-4,33,4,2,0
11-2,11,2,2,1
8-27,8,27,2,1
14-78,14,78,1,1
37-14,37,14,0,1
66-20,66,20,0,0
35-70,35,70,5,1
27-4,27,4,2,2
55-49,55,49,2,1
5-61,5,61,0,0
13-15,13,15,0,0
48-76,48,76,2,2
34-18,34,18,1,0
72-46,72,46,2,1
76-13,76,13,2,0
9-27,9,27,3,1
17-75,17,75,3,0
70-29,70,29,1,4
53-7,53,7,0,2
48-50,48,50,0,0
37-20,37,20,1,0
68-71,68,71,2,2
79-33,79,33,0,1
15-67,15,67,1,1
77-2,77,2,0,2
69-32,69,32,0,1
3-68,3,68,3,0
36-46,36,46,2,0
59-72,59,72,3,0
38-36,38,36,1,1
13-66,13,66,1,0
4-40,4,40,0,1
4-48,4,48,1,3
39-23,39,23,0,1
35-60,35,60,1,0
31-42,31,42,2,2
19-64,19,64,3,0
76-1,76,1,0,0
63-22,63,22,0,1
17-66,17,66,1,0
23-10,23,10,4,0
62-77,62,77,1,1
73-9,73,9,1,0
11-3,11,3,0,0
50-77,50,77,1,2
4-37,4,37,2,1
37-40,37,40,1,1
66-18,66,18,1,3
33-70,33,70,0,0
12-61,12,61,2,1
39-37,39,37,2,0
18-16,18,16,1,2
57-25,57,25,1,1
75-56,75,56,0,1
45-46,45,46,3,0
33-66,33,66,0,0
12-42,12,42,0,0
55-57,55,57,2,0
15-16,15,16,3,0
27-31,27,31,1,1
46-47,46,47,1,2
72-74,72,74,1,0
40-10,40,10,0,2
20-6,20,6,2,1
42-31,42,31,0,2
19-55,19,55,1,0
15-65,15,65,0,0
51-21,51,21,1,1
77-46,77,46,1,1
32-40,32,40,1,0
34-36,34,36,0,1
64-58,64,58,0,0
77-48,77,48,0,0
11-25,11,25,4,0
40-36,40,36,1,0
74-22,74,22,2,1
18-46,18,46,0,0
50-49,50,49,0,2
32-44,32,44,0,0
18-5,18,5,2,1
2-69,2,69,1,0
75-79,75,79,0,0
69-56,69,56,0,0
21-30,21,30,2,1
30-51,30,51,1,0
62-45,62,45,1,1
23-53,23,53,2,0
5-44,5,44,3,0
27-68,27,68,1,0
78-2,78,2,0,2
2-36,2,36,1,0
9-30,9,30,0,0
56-19,56,19,0,1
59-47,59,47,1,0
28-3,28,3,0,0
51-17,51,17,0,0
48-39,48,39,0,0
5-40,5,40,1,0
68-41,68,41,1,0
30-51,30,51,2,0
13-32,13,32,1,0
52-47,52,47,0,1
14-65,14,65,3,0
54-44,54,44,0,0
17-14,17,14,0,1
69-2,69,2,0,0
75-50,75,50,1,1
65-14,65,14,0,1
23-72,23,72,0,1
17-52,17,52,2,0
61-40,61,40,1,2
2-79,2,79,2,1
35-6,35,6,1,2
13-11,13,11,0,2
31-6,31,6,2,0
26-30,26,30,2,2
75-69,75,69,3,1
60-7,60,7,1,0
54-13,54,13,0,0
39-65,39,65,1,1
24-3,24,3,1,0
29-18,29,18,0,1
37-11,37,11,1,0
31-3,31,3,0,0
62-3,62,3,1,2
64-47,64,47,2,0
14-31,14,31,2,1
5-68,5,68,1,0
58-59,58,59,0,1
74-20,74,20,0,1
9-8,9,8,1,0
26-23,26,23,2,1
5-26,5,26,2,0
76-22,76,22,1,1
44-55,44,55,0,2
76-43,76,43,3,0
31-20,31,20,1,1
21-50,21,50,2,0
30-20,30,20,1,1
29-31,29,31,1,1
13-51,13,51,0,0
58-23,58,23,0,0
49-80,49,80,3,0
2-9,2,9,2,1
21-47,21,47,2,0
80-23,80,23,0,2
35-56,35,56,2,1
40-5,40,5,0,1
36-66,36,66,2,0
56-77,56,77,0,1
32-21,32,21,0,0
22-58,22,58,0,0
13-14,13,14,2,0
59-30,59,30,1,1
2-72,2,72,0,0
43-4,43,4,1,3
61-25,61,25,1,0
74-47,74,47,1,2
45-53,45,53,1,2
37-17,37,17,0,0
39-60,39,60,0,1
20-58,20,58,1,0
32-10,32,10,0,1
5-29,5,29,0,0
15-37,15,37,2,2
3-17,3,17,3,1
53-36,53,36,1,0
10-3,10,3,1,0
43-17,43,17,0,0
80-51,80,51,1,1
41-46,41,46,2,1
38-24,38,24,1,1
76-59,76,59,0,3
1-11,1,11,0,3
14-17,14,17,0,0
31-43,31,43,1,1
4-13,4,13,4,0
54-65,54,65,0,0
76-70,76,70,0,1
66-15,66,15,2,0
22-39,22,39,0,0
70-51,70,51,1,0
71-52,71,52,2,0
60-23,60,23,0,2
77-39,77,39,0,2
17-46,17,46,0,0
45-2,45,2,2,2
52-51,52,51,0,1
24-39,24,39,2,1
18-23,18,23,0,1
51-11,51,11,1,3
19-40,19,40,2,1
23-68,23,68,2,0
44-16,44,16,3,0
6-37,6,37,1,0
19-57,19,57,2,0
1-73,1,73,0,0
37-63,37,63,2,1
43-61,43,61,1,0
9-42,9,42,0,0
16-7,16,7,0,1
34-18,34,18,1,1
29-68,29,68,1,0
65-34,65,34,1,3
74-34,74,34,0,1
14-4,14,4,2,1
72-74,72,74,3,0
22-52,22,52,0,0
49-40,49,40,1,2
19-10,19,10,2,1
2-70,2,70,1,0
39-24,39,24,0,3
65-45,65,45,0,3
67-75,67,75,0,0
18-78,18,78,1,1
25-22,25,22,2,0
70-55,70,55,0,1
55-76,55,76,1,0
18-27,18,27,0,0
80-79,80,79,3,0
48-46,48,46,0,0
67-66,67,66,0,1
11-70,11,70,2,1
4-19,4,19,2,1
51-52,51,52,3,4
66-69,66,69,1,1
77-26,77,26,0,4
11-56,11,56,3,0
15-56,15,56,1,1
12-62,12,62,3,0
58-51,58,51,0,1
25-42,25,42,3,1
32-56,32,56,1,0
33-80,33,80,1,0
77-31,77,31,2,1
57-3,57,3,1,2
19-49,19,49,1,0
37-33,37,33,1,0
35-63,35,63,2,1
73-9,73,9,0,3
80-54,80,54,1,1
18-64,18,64,2,0
69-32,69,32,0,4
51-65,51,65,2,0
80-50,80,50,0,3
16-15,16,15,0,1
34-31,34,31,1,2
59-58,59,58,2,0
34-28,34,28,0,2
49-47,49,47,1,0
29-7,29,7,1,2
1-65,1,65,1,1
29-33,29,33,0,0
79-7,79,7,0,2
45-68,45,68,1,0
21-12,21,12,0,1
62-56,62,56,1,1
36-73,36,73,0,0
2-31,2,31,1,0
62-78,62,78,1,1
19-29,19,29,1,0
49-39,49,39,1,3
27-34,27,34,0,2
66-42,66,42,1,2
8-6,8,6,1,0
64-73,64,73,0,0
60-26,60,26,0,1
64-57,64,57,0,2
15-3,15,3,3,1
28-59,28,59,1,0
44-55,44,55,0,1
78-63,78,63,2,1
7-66,7,66,3,0
9-2,9,2,1,1
33-14,33,14,2,0
10-52,10,52,1,1
23-80,23,80,2,1
2-27,2,27,1,1
13-1,13,1,2,2
42-44,42,44,1,1
8-22,8,22,0,0
6-41,6,41,2,0
6-74,6,74,2,0
66-62,66,62,1,0
23-73,23,73,1,0
7-22,7,22,4,1
52-56,52,56,2,1
4-23,4,23,0,0
3-69,3,69,3,1
66-69,66,69,3,1
79-16,79,16,1,1
56-63,56,63,1,0
8-38,8,38,3,2
6-9,6,9,2,0
10-51,10,51,1,0
44-7,44,7,0,0
14-16,14,16,2,2
12-80,12,80,4,0
67-12,67,12,0,2
63-48,63,48,0,1
22-11,22,11,1,1
34-58,34,58,1,0
22-29,22,29,1,0
77-46,77,46,1,2
53-71,53,71,1,1
17-72,17,72,1,0
44-25,44,25,0,1
41-66,41,66,0,0
4-25,4,25,2,1
21-5,21,5,0,2
20-36,20,36,3,3
40-69,40,69,1,0
58-22,58,22,2,1
6-38,6,38,1,0
50-4,50,4,2,1
66-14,66,14,1,1
32-49,32,49,2,0
20-7,20,7,2,1
62-67,62,67,2,0
48-60,48,60,1,1
38-47,38,47,2,0
63-10,63,10,0,2
62-73,62,73,1,1
43-50,43,50,0,2
30-47,30,47,4,0
27-70,27,70,2,1
61-8,61,8,0,2
3-2,3,2,1,1
30-74,30,74,1,0
18-48,18,48,2,0
16-41,16,41,3,1
22-50,22,50,0,0
78-50,78,50,0,1
23-17,23,17,0,2
51-22,51,22,1,1
63-70,63,70,1,0
52-71,52,71,1,0
22-50,22,50,0,1
70-1,70,1,0,2
55-31,55,31,0,0
51-73,51,73,1,0
19-34,19,34,2,1
40-78,40,78,3,0
30-40,30,40,2,0
80-47,80,47,2,0
44-34,44,34,2,0
53-13,53,13,0,1
29-12,29,12,0,1
33-21,33,21,1,1
38-5,38,5,1,2
80-15,80,15,1,2
30-1,30,1,0,3
3-54,3,54,3,0
49-38,49,38,0,0
37-14,37,14,0,2
71-15,71,15,0,0
13-67,13,67,2,1
49-10,49,10,2,2
14-11,14,11,1,1
9-35,9,35,1,0
11-52,11,52,1,1
61-59,61,59,0,0
69-39,69,39,0,2
16-27,16,27,1,1
68-66,68,66,2,0
61-51,61,51,1,0
36-60,36,60,3,2
46-44,46,44,1,0
20-26,20,26,2,1
77-74,77,74,2,0
1-53,1,53,3,1
78-22,78,22,1,3
32-51,32,51,2,2
2-73,2,73,2,0
67-3,67,3,0,0
57-37,57,37,0,1
7-56,7,56,1,1
45-12,45,12,0,1
7-21,7,21,2,1
48-35,48,35,0,1
13-45,13,45,0,0
16-59,16,59,1,1
41-33,41,33,0,0
75-59,75,59,0,4
1-29,1,29,1,1
42-37,42,37,0,1
47-33,47,33,0,2
29-18,29,18,0,5
30-52,30,52,2,0
41-7,41,7,1,0
67-41,67,41,0,4
29-53,29,53,2,1
26-48,26,48,2,0
10-69,10,69,5,0
68-30,68,30,1,3
32-75,32,75,2,0
51-75,51,75,1,0
66-76,66,76,1,0
6-68,6,68,2,0
61-14,61,14,0,2
9-15,9,15,1,0
64-46,64,46,3,0
4-47,4,47,4,0
3-47,3,47,3,2
39-66,39,66,1,0
29-34,29,34,2,2
77-24,77,24,0,4
19-30,19,30,1,0
59-4,59,4,1,2
43-31,43,31,0,3
6-20,6,20,3,0
78-24,78,24,0,1
11-57,11,57,1,0
41-42,41,42,4,1
10-42,10,42,0,0
56-63,56,63,0,0
2-44,2,44,1,1
5-39,5,39,0,0
27-24,27,24,1,4
3-25,3,25,2,1
22-3,22,3,3,0
40-75,40,75,3,1
3-49,3,49,2,0
36-72,36,72,2,0
79-24,79,24,0,1
41-72,41,72,1,1
42-16,42,16,0,3
72-31,72,31,1,1
3-2,3,2,0,1
3-2,3,2,0,2
72-48,72,48,4,0
54-48,54,48,1,0
42-66,42,66,2,1
52-67,52,67,2,0
41-55,41,55,1,1
19-29,19,29,0,4
40-55,40,55,4,0
62-55,62,55,0,2
30-16,30,16,1,0
40-7,40,7,1,3
17-46,17,46,0,0
63-8,63,8,0,1
12-59,12,59,3,0
19-46,19,46,0,1
46-67,46,67,0,0
30-35,30,35,0,0
73-65,73,65,3,0
26-9,26,9,1,0
51-3,51,3,2,1
11-75,11,75,0,0
23-9,23,9,0,1
42-61,42,61,0,0
56-6,56,6,1,1
57-31,57,31,0,0
50-72,50,72,0,2
59-62,59,62,1,1
79-45,79,45,1,0
41-49,41,49,1,1
2-72,2,72,1,0
75-48,75,48,0,1
28-42,28,42,2,0
75-3,75,3,0,5
30-68,30,68,1,0
43-6,43,6,3,0
46-58,46,58,1,0
5-60,5,60,3,0
25-62,25,62,5,0
80-60,80,60,0,0
24-41,24,41,0,0
47-10,47,10,0,0
55-21,55,21,2,2
77-46,77,46,0,3
20-49,20,49,2,1
18-31,18,31,1,1
7-45,7,45,1,1
12-24,12,24,3,0
49-13,49,13,0,1
42-70,42,70,1,0
40-24,40,24,2,1
76-61,76,61,2,1
62-57,62,57,1,0
66-69,66,69,1,0
76-45,76,45,1,2
49-23,49,23,0,1
29-21,29,21,1,1
35-65,35,65,2,0
58-60,58,60,2,0
57-7,57,7,1,3
39-21,39,21,0,0
4-59,4,59,2,0
24-42,24,42,0,1
44-66,44,66,1,0
30-52,30,52,0,0
73-24,73,24,0,1
52-38,52,38,2,0
41-58,41,58,2,1
49-9,49,9,1,2
19-3,19,3,0,2
78-60,78,60,0,0
63-42,63,42,2,0
3-4,3,4,1,1
71-40,71,40,0,1
21-6,21,6,0,0
70-16,70,16,0,0
7-25,7,25,1,0
6-29,6,29,4,0
54-29,54,29,1,0
61-76,61,76,2,0
31-26,31,26,0,0
19-5,19,5,0,0
68-20,68,20,0,3
78-13,78,13,0,0
13-67,13,67,0,0
25-70,25,70,1,0
58-74,58,74,2,1
70-68,70,68,0,2
66-39,66,39,0,1
45-60,45,60,2,1
37-70,37,70,1,0
38-64,38,64,2,0
34-41,34,41,2,0
8-55,8,55,1,1
78-35,78,35,0,2
27-77,27,77,0,0
16-73,16,73,2,0
49-61,49,61,1,1
28-10,28,10,1,1
11-29,11,29,2,0
9-29,9,29,0,1
41-8,41,8,1,0
17-79,17,79,0,0
28-3,28,3,0,2
30-69,30,69,2,1
65-2,65,2,0,2
28-59,28,59,3,1
50-32,50,32,2,1
33-56,33,56,2,2
6-3,6,3,1,0
62-21,62,21,0,1
46-75,46,75,1,0
5-9,5,9,1,0
13-31,13,31,3,0
21-71,21,71,3,0
6-38,6,38,0,0
47-43,47,43,1,0
68-34,68,34,0,1
11-22,11,22,3,0
79-20,79,20,0,1
60-7,60,7,0,2
17-25,17,25,2,0
21-6,21,6,0,1
29-77,29,77,2,0
2-10,2,10,1,2
56-41,56,41,1,0
61-4,61,4,2,5
35-73,35,73,2,1
18-19,18,19,0,4
11-10,11,10,1,0
23-37,23,37,0,0
17-62,17,62,1,1
74-72,74,72,2,1
50-74,50,74,1,0
78-38,78,38,1,2
30-50,30,50,2,1
10-11,10,11,0,0
11-42,11,42,2,1
10-4,10,4,1,0
55-35,55,35,1,0
50-13,50,13,0,2
52-32,52,32,2,0
38-11,38,11,1,1
66-44,66,44,0,1
37-65,37,65,1,1
10-73,10,73,1,0
34-37,34,37,3,0
12-33,12,33,2,0
47-1,47,1,1,4
52-77,52,77,3,1
2-72,2,72,4,0
41-49,41,49,1,1
50-17,50,17,0,2
4-28,4,28,4,1
26-9,26,9,1,0
25-65,25,65,1,1
24-79,24,79,2,0
74-59,74,59,0,2
80-69,80,69,1,1
10-9,10,9,0,0
37-70,37,70,3,0
29-53,29,53,0,0
3-65,3,65,2,0
31-72,31,72,1,2
4-30,4,30,1,0
68-76,68,76,3,1
37-43,37,43,1,1
36-1,36,1,2,0
30-8,30,8,0,0
22-50,22,50,2,0
71-52,71,52,0,1
30-19,30,19,2,0
63-50,63,50,1,0
69-4,69,4,0,3
61-16,61,16,0,0
4-42,4,42,1,0
23-21,23,21,1,1
26-65,26,65,0,0
35-29,35,29,1,1
14-63,14,63,1,0
24-57,24,57,0,0
51-2,51,2,0,0
44-26,44,26,1,3
64-18,64,18,0,1
18-38,18,38,0,0
44-73,44,73,0,0
80-55,80,55,1,1
7-46,7,46,1,1
55-5,55,5,1,1
10-26,10,26,0,0
47-54,47,54,1,3
32-37,32,37,0,2
11-20,11,20,1,1
45-38,45,38,1,0
35-77,35,77,2,1
36-10,36,10,0,0
74-80,74,80,0,2
24-11,24,11,2,1
43-55,43,55,0,1
63-27,63,27,1,2
73-35,73,35,0,2
77-33,77,33,2,1
38-80,38,80,1,1
64-41,64,41,1,2
27-64,27,64,1,0
63-4,63,4,0,1
5-67,5,67,1,0
57-13,57,13,0,2
24-3,24,3,0,3
66-65,66,65,5,0
18-65,18,65,4,0
62-30,62,30,0,1
78-26,78,26,0,1
72-78,72,78,1,0
41-24,41,24,1,2
64-10,64,10,2,2
50-77,50,77,1,0
50-26,50,26,0,0
8-7,8,7,2,0
43-61,43,61,1,1
79-34,79,34,1,0
58-28,58,28,0,0
49-69,49,69,3,1
79-80,79,80,0,0
17-16,17,16,1,1
63-69,63,69,1,1
50-36,50,36,1,0
54-79,54,79,0,0
14-78,14,78,2,0
8-66,8,66,2,0
79-20,79,20,2,1
48-56,48,56,0,0
80-1,80,1,1,3
19-20,19,20,1,1
42-55,42,55,2,0
34-41,34,41,0,0
47-3,47,3,0,3
19-15,19,15,1,1
21-22,21,22,1,0
31-78,31,78,3,0
79-36,79,36,0,1
21-32,21,32,3,0
73-46,73,46,3,0
75-13,75,13,0,0
32-40,32,40,0,2
14-71,14,71,2,1
47-79,47,79,0,2
78-36,78,36,1,1
7-10,7,10,1,3
44-12,44,12,1,1
80-34,80,34,1,2
38-39,38,39,1,0
20-64,20,64,4,0
63-40,63,40,2,1
55-70,55,70,2,0
27-3,27,3,0,1
49-33,49,33,1,2
55-5,55,5,1,4
41-22,41,22,0,1
56-46,56,46,0,0
19-28,19,28,1,0
40-9,40,9,0,2
22-58,22,58,1,0
51-6,51,6,0,1
33-45,33,45,1,0
8-37,8,37,1,0
29-3,29,3,0,0
17-31,17,31,2,0
13-38,13,38,3,0
35-54,35,54,0,0
31-35,31,35,0,0
14-25,14,25,0,1
65-32,65,32,0,1
58-67,58,67,3,0
48-66,48,66,1,0
13-10,13,10,0,0
72-67,72,67,2,0
61-55,61,55,2,1
55-20,55,20,0,3
12-39,12,39,2,1
24-78,24,78,2,0
73-47,73,47,0,1
38-60,38,60,1,0
31-55,31,55,1,0
40-60,40,60,1,1
52-58,52,58,0,0
40-3,40,3,1,0
57-5,57,5,0,2
43-53,43,53,1,1
75-24,75,24,0,2
40-48,40,48,1,1
10-16,10,16,1,1
14-56,14,56,2,0
19-59,19,59,3,1
77-50,77,50,2,0
45-41,45,41,1,0
75-50,75,50,0,1
39-9,39,9,0,2
46-48,46,48,1,0
14-74,14,74,3,0
22-3,22,3,1,0
29-39,29,39,1,1
36-5,36,5,0,3
35-12,35,12,0,2
63-73,63,73,1,2
54-18,54,18,0,1
75-18,75,18,0,1
46-23,46,23,0,1
52-10,52,10,0,2
3-27,3,27,0,1
10-43,10,43,2,0
46-37,46,37,2,2
55-15,55,15,2,2
75-30,75,30,0,1
29-10,29,10,1,1
43-71,43,71,6,0
8-41,8,41,2,1
51-45,51,45,0,0
10-75,10,75,2,1
48-67,48,67,3,1
37-39,37,39,1,0
39-13,39,13,1,0
67-30,67,30,0,1
28-7,28,7,3,0
76-39,76,39,1,2
44-35,44,35,2,3
17-31,17,31,1,0
47-5,47,5,0,2
61-15,61,15,1,0
64-8,64,8,0,1
69-30,69,30,0,1
25-4,25,4,0,1
66-31,66,31,0,1
7-69,7,69,2,0
55-70,55,70,1,0
69-56,69,56,0,2
18-51,18,51,3,0
13-57,13,57,1,0
1-58,1,58,0,0
11-48,11,48,1,1
6-75,6,75,2,0
53-30,53,30,1,1
74-32,74,32,0,2
40-43,40,43,0,0
8-7,8,7,3,0
26-58,26,58,0,0
50-40,50,40,1,1
42-61,42,61,4,0
52-74,52,74,1,0
11-63,11,63,0,0
34-12,34,12,2,0
63-77,63,77,2,1
61-20,61,20,0,0
66-51,66,51,1,1
32-49,32,49,2,2
69-34,69,34,0,0
76-9,76,9,1,2
45-18,45,18,0,1
31-20,31,20,0,2
16-18,16,18,1,0
40-55,40,55,1,0
71-70,71,70,0,0
29-52,29,52,0,1
42-80,42,80,2,1
72-21,72,21,1,2
61-57,61,57,0,1
46-26,46,26,0,0
78-7,78,7,0,2
68-74,68,74,3,0
32-47,32,47,2,0
68-36,68,36,3,3
12-51,12,51,1,1
71-31,71,31,0,3
23-65,23,65,1,0
38-20,38,20,1,2
4-1,4,1,0,2
67-63,67,63,1,2
6-22,6,22,4,0
55-18,55,18,0,0
6-52,6,52,0,1
78-62,78,62,1,1
29-75,29,75,2,0
73-79,73,79,0,0
46-28,46,28,2,0
6-8,6,8,2,0
17-24,17,24,2,0
33-21,33,21,0,0
15-78,15,78,2,0
29-5,29,5,0,1
30-62,30,62,0,1
40-63,40,63,2,0
23-69,23,69,2,0
64-14,64,14,0,3
33-37,33,37,1,0
73-76,73,76,1,1
51-38,51,38,2,1
52-6,52,6,0,3
70-47,70,47,0,2
47-62,47,62,0,1
30-39,30,39,0,0
63-49,63,49,1,1
77-42,77,42,0,0
61-62,61,62,1,0
12-65,12,65,3,0
22-47,22,47,1,0
17-61,17,61,1,0
48-32,48,32,1,2
79-46,79,46,2,1
15-69,15,69,2,1
38-5,38,5,1,0
74-5,74,5,1,3
21-38,21,38,3,2
10-1,10,1,1,1
34-30,34,30,1,0
8-39,8,39,3,2
72-3,72,3,2,1
61-15,61,15,1,0
55-60,55,60,2,0
13-45,13,45,3,0
55-48,55,48,0,1
33-1,33,1,0,1
23-59,23,59,0,0
8-73,8,73,1,0
27-63,27,63,0,0
66-28,66,28,1,0
6-65,6,65,0,1
48-10,48,10,1,1
76-51,76,51,0,0
3-7,3,7,0,2
51-48,51,48,0,0
71-41,71,41,1,1
59-25,59,25,0,1
29-66,29,66,3,0
76-27,76,27,0,1
27-46,27,46,1,0
31-16,31,16,1,2
44-53,44,53,0,0
23-54,23,54,0,0
75-26,75,26,0,0
63-67,63,67,1,0
58-27,58,27,0,1
46-18,46,18,0,1
59-47,59,47,0,0
65-49,65,49,1,1
47-53,47,53,1,3
54-13,54,13,1,2
1-77,1,77,2,0
74-40,74,40,0,2
31-55,31,55,1,0
50-26,50,26,2,1
6-52,6,52,1,0
41-9,41,9,0,2
20-9,20,9,1,1
3-47,3,47,3,0
72-1,72,1,0,3
44-29,44,29,0,2
60-28,60,28,2,0
68-5,68,5,0,0
55-8,55,8,0,3
32-22,32,22,1,0
52-76,52,76,0,0
16-47,16,47,0,1
63-36,63,36,1,1
48-54,48,54,2,0
74-23,74,23,0,2
78-60,78,60,0,2
76-72,76,72,1,1
77-14,77,14,0,0
8-29,8,29,1,0
40-49,40,49,1,1
17-3,17,3,3,0
61-79,61,79,1,0
76-17,76,17,1,2
14-3,14,3,0,2
13-24,13,24,2,0
51-80,51,80,1,0
79-67,79,67,1,1
26-44,26,44,1,0
6-58,6,58,1,0
13-72,13,72,1,1
75-12,75,12,0,1
28-72,28,72,1,0
47-42,47,42,2,0
41-63,41,63,0,0
12-30,12,30,1,1
32-65,32,65,0,0
73-66,73,66,1,0
12-40,12,40,0,1
2-46,2,46,1,0
79-54,79,54,0,0
65-57,65,57,1,0
34-1,34,1,2,0
24-75,24,75,1,0
33-18,33,18,3,0
35-4,35,4,0,3
68-63,68,63,1,3
69-14,69,14,0,1
58-8,58,8,1,2
38-28,38,28,0,0
33-41,33,41,2,0
11-66,11,66,2,1
3-60,3,60,1,0
37-27,37,27,3,0
61-77,61,77,1,1
26-46,26,46,4,0
46-16,46,16,0,1
10-64,10,64,0,0
44-40,44,40,1,1
80-45,80,45,2,2
58-60,58,60,5,0
17-16,17,16,0,0
80-6,80,6,0,0
79-31,79,31,0,0
59-53,59,53,0,1
33-16,33,16,3,0
69-35,69,35,1,2
52-3,52,3,1,1
29-51,29,51,2,0
66-7,66,7,0,1
2-39,2,39,0,0
23-22,23,22,1,1
39-59,39,59,0,2
45-39,45,39,1,0
7-63,7,63,1,0
6-25,6,25,1,0
61-49,61,49,1,0
67-77,67,77,2,1
29-75,29,75,1,0
55-47,55,47,2,2
25-43,25,43,3,0
47-50,47,50,1,0
15-25,15,25,3,0
23-18,23,18,0,2
2-38,2,38,1,0
15-23,15,23,2,0
21-27,21,27,1,3
33-80,33,80,2,0
34-47,34,47,2,1
79-71,79,71,3,0
20-2,20,2,1,2
49-26,49,26,0,0
60-13,60,13,0,3
34-54,34,54,2,0
39-72,39,72,2,0
71-35,71,35,2,0
10-63,10,63,3,0
57-50,57,50,0,0
13-45,13,45,0,0
3-49,3,49,3,0
52-64,52,64,1,1
18-71,18,71,3,0
63-10,63,10,1,2
77-7,77,7,1,0
6-73,6,73,0,0
69-23,69,23,0,4
62-50,62,50,0,1
60-42,60,42,1,0
54-63,54,63,3,0
48-77,48,77,2,0
50-73,50,73,2,1
48-18,48,18,0,1
48-41,48,41,0,2
19-33,19,33,0,2
64-48,64,48,0,3
49-61,49,61,3,0
71-8,71,8,0,4
67-41,67,41,1,2
3-39,3,39,1,1
13-52,13,52,1,0
33-12,33,12,1,1
37-54,37,54,1,0
49-75,49,75,1,0
39-17,39,17,1,0
38-62,38,62,2,0
22-44,22,44,1,0
74-5,74,5,0,1
15-75,15,75,2,0
17-71,17,71,2,0
18-9,18,9,1,0
50-5,50,5,1,0
34-18,34,18,2,0
58-80,58,80,2,1
37-20,37,20,0,0
12-1,12,1,1,0
17-11,17,11,3,2
72-2,72,2,0,2
45-76,45,76,3,0
29-52,29,52,2,0
69-45,69,45,0,1
5-30,5,30,1,0
67-6,67,6,2,1
29-30,29,30,1,3
7-64,7,64,2,0
65-37,65,37,0,2
21-69,21,69,2,0
32-51,32,51,4,1
17-35,17,35,2,2
37-72,37,72,1,0
52-77,52,77,2,0
3-25,3,25,0,0
53-21,53,21,0,2
72-74,72,74,0,1
56-43,56,43,0,1
1-61,1,61,1,1
36-77,36,77,2,0
50-18,50,18,0,0
65-18,65,18,0,5
65-18,65,18,1,3
54-22,54,22,0,0
35-78,35,78,3,1
16-33,16,33,1,0
58-3,58,3,2,1
71-61,71,61,0,2
19-42,19,42,1,0
53-29,53,29,1,2
26-29,26,29,2,1
63-38,63,38,1,1
7-71,7,71,2,0
78-6,78,6,1,2
44-4,44,4,0,1
71-68,71,68,2,0
78-73,78,73,2,0
78-6,78,6,0,2
56-38,56,38,4,1
30-7,30,7,1,1
7-47,7,47,2,0
21-11,21,11,1,2
18-73,18,73,1,0
24-56,24,56,0,0
69-24,69,24,0,1
58-5,58,5,0,1
6-40,6,40,4,0
33-62,33,62,0,0
46-74,46,74,2,1
40-78,40,78,0,1
59-19,59,19,0,2
43-80,43,80,1,0
18-7,18,7,2,2
9-79,9,79,1,0
9-65,9,65,2,0
69-21,69,21,0,2
29-41,29,41,1,1
49-44,49,44,0,0
42-22,42,22,0,1
32-12,32,12,0,0
26-9,26,9,2,0
72-43,72,43,0,2
15-47,15,47,0,0
64-33,64,33,1,2
19-74,19,74,3,1
2-31,2,31,0,2
12-40,12,40,3,0
48-53,48,53,1,2
74-24,74,24,1,2
44-11,44,11,0,3
34-47,34,47,0,1
76-41,76,41,2,1
29-39,29,39,2,0
69-20,69,20,0,0
30-59,30,59,1,1
66-13,66,13,0,1
48-51,48,51,0,0
20-30,20,30,1,1
76-80,76,80,0,0
60-54,60,54,1,1
55-6,55,6,0,0
47-13,47,13,1,1
8-29,8,29,1,2
11-28,11,28,3,0
16-58,16,58,0,2
27-42,27,42,2,0
12-42,12,42,2,0
5-30,5,30,3,0
37-46,37,46,2,0
30-4,30,4,2,1
67-7,67,7,2,0
24-56,24,56,1,0
68-29,68,29,1,5
55-36,55,36,0,1
41-11,41,11,0,1
31-2,31,2,0,0
66-35,66,35,1,1
60-64,60,64,0,1
31-8,31,8,1,3
78-22,78,22,1,1
12-23,12,23,2,1
34-45,34,45,2,0
23-72,23,72,3,0
4-50,4,50,0,1
52-35,52,35,1,1
45-9,45,9,0,0
14-64,14,64,1,0
60-15,60,15,0,4
75-34,75,34,0,1
33-35,33,35,0,1
73-74,73,74,0,0
43-68,43,68,2,0
78-10,78,10,0,0
64-74,64,74,1,0
35-13,35,13,0,1
77-4,77,4,0,0
30-69,30,69,2,0
53-57,53,57,0,0
22-75,22,75,2,1
49-41,49,41,3,1
53-3,53,3,0,1
38-28,38,28,2,1
13-22,13,22,0,1
57-41,57,41,1,0
52-14,52,14,0,1
46-73,46,73,0,0
79-71,79,71,1,1
54-2,54,2,0,1
65-9,65,9,0,0
9-33,9,33,2,2
21-33,21,33,0,2
66-54,66,54,0,1
20-2,20,2,1,1
2-50,2,50,3,1
55-24,55,24,2,3
69-25,69,25,0,0
59-66,59,66,1,1
35-27,35,27,1,2
29-60,29,60,1,1
9-11,9,11,0,1
4-75,4,75,2,0
45-29,45,29,1,2
66-42,66,42,1,1
46-3,46,3,2,2
27-62,27,62,4,1
62-3,62,3,1,4
56-25,56,25,1,1
6-14,6,14,1,1
54-8,54,8,0,0
58-14,58,14,0,2
45-75,45,75,1,1
10-6,10,6,3,0
15-19,15,19,0,1
52-42,52,42,1,1
56-48,56,48,1,1
28-17,28,17,0,3
75-41,75,41,2,0
51-23,51,23,1,0
67-56,67,56,1,2
6-31,6,31,1,0
71-11,71,11,0,1
42-48,42,48,1,1
30-78,30,78,1,0
68-26,68,26,1,0
68-78,68,78,0,2
68-41,68,41,1,0
15-9,15,9,2,2
23-63,23,63,2,1
62-5,62,5,0,3
35-8,35,8,1,0
25-73,25,73,2,0
41-44,41,44,2,0
10-3,10,3,0,1
44-79,44,79,2,1
48-40,48,40,0,1
11-62,11,62,0,1
43-52,43,52,1,0
62-45,62,45,0,1
8-72,8,72,1,0
50-42,50,42,2,1
26-48,26,48,2,0
26-29,26,29,1,2
12-53,12,53,2,0
71-40,71,40,0,2
1-53,1,53,4,0
25-18,25,18,3,3
47-49,47,49,1,1
45-47,45,47,2,1
48-21,48,21,0,1
4-7,4,7,0,2
70-36,70,36,0,1
18-30,18,30,0,1
18-14,18,14,2,0
73-80,73,80,0,2
46-67,46,67,0,0
23-2,23,2,0,1
60-65,60,65,2,0
1-38,1,38,1,0
53-4,53,4,1,0
42-80,42,80,3,2
21-26,21,26,0,1
64-67,64,67,1,1
58-4,58,4,0,2
43-55,43,55,0,0
24-68,24,68,2,1
22-40,22,40,0,1
23-49,23,49,1,0
50-79,50,79,2,0
31-42,31,42,0,0
12-26,12,26,0,1
17-62,17,62,2,0
44-24,44,24,0,1
20-68,20,68,4,0
55-19,55,19,0,0
21-26,21,26,1,0
25-52,25,52,1,0
7-28,7,28,1,1
16-37,16,37,0,1
44-10,44,10,1,0
74-31,74,31,0,1
36-80,36,80,2,0
8-15,8,15,2,0
2-61,2,61,3,0
38-67,38,67,2,1
16-35,16,35,1,1
74-40,74,40,1,3
31-56,31,56,2,1
28-58,28,58,2,0
3-30,3,30,1,2
58-32,58,32,2,1
5-79,5,79,2,0
63-79,63,79,2,0
41-6,41,6,0,3
2-14,2,14,1,0
62-45,62,45,0,3
20-25,20,25,0,1
80-29,80,29,1,3
27-64,27,64,3,0
17-80,17,80,2,0
66-23,66,23,1,2
19-29,19,29,1,0
6-67,6,67,2,1
72-1,72,1,0,2
6-27,6,27,0,0
80-9,80,9,1,0
69-56,69,56,1,2
23-4,23,4,0,4
64-42,64,42,1,2
67-75,67,75,1,1
3-59,3,59,1,1
38-22,38,22,2,0
35-13,35,13,0,0
22-60,22,60,0,0
22-65,22,65,2,0
56-49,56,49,3,1
75-54,75,54,0,1
33-41,33,41,3,0
24-78,24,78,2,0
37-67,37,67,1,0
16-75,16,75,2,1
17-56,17,56,0,0
72-26,72,26,1,0
10-23,10,23,1,0
49-17,49,17,1,0
29-63,29,63,4,0
38-50,38,50,0,2
42-26,42,26,0,1
71-56,71,56,0,0
37-64,37,64,1,1
60-70,60,70,0,0
71-73,71,73,1,0
45-38,45,38,1,0
22-14,22,14,0,1
30-28,30,28,2,1
27-38,27,38,3,1
58-73,58,73,0,0
27-61,27,61,3,1
18-27,18,27,0,0
64-57,64,57,0,1
70-74,70,74,0,2
43-75,43,75,3,0
53-29,53,29,1,1
23-62,23,62,1,1
53-8,53,8,0,1
16-18,16,18,1,1
75-4,75,4,1,1
4-79,4,79,3,0
7-48,7,48,1,2
55-56,55,56,1,1
40-36,40,36,0,2
50-43,50,43,1,2
58-18,58,18,0,0
35-47,35,47,0,1
33-68,33,68,2,0
1-41,1,41,3,1
4-69,4,69,4,0
50-5,50,5,1,0
35-48,35,48,0,0
6-78,6,78,1,0
61-21,61,21,0,2
21-46,21,46,2,3
76-67,76,67,1,1
79-46,79,46,0,2
58-30,58,30,1,0
13-63,13,63,0,1
21-43,21,43,1,0
26-11,26,11,0,3
28-33,28,33,0,1
40-2,40,2,1,0
11-16,11,16,1,2
2-58,2,58,3,1
5-2,5,2,2,2
12-66,12,66,1,1
77-34,77,34,1,2
73-17,73,17,0,3
33-62,33,62,0,0
17-28,17,28,2,1
17-27,17,27,1,0
44-22,44,22,0,0
45-50,45,50,1,1
80-19,80,19,0,1
76-68,76,68,2,0
32-60,32,60,1,1
54-24,54,24,1,0
44-73,44,73,2,1
21-79,21,79,1,0
72-45,72,45,0,1
63-22,63,22,2,0
60-5,60,5,0,0
38-13,38,13,2,0
31-32,31,32,2,0
35-76,35,76,2,0
49-29,49,29,3,1
77-74,77,74,1,1
7-21,7,21,4,0
59-65,59,65,3,0
24-79,24,79,2,0
15-48,15,48,0,0
22-45,22,45,2,0
71-40,71,40,0,1
37-17,37,17,0,0
80-10,80,10,0,4
34-51,34,51,0,1
50-19,50,19,1,1
22-24,22,24,1,0
33-55,33,55,5,0
33-19,33,19,3,0
72-59,72,59,1,1
49-72,49,72,1,1
3-73,3,73,3,1
6-4,6,4,1,0
12-11,12,11,0,0
32-47,32,47,1,0
37-78,37,78,1,0
3-56,3,56,1,1
9-76,9,76,0,0
70-74,70,74,0,3
65-69,65,69,1,2
60-18,60,18,1,0
18-17,18,17,2,0
35-36,35,36,0,1
11-20,11,20,2,0
79-2,79,2,0,1
16-20,16,20,1,1
71-61,71,61,1,0
52-5,52,5,0,0
2-42,2,42,1,1
33-57,33,57,2,0
37-35,37,35,1,0
77-71,77,71,1,2
80-43,80,43,1,0
26-65,26,65,3,0
24-79,24,79,1,0
68-18,68,18,0,2
44-71,44,71,2,0
30-20,30,20,2,1
42-7,42,7,0,2
16-45,16,45,0,1
7-13,7,13,0,0
69-25,69,25,1,0
74-62,74,62,0,0
36-54,36,54,1,0
68-55,68,55,0,1
44-57,44,57,1,1
69-76,69,76,0,1
38-75,38,75,2,0
11-19,11,19,1,2
36-79,36,79,0,0
75-32,75,32,1,1
32-63,32,63,3,1
73-65,73,65,1,0
46-4,46,4,1,1
66-1,66,1,0,2
70-31,70,31,1,2
46-49,46,49,1,2
78-72,78,72,0,1
20-16,20,16,1,2
69-59,69,59,0,0
78-55,78,55,1,0
57-45,57,45,1,1
50-35,50,35,0,2
68-50,68,50,1,1
8-32,8,32,3,0
42-5,42,5,1,3
20-43,20,43,0,1
32-26,32,26,2,1
72-1,72,1,1,4
7-29,7,29,2,1
79-71,79,71,2,1
59-8,59,8,0,1
49-33,49,33,0,2
71-26,71,26,0,0
32-58,32,58,1,1
57-6,57,6,0,1
15-47,15,47,3,0
41-49,41,49,4,0
80-19,80,19,0,1
51-15,51,15,0,0
3-19,3,19,2,1
74-5,74,5,0,1
1-53,1,53,1,1
3-72,3,72,0,1
25-39,25,39,0,1
53-72,53,72,3,0
16-45,16,45,1,0
47-44,47,44,1,0
19-15,19,15,1,2
66-79,66,79,1,0
51-39,51,39,2,0
40-13,40,13,0,1
67-75,67,75,2,0
6-45,6,45,2,1
13-29,13,29,0,2
64-47,64,47,1,1
30-7,30,7,1,2
57-56,57,56,1,1
4-16,4,16,1,1
46-47,46,47,1,0
26-48,26,48,1,1
40-78,40,78,2,1
80-8,80,8,1,1
31-36,31,36,0,0
45-56,45,56,0,1
73-9,73,9,0,1
21-5,21,5,0,0
51-25,51,25,0,3
20-40,20,40,1,0
66-77,66,77,1,1
16-3,16,3,1,2
53-30,53,30,1,2
8-23,8,23,2,0
77-44,77,44,2,0
13-32,13,32,2,0
80-51,80,51,1,3
40-52,40,52,2,0
57-17,57,17,1,0
75-54,75,54,3,0
32-68,32,68,1,2
3-43,3,43,1,0
71-76,71,76,0,1
58-72,58,72,3,0
6-53,6,53,1,0
64-30,64,30,0,2
17-35,17,35,1,0
73-54,73,54,2,0
61-67,61,67,0,2
48-38,48,38,1,0
66-33,66,33,0,0
30-35,30,35,0,0
12-77,12,77,2,1
29-37,29,37,0,0
11-77,11,77,0,1
15-51,15,51,2,1
16-10,16,10,1,2
14-16,14,16,0,3
1-15,1,15,0,0
77-14,77,14,0,1
11-62,11,62,0,1
66-31,66,31,0,3
4-43,4,43,1,1
1-55,1,55,1,1
2-62,2,62,2,0
32-23,32,23,0,1
45-27,45,27,1,2
70-28,70,28,1,0
75-2,75,2,0,4
4-58,4,58,0,1
21-4,21,4,0,0
3-47,3,47,3,0
3-39,3,39,2,0
63-44,63,44,2,2
50-72,50,72,1,1
61-9,61,9,0,3
35-30,35,30,0,3
4-54,4,54,3,1
62-41,62,41,1,0
60-35,60,35,0,1
80-20,80,20,0,0
63-1,63,1,0,1
39-38,39,38,2,1
48-17,48,17,0,3
32-36,32,36,2,1
64-42,64,42,0,1
71-75,71,75,1,2
9-31,9,31,1,0
11-44,11,44,0,2
35-58,35,58,2,0
13-73,13,73,4,0
24-33,24,33,1,0
21-5,21,5,0,1
9-18,9,18,2,1
78-19,78,19,1,2
49-22,49,22,0,3
28-48,28,48,3,0
65-52,65,52,1,1
55-68,55,68,1,0
5-72,5,72,1,0
22-72,22,72,1,0
39-43,39,43,1,1
53-27,53,27,0,2
74-51,74,51,2,0
4-30,4,30,0,1
36-79,36,79,2,1
64-18,64,18,0,2
79-76,79,76,0,0
9-67,9,67,1,1
79-69,79,69,2,0
74-73,74,73,2,1
8-31,8,31,0,0
79-27,79,27,1,2
76-2,76,2,0,1
10-57,10,57,2,0
5-61,5,61,3,0
15-9,15,9,0,1
4-7,4,7,1,0
2-38,2,38,1,0
24-49,24,49,1,1
39-56,39,56,2,0
50-23,50,23,1,1
48-69,48,69,0,0
11-62,11,62,2,0
25-53,25,53,0,1
51-3,51,3,0,1
59-54,59,54,1,0
58-16,58,16,0,1
42-27,42,27,2,2
19-62,19,62,2,0
64-48,64,48,1,2
17-3,17,3,2,0
12-27,12,27,2,1
6-15,6,15,1,0
1-52,1,52,1,0
40-4,40,4,2,2
9-34,9,34,1,0
47-17,47,17,1,1
48-51,48,51,3,0
21-72,21,72,4,0
34-23,34,23,3,0
9-1,9,1,1,1
13-52,13,52,0,0
67-32,67,32,0,3
33-69,33,69,2,1
80-35,80,35,0,4
8-79,8,79,3,0
73-8,73,8,0,1
44-33,44,33,0,0
55-72,55,72,2,0
69-73,69,73,2,0
4-73,4,73,2,1
14-38,14,38,1,1
60-56,60,56,0,0
77-62,77,62,0,0
52-75,52,75,1,0
17-21,17,21,0,1
65-74,65,74,1,2
39-58,39,58,2,1
1-70,1,70,1,0
56-51,56,51,1,0
6-80,6,80,4,0
40-80,40,80,0,0
62-15,62,15,0,4
27-20,27,20,0,0
27-14,27,14,0,2
34-11,34,11,1,0
11-25,11,25,2,0
12-41,12,41,3,0
69-38,69,38,0,3
63-3,63,3,0,0
27-55,27,55,0,2
21-39,21,39,1,1
21-37,21,37,4,1
10-71,10,71,2,1
70-51,70,51,2,0
11-20,11,20,2,0
66-29,66,29,0,0
62-21,62,21,1,1
75-23,75,23,0,2
34-12,34,12,0,0
65-36,65,36,0,3
2-12,2,12,2,1
16-45,16,45,1,1
60-61,60,61,0,1
30-79,30,79,3,1
70-47,70,47,0,3
70-48,70,48,0,0
55-9,55,9,1,1
45-11,45,11,1,0
18-20,18,20,3,1
18-59,18,59,0,0
38-4,38,4,2,2
49-45,49,45,2,1
79-48,79,48,1,0
78-60,78,60,1,3
43-63,43,63,1,0
14-6,14,6,0,1
80-9,80,9,0,1
31-59,31,59,0,1
77-76,77,76,0,0
72-19,72,19,1,2
13-64,13,64,5,1
74-32,74,32,0,1
18-55,18,55,1,0
70-22,70,22,0,1
77-43,77,43,2,2
59-4,59,4,0,3
73-3,73,3,0,2
29-74,29,74,0,1
65-1,65,1,0,0
3-52,3,52,3,0
68-39,68,39,0,2
9-13,9,13,0,0
62-49,62,49,1,2
37-55,37,55,2,0
39-9,39,9,1,2
47-20,47,20,1,0
66-27,66,27,0,1
35-54,35,54,4,1
59-26,59,26,0,0
13-2,13,2,2,0
26-78,26,78,1,0
5-38,5,38,1,0
2-17,2,17,2,1
43-45,43,45,0,0
25-1,25,1,1,1
34-21,34,21,0,2
38-77,38,77,3,0
33-17,33,17,0,0
35-76,35,76,0,0
15-41,15,41,1,2
47-70,47,70,2,2
59-62,59,62,3,0
8-23,8,23,1,2
4-7,4,7,3,1
31-2,31,2,0,1
11-7,11,7,1,2
33-79,33,79,1,0
69-51,69,51,0,1
52-39,52,39,2,0
20-47,20,47,4,0
79-18,79,18,0,0
49-65,49,65,2,0
3-77,3,77,1,1
74-27,74,27,0,0
65-8,65,8,1,2
75-45,75,45,0,2
76-44,76,44,2,1
28-79,28,79,2,1
39-37,39,37,1,0
80-71,80,71,2,0
63-46,63,46,1,1
18-67,18,67,3,0
68-28,68,28,0,2
46-58,46,58,2,0
48-74,48,74,2,0
62-33,62,33,0,1
60-76,60,76,1,0
64-67,64,67,1,1
65-13,65,13,0,0
38-48,38,48,3,0
57-12,57,12,1,2
5-63,5,63,1,0
66-57,66,57,2,1
62-4,62,4,0,2
19-17,19,17,2,0
9-40,9,40,0,1
7-57,7,57,1,0
11-24,11,24,0,0
33-11,33,11,2,0
24-48,24,48,1,0
8-43,8,43,1,0
37-74,37,74,2,0
57-65,57,65,1,0
63-35,63,35,1,1
74-1,74,1,0,2
59-39,59,39,0,1
29-35,29,35,1,1
43-23,43,23,0,2
79-65,79,65,1,0
52-10,52,10,1,1
17-37,17,37,2,0
79-77,79,77,1,1
30-16,30,16,2,1
29-4,29,4,0,3
46-48,46,48,0,1
29-7,29,7,0,1
13-18,13,18,3,0
1-24,1,24,1,0
5-43,5,43,1,1
23-3,23,3,0,1
37-13,37,13,1,0
22-55,22,55,2,2
46-30,46,30,0,3
73-48,73,48,0,0
42-45,42,45,0,0
18-28,18,28,2,0
9-75,9,75,1,0
57-28,57,28,0,2
9-22,9,22,4,0
66-18,66,18,1,0
78-42,78,42,2,1
61-33,61,33,0,2
79-55,79,55,2,2
56-6,56,6,0,1
67-14,67,14,1,0
25-51,25,51,2,0
43-47,43,47,2,0
23-7,23,7,1,3
37-78,37,78,1,1
10-14,10,14,0,0
8-56,8,56,2,0
65-47,65,47,0,1
47-56,47,56,1,0
39-16,39,16,1,0
10-79,10,79,1,0
8-52,8,52,1,1
13-36,13,36,1,0
8-35,8,35,0,0
53-56,53,56,1,1
80-46,80,46,1,1
25-6,25,6,1,1
44-45,44,45,1,0
59-65,59,65,1,0
78-45,78,45,1,0
20-21,20,21,2,0
66-40,66,40,2,3
63-20,63,20,1,3
23-10,23,10,1,1
46-75,46,75,1,0
12-58,12,58,1,2
48-36,48,36,1,1
63-51,63,51,1,0
29-49,29,49,1,1
21-3,21,3,1,0
45-69,45,69,2,0
1-28,1,28,0,0
27-46,27,46,2,0
18-4,18,4,0,1
15-64,15,64,4,0
8-54,8,54,1,1
48-34,48,34,2,3
7-27,7,27,1,0
45-77,45,77,0,0
4-30,4,30,3,0
50-22,50,22,0,0
68-42,68,42,0,0
41-72,41,72,2,1
74-80,74,80,2,0
58-60,58,60,2,0
32-13,32,13,0,1
24-30,24,30,2,0
24-72,24,72,0,0
21-32,21,32,0,0
27-5,27,5,1,3
22-48,22,48,1,1
55-1,55,1,1,1
53-3,53,3,1,2
26-40,26,40,0,1
57-4,57,4,0,3
28-29,28,29,1,0
51-59,51,59,1,0
26-50,26,50,0,1
48-21,48,21,1,2
37-55,37,55,5,1
77-35,77,35,1,2
55-66,55,66,0,0
76-79,76,79,1,0
25-49,25,49,2,1
61-52,61,52,0,0
13-78,13,78,3,1
52-19,52,19,0,4
37-57,37,57,0,0
40-63,40,63,3,1
28-2,28,2,0,1
33-44,33,44,2,1
56-66,56,66,2,0
49-9,49,9,0,1
41-70,41,70,2,1
61-17,61,17,0,2
40-41,40,41,1,0
42-53,42,53,5,1
39-40,39,40,1,1
35-80,35,80,2,0
57-80,57,80,1,1
72-43,72,43,0,3
47-74,47,74,1,0
48-19,48,19,0,3
19-40,19,40,0,1
7-11,7,11,1,2
69-1,69,1,1,2
17-72,17,72,2,0
15-27,15,27,1,1
38-76,38,76,3,0
70-30,70,30,1,0
7-51,7,51,1,0
26-11,26,11,0,0
45-5,45,5,0,2
29-62,29,62,4,1
61-28,61,28,0,0
20-62,20,62,1,0
45-76,45,76,0,0
59-1,59,1,0,2
24-3,24,3,0,3
79-54,79,54,1,1
23-17,23,17,0,2
80-50,80,50,0,2
62-15,62,15,0,1
38-42,38,42,3,0
17-10,17,10,2,1
53-61,53,61,2,2
5-62,5,62,1,1
76-15,76,15,0,1
31-50,31,50,2,1
2-25,2,25,1,3
38-70,38,70,1,2
61-66,61,66,2,1
47-32,47,32,1,0
66-39,66,39,0,1
1-59,1,59,2,0
8-48,8,48,0,0
5-63,5,63,0,1
41-75,41,75,2,0
51-26,51,26,0,0
19-74,19,74,2,2
31-67,31,67,1,0
63-18,63,18,1,3
76-21,76,21,0,0
7-48,7,48,2,1
52-74,52,74,2,1
47-15,47,15,1,2
67-65,67,65,1,1
21-49,21,49,1,0
62-15,62,15,0,1
80-48,80,48,2,0
9-76,9,76,3,0
72-58,72,58,0,1
52-11,52,11,1,1
66-8,66,8,0,1
12-68,12,68,5,0
64-79,64,79,2,0
74-59,74,59,2,2
11-22,11,22,1,0
75-14,75,14,0,1
45-40,45,40,2,0
22-30,22,30,2,1
34-58,34,58,4,1
47-7,47,7,1,2
24-38,24,38,3,1
75-48,75,48,0,1
32-54,32,54,2,0
18-58,18,58,1,0
73-22,73,22,0,2
68-63,68,63,0,2
7-34,7,34,2,2
14-66,14,66,1,0
15-79,15,79,0,1
2-19,2,19,2,3
13-6,13,6,1,0
1-16,1,16,0,1
3-18,3,18,1,0
67-28,67,28,2,1
42-79,42,79,2,1
60-47,60,47,0,0
57-62,57,62,2,0
45-37,45,37,1,0
66-19,66,19,1,4
47-37,47,37,0,0
73-49,73,49,0,0
44-62,44,62,1,0
8-76,8,76,2,1
68-67,68,67,3,1
53-75,53,75,5,0
11-13,11,13,1,2
66-2,66,2,0,3
56-21,56,21,0,0
79-74,79,74,0,1
64-39,64,39,1,0
23-18,23,18,0,2
32-37,32,37,1,2
62-5,62,5,0,0
17-74,17,74,1,0
59-20,59,20,0,0
63-3,63,3,1,1
26-29,26,29,2,0
56-20,56,20,0,0
37-74,37,74,2,1
9-74,9,74,0,0
44-43,44,43,0,2
5-45,5,45,0,1
50-62,50,62,1,0
15-47,15,47,2,0
35-13,35,13,0,1
7-46,7,46,0,0
50-48,50,48,3,0
22-15,22,15,2,1
28-51,28,51,0,1
57-78,57,78,3,1
67-42,67,42,0,0
67-53,67,53,0,1
55-23,55,23,0,1
20-58,20,58,1,1
46-1,46,1,0,1
67-22,67,22,1,1
47-10,47,10,0,3
68-31,68,31,1,2
43-50,43,50,2,1
68-69,68,69,1,1
45-13,45,13,1,1
35-66,35,66,0,0
4-67,4,67,2,0
50-43,50,43,1,0
72-70,72,70,1,0
3-73,3,73,3,0
1-43,1,43,2,0
79-55,79,55,3,1
33-28,33,28,2,1
38-43,38,43,1,0
43-40,43,40,1,0
76-11,76,11,0,6
67-45,67,45,0,3
4-2,4,2,1,1
78-67,78,67,4,1
65-2,65,2,0,3
25-73,25,73,3,1
33-22,33,22,2,2
15-79,15,79,0,1
51-55,51,55,1,1
21-45,21,45,1,1
68-65,68,65,1,0
39-54,39,54,1,0
27-15,27,15,1,0
62-74,62,74,1,1
65-31,65,31,2,1
74-10,74,10,1,1
3-55,3,55,0,0
62-75,62,75,2,2
63-2,63,2,1,1
71-50,71,50,1,0
13-80,13,80,2,0
68-76,68,76,0,1
66-55,66,55,0,5
19-14,19,14,1,1
76-74,76,74,1,0
51-6,51,6,1,1
74-36,74,36,0,3
58-78,58,78,0,0
11-65,11,65,1,1
17-3,17,3,0,1
80-52,80,52,2,2
67-57,67,57,0,1
78-56,78,56,1,0
31-77,31,77,2,0
2-69,2,69,0,1
57-35,57,35,0,0
40-33,40,33,1,0
36-76,36,76,1,1
2-51,2,51,1,1
16-58,16,58,2,2
24-51,24,51,0,0
9-34,9,34,1,1
53-74,53,74,2,0
41-35,41,35,1,1
13-64,13,64,5,1
44-15,44,15,0,0
66-31,66,31,1,1
1-57,1,57,2,1
74-28,74,28,1,0
4-60,4,60,1,1
42-39,42,39,0,1
70-64,70,64,1,1
8-60,8,60,1,0
2-9,2,9,1,0
15-58,15,58,3,0
78-38,78,38,1,3
75-9,75,9,1,2
63-47,63,47,3,1
4-31,4,31,1,0
50-8,50,8,0,2
4-31,4,31,0,0
25-78,25,78,1,0
45-72,45,72,1,1
33-71,33,71,3,1
70-21,70,21,1,1
18-58,18,58,1,2
45-46,45,46,0,2
55-27,55,27,2,1
18-43,18,43,1,1
6-36,6,36,2,1
39-9,39,9,1,2
28-51,28,51,3,0
10-15,10,15,1,1
7-14,7,14,2,1
52-14,52,14,0,0
48-16,48,16,0,2
3-71,3,71,5,0
12-32,12,32,1,2
78-48,78,48,1,1
17-37,17,37,1,0
41-48,41,48,0,1
11-12,11,12,0,2
67-24,67,24,0,1
79-39,79,39,0,2
31-45,31,45,0,0
55-44,55,44,0,0
66-72,66,72,2,0
33-50,33,50,1,0
5-61,5,61,1,0
3-61,3,61,1,0
39-55,39,55,1,0
36-40,36,40,2,0
45-35,45,35,1,2
28-7,28,7,2,0
13-17,13,17,3,0
14-30,14,30,1,0
78-2,78,2,0,1
70-10,70,10,1,4
54-52,54,52,1,0
64-49,64,49,0,1
70-49,70,49,1,1
62-47,62,47,0,2
70-14,70,14,1,2
62-12,62,12,1,2
2-11,2,11,0,0
73-44,73,44,0,1
61-59,61,59,1,1
73-43,73,43,0,0
60-70,60,70,1,0
22-33,22,33,1,1
65-53,65,53,0,0
4-1,4,1,1,2
30-28,30,28,1,1
58-28,58,28,0,0
34-64,34,64,4,1
55-20,55,20,0,1
80-63,80,63,2,0
80-21,80,21,0,1
33-65,33,65,0,1
13-45,13,45,2,0
77-43,77,43,0,1
17-44,17,44,0,0
20-68,20,68,3,1
62-22,62,22,0,0
16-42,16,42,2,0
41-60,41,60,2,0
52-41,52,41,1,0
79-15,79,15,0,3
65-20,65,20,0,1
53-76,53,76,2,0
17-75,17,75,2,1
76-6,76,6,0,2
36-80,36,80,2,0
70-48,70,48,2,0
47-79,47,79,0,0
9-40,9,40,1,2
18-27,18,27,1,1
46-53,46,53,0,2
27-76,27,76,2,1
1-20,1,20,2,0
56-76,56,76,1,0
61-17,61,17,0,0
29-77,29,77,3,0
50-58,50,58,1,0
55-68,55,68,0,0
60-65,60,65,2,0
11-27,11,27,1,1
78-71,78,71,0,2
72-29,72,29,2,0
52-5,52,5,0,1
51-3,51,3,1,1
8-31,8,31,0,0
63-50,63,50,0,1
62-76,62,76,1,2
41-39,41,39,1,1
75-32,75,32,0,2
52-7,52,7,0,1
68-12,68,12,0,2
52-64,52,64,5,1
25-21,25,21,0,0
16-23,16,23,1,2
51-11,51,11,2,1
48-22,48,22,0,1
45-42,45,42,2,0
35-74,35,74,0,1
13-59,13,59,1,0
63-72,63,72,2,0
41-68,41,68,2,2
30-48,30,48,3,1
61-66,61,66,1,1
62-11,62,11,0,0
43-59,43,59,1,1
35-17,35,17,2,2
66-79,66,79,0,1
78-74,78,74,0,0
2-63,2,63,0,0
12-50,12,50,0,0
38-75,38,75,2,1
27-77,27,77,2,0
19-31,19,31,0,0
17-47,17,47,1,0
11-56,11,56,1,0
15-67,15,67,2,0
15-62,15,62,2,0
69-14,69,14,0,1
65-8,65,8,1,1
4-72,4,72,1,0
13-75,13,75,2,0
58-27,58,27,3,2
28-30,28,30,0,0
9-57,9,57,1,0
11-32,11,32,3,0
41-23,41,23,1,2
34-7,34,7,0,1
43-12,43,12,0,2
52-51,52,51,0,1
74-25,74,25,1,2
44-60,44,60,2,1
70-3,70,3,0,4
37-70,37,70,1,0
18-45,18,45,1,1
26-27,26,27,2,1
51-79,51,79,2,0
59-1,59,1,0,0
43-42,43,42,3,0
4-24,4,24,1,1
32-27,32,27,0,1
56-17,56,17,1,1
32-73,32,73,0,0
30-78,30,78,2,0
52-79,52,79,1,0
75-59,75,59,0,2
54-30,54,30,0,0
25-53,25,53,1,2
49-34,49,34,2,0
15-60,15,60,4,0
24-59,24,59,1,2
34-51,34,51,2,0
14-11,14,11,1,0
68-55,68,55,1,0
75-46,75,46,1,2
24-73,24,73,3,0
29-62,29,62,3,0
47-48,47,48,0,1
18-21,18,21,2,0
10-4,10,4,1,0
20-57,20,57,0,0
48-31,48,31,1,1
39-61,39,61,1,2
37-28,37,28,1,0
29-55,29,55,2,1
48-50,48,50,0,0
29-37,29,37,1,1
7-69,7,69,4,0
35-66,35,66,2,1
42-55,42,55,0,1
23-58,23,58,4,0
2-42,2,42,0,0
74-11,74,11,0,1
67-19,67,19,0,1
59-34,59,34,0,1
26-45,26,45,2,0
41-80,41,80,0,1
65-66,65,66,0,2
40-79,40,79,1,0
57-72,57,72,0,2
79-58,79,58,0,0
69-35,69,35,0,1
52-7,52,7,0,1
50-13,50,13,1,1
48-32,48,32,0,1
56-7,56,7,1,1
13-44,13,44,3,0
36-59,36,59,3,0
57-50,57,50,0,0
22-76,22,76,3,1
66-10,66,10,0,2
39-65,39,65,1,1
2-78,2,78,3,0
68-13,68,13,2,0
79-22,79,22,0,3
21-56,21,56,1,0
20-35,20,35,2,0
65-6,65,6,0,1
77-60,77,60,3,1
73-77,73,77,2,0
59-16,59,16,0,3
3-27,3,27,0,0
80-39,80,39,0,0
11-56,11,56,0,1
63-41,63,41,2,0
77-23,77,23,0,0
53-29,53,29,0,0
68-25,68,25,0,2
41-5,41,5,0,1
37-32,37,32,1,1
9-67,9,67,1,0
40-18,40,18,3,1
11-38,11,38,1,2
11-56,11,56,1,0
34-57,34,57,1,1
38-45,38,45,0,2
57-78,57,78,2,0
34-25,34,25,1,1
42-25,42,25,0,0
19-37,19,37,1,0
33-11,33,11,0,0
65-51,65,51,1,2
64-25,64,25,1,1
5-17,5,17,1,1
13-16,13,16,1,1
56-8,56,8,1,0
76-14,76,14,1,2
16-51,16,51,0,1
39-59,39,59,1,0
59-75,59,75,1,0
14-67,14,67,2,1
45-41,45,41,0,0
48-7,48,7,1,4
27-36,27,36,0,1
44-60,44,60,1,0
43-33,43,33,1,2
61-5,61,5,0,0
23-54,23,54,0,0
8-10,8,10,2,3
32-17,32,17,0,0
52-23,52,23,1,0
65-20,65,20,0,0
27-14,27,14,2,0
2-15,2,15,2,1
45-32,45,32,1,2
55-78,55,78,3,0
74-14,74,14,0,1
29-70,29,70,4,0
11-47,11,47,3,0
54-47,54,47,1,0
77-76,77,76,3,2
44-38,44,38,0,3
23-32,23,32,0,2
1-59,1,59,2,0
50-24,50,24,0,1
49-40,49,40,0,2
8-75,8,75,2,0
63-10,63,10,0,1
32-51,32,51,3,0
38-15,38,15,2,2
27-41,27,41,0,1
5-67,5,67,0,0
33-2,33,2,2,1
79-13,79,13,0,3
68-3,68,3,0,2
56-66,56,66,0,0
73-80,73,80,2,1
49-28,49,28,2,0
60-42,60,42,0,0
6-78,6,78,1,1
2-11,2,11,1,1
65-49,65,49,1,1
42-75,42,75,1,2
52-59,52,59,1,2
75-44,75,44,2,1
50-30,50,30,3,0
12-35,12,35,1,1
80-76,80,76,1,0
7-70,7,70,3,0
10-78,10,78,1,0
75-20,75,20,0,1
61-5,61,5,1,0
61-18,61,18,0,1
12-57,12,57,1,1
10-75,10,75,1,1
65-35,65,35,0,1
60-71,60,71,1,0
16-69,16,69,2,1
74-47,74,47,0,1
21-41,21,41,1,1
19-48,19,48,1,1
3-8,3,8,2,0
34-28,34,28,2,0
26-74,26,74,0,1
61-70,61,70,0,1
17-34,17,34,2,1
12-50,12,50,0,0
61-57,61,57,2,2
60-75,60,75,1,2
56-15,56,15,3,0
69-23,69,23,1,1
39-20,39,20,0,0
31-12,31,12,1,1
33-27,33,27,2,1
68-78,68,78,2,0
42-31,42,31,0,2
50-44,50,44,4,0
22-46,22,46,2,0
19-4,19,4,1,1
53-45,53,45,0,0
78-1,78,1,1,3
72-40,72,40,0,1
76-32,76,32,0,2
48-74,48,74,0,0
51-74,51,74,2,0
28-34,28,34,1,0
11-68,11,68,0,0
47-42,47,42,3,0
39-76,39,76,1,0
43-16,43,16,1,2
8-18,8,18,1,1
75-30,75,30,1,2
2-23,2,23,3,2
6-61,6,61,0,0
47-28,47,28,2,1
55-29,55,29,1,2
33-10,33,10,1,2
2-6,2,6,0,0
76-79,76,79,2,1
71-56,71,56,1,1
65-63,65,63,2,0
75-40,75,40,2,3
79-39,79,39,1,1
33-22,33,22,0,2
15-42,15,42,1,1
35-64,35,64,0,0
17-6,17,6,2,1
80-51,80,51,0,1
33-9,33,9,2,1
53-10,53,10,1,2
80-57,80,57,3,2
35-14,35,14,0,1
36-45,36,45,4,1
55-19,55,19,1,2
29-57,29,57,0,1
9-25,9,25,1,1
3-48,3,48,0,0
17-64,17,64,2,0
61-68,61,68,1,0
6-60,6,60,3,1
60-49,60,49,1,2
66-6,66,6,0,1
66-28,66,28,0,1
68-51,68,51,0,3
68-30,68,30,1,2
14-28,14,28,2,1
39-79,39,79,2,0
29-77,29,77,3,0
10-18,10,18,0,3
7-41,7,41,1,0
4-3,4,3,1,0
41-27,41,27,1,1
2-44,2,44,2,0
46-66,46,66,0,0
25-62,25,62,1,0
21-17,21,17,0,0
50-49,50,49,3,0
2-64,2,64,3,1
65-33,65,33,1,0
53-50,53,50,1,0
30-17,30,17,0,0
1-29,1,29,3,0
23-27,23,27,2,0
44-45,44,45,2,0
9-76,9,76,1,0
25-24,25,24,2,1
6-29,6,29,3,0
71-16,71,16,0,0
73-79,73,79,1,1
35-51,35,51,1,1
21-17,21,17,0,3
45-18,45,18,0,2
66-45,66,45,1,2
40-31,40,31,3,1
26-58,26,58,1,0
38-10,38,10,0,2
56-20,56,20,2,0
23-52,23,52,2,2
27-9,27,9,1,1
6-30,6,30,2,0
45-43,45,43,0,0
33-5,33,5,0,0
13-69,13,69,0,0
7-80,7,80,0,0
5-12,5,12,1,3
37-34,37,34,0,0
15-52,15,52,0,1
41-33,41,33,1,1
9-26,9,26,3,1
51-20,51,20,0,3
33-53,33,53,1,0
18-79,18,79,2,1
25-39,25,39,1,1
8-50,8,50,3,1
21-35,21,35,2,1
50-72,50,72,1,2
80-11,80,11,0,2
38-70,38,70,0,0
24-61,24,61,2,0
25-72,25,72,1,0
52-25,52,25,0,0
16-78,16,78,4,0
25-46,25,46,1,2
4-37,4,37,3,2
61-41,61,41,0,2
79-4,79,4,0,2
34-33,34,33,0,1
3-79,3,79,2,0
41-24,41,24,2,3
54-8,54,8,1,0
72-44,72,44,0,2
35-65,35,65,2,1
36-70,36,70,0,0
12-62,12,62,2,0
53-47,53,47,1,0
13-60,13,60,1,0
72-73,72,73,3,1
74-72,74,72,0,2
74-75,74,75,1,1
27-77,27,77,2,1
7-9,7,9,3,2
38-34,38,34,3,0
31-72,31,72,3,0
67-34,67,34,1,0
65-26,65,26,1,1
6-25,6,25,0,0
16-44,16,44,0,0
13-14,13,14,1,2
11-57,11,57,4,0
73-67,73,67,1,1
36-67,36,67,1,0
33-27,33,27,0,0
46-45,46,45,0,1
61-76,61,76,0,2
80-23,80,23,2,0
28-27,28,27,0,1
38-47,38,47,0,0
44-39,44,39,0,1
28-24,28,24,1,0
29-32,29,32,0,1
36-14,36,14,0,1
32-38,32,38,1,0
63-54,63,54,0,2
47-70,47,70,4,1
9-44,9,44,1,1
72-3,72,3,2,1
33-77,33,77,1,1
23-75,23,75,1,0
21-39,21,39,2,2
53-35,53,35,1,0
67-60,67,60,2,1
58-54,58,54,0,0
13-78,13,78,2,0
46-53,46,53,2,1
37-70,37,70,1,0
76-26,76,26,1,0
32-41,32,41,2,0
47-5,47,5,0,1
15-32,15,32,0,0
51-33,51,33,1,0
79-36,79,36,1,0
9-59,9,59,1,0
77-41,77,41,0,2
2-33,2,33,0,0
19-71,19,71,2,1
4-20,4,20,0,0
60-55,60,55,1,0
10-38,10,38,3,0
45-64,45,64,3,0
35-37,35,37,0,2
27-63,27,63,1,0
66-27,66,27,0,2
72-42,72,42,1,2
7-39,7,39,1,0
25-53,25,53,1,1
35-28,35,28,0,1
9-37,9,37,0,1
80-51,80,51,1,2
69-29,69,29,0,1
67-74,67,74,2,1
79-50,79,50,1,1
50-41,50,41,1,2
50-59,50,59,3,0
40-52,40,52,0,0
29-41,29,41,1,1
69-9,69,9,1,1
13-3,13,3,1,2
37-24,37,24,3,1
17-13,17,13,1,0
65-21,65,21,2,1
36-28,36,28,1,2
24-58,24,58,2,0
11-21,11,21,2,2
9-43,9,43,1,0
59-77,59,77,3,0
53-74,53,74,2,1
37-56,37,56,2,1
52-75,52,75,1,0
60-7,60,7,0,2
32-27,32,27,2,1
12-55,12,55,1,0
22-68,22,68,1,0
17-25,17,25,2,1
53-46,53,46,1,0
74-9,74,9,0,2
66-48,66,48,1,2
43-75,43,75,1,1
79-62,79,62,1,2
14-39,14,39,1,0
20-7,20,7,0,0
22-37,22,37,1,1
20-16,20,16,0,1
1-26,1,26,1,2
78-44,78,44,0,4
30-48,30,48,1,0
31-32,31,32,1,0
5-23,5,23,2,2
54-56,54,56,0,0
77-58,77,58,1,0
34-70,34,70,3,0
9-42,9,42,3,0
50-31,50,31,1,0
72-60,72,60,3,1
34-10,34,10,0,1
40-2,40,2,0,0
48-2,48,2,2,2
26-52,26,52,3,1
1-4,1,4,2,0
65-11,65,11,0,2
53-37,53,37,1,1
22-28,22,28,2,0
42-25,42,25,0,1
74-31,74,31,1,0
17-45,17,45,2,0
31-1,31,1,1,0
69-71,69,71,1,4
19-44,19,44,1,0
21-51,21,51,0,0
15-57,15,57,2,0
48-11,48,11,2,0
64-24,64,24,0,2
69-65,69,65,1,1
64-80,64,80,2,2
65-48,65,48,0,2
66-7,66,7,0,3
14-35,14,35,3,0
79-14,79,14,0,1
74-2,74,2,1,3
16-62,16,62,1,1
8-43,8,43,0,0
69-32,69,32,0,0
47-57,47,57,0,1
17-43,17,43,2,0
49-30,49,30,1,0
57-41,57,41,1,1
25-30,25,30,1,0
22-33,22,33,1,0
61-53,61,53,2,0
37-46,37,46,1,1
30-15,30,15,2,1
39-55,39,55,1,0
57-24,57,24,2,2
18-51,18,51,5,0
75-59,75,59,0,1
44-50,44,50,1,1
79-41,79,41,0,1
14-58,14,58,0,1
55-8,55,8,0,0
13-27,13,27,0,1
33-26,33,26,2,1
6-78,6,78,2,1
3-2,3,2,1,2
63-29,63,29,0,0
34-26,34,26,0,2
72-7,72,7,1,1
79-39,79,39,1,1
69-80,69,80,1,0
5-54,5,54,2,1
43-38,43,38,0,3
15-26,15,26,2,0
19-65,19,65,2,0
70-48,70,48,0,2
52-51,52,51,2,1
35-41,35,41,0,1
69-5,69,5,0,3
37-43,37,43,2,0
66-11,66,11,0,1
63-27,63,27,0,1
23-53,23,53,2,2
49-47,49,47,1,0
45-1,45,1,0,1
20-51,20,51,1,0
50-20,50,20,0,3
47-60,47,60,0,3
63-69,63,69,1,0
77-27,77,27,3,1
43-73,43,73,0,1
53-44,53,44,0,0
18-73,18,73,0,0
65-15,65,15,1,0
13-64,13,64,2,0
30-20,30,20,0,1
14-30,14,30,1,0
26-1,26,1,3,0
78-40,78,40,1,1
72-39,72,39,1,0
54-51,54,51,0,1
10-48,10,48,0,0
44-17,44,17,0,2
37-69,37,69,1,0
39-23,39,23,3,1
69-16,69,16,0,1
33-24,33,24,0,2
50-27,50,27,0,1
8-23,8,23,0,0
45-61,45,61,0,1
9-30,9,30,1,1
64-71,64,71,2,1
43-74,43,74,3,2
25-35,25,35,3,0
45-16,45,16,1,3
10-56,10,56,2,3
23-31,23,31,1,0
25-42,25,42,2,0
63-20,63,20,0,3
61-9,61,9,0,1
9-36,9,36,2,0
30-6,30,6,1,3
35-79,35,79,1,0
5-57,5,57,3,2
7-37,7,37,2,0
52-8,52,8,0,7
24-13,24,13,0,3
24-2,24,2,0,2
31-50,31,50,0,2
77-38,77,38,1,1
32-18,32,18,0,1
31-49,31,49,1,2
36-66,36,66,2,0
53-73,53,73,0,0
55-23,55,23,1,2
46-7,46,7,0,0
7-30,7,30,0,1
8-16,8,16,2,1
17-39,17,39,1,0
1-64,1,64,1,0
36-26,36,26,2,1
22-32,22,32,3,0
1-28,1,28,0,0
7-44,7,44,4,0
72-66,72,66,0,0
55-53,55,53,0,0
61-10,61,10,2,2
29-35,29,35,2,0
70-13,70,13,1,3
28-7,28,7,0,0
74-71,74,71,1,1
79-57,79,57,3,1
44-28,44,28,1,2
44-17,44,17,0,3
50-44,50,44,3,0
69-70,69,70,0,2
16-19,16,19,2,1
36-29,36,29,2,0
68-73,68,73,2,0
25-23,25,23,2,0
69-60,69,60,2,1
23-46,23,46,2,0
20-4,20,4,0,0
4-62,4,62,3,0
18-39,18,39,3,0
6-21,6,21,0,1
23-21,23,21,1,0
54-36,54,36,1,0
61-48,61,48,1,1
16-7,16,7,0,0
19-33,19,33,4,0
17-65,17,65,3,0
21-26,21,26,1,0
70-24,70,24,2,3
64-74,64,74,1,1
40-65,40,65,2,0
9-4,9,4,1,0
15-68,15,68,1,0
38-58,38,58,1,0
21-41,21,41,1,0
64-70,64,70,4,3
29-41,29,41,1,0
39-57,39,57,3,0
18-78,18,78,4,0
61-30,61,30,0,3
40-75,40,75,3,0
16-61,16,61,1,0
26-45,26,45,0,1
56-73,56,73,2,2
23-73,23,73,1,0
29-46,29,46,3,0
15-45,15,45,2,0
40-49,40,49,3,0
56-24,56,24,0,3
58-48,58,48,1,1
40-71,40,71,1,0
3-71,3,71,1,0
74-64,74,64,0,0
10-53,10,53,1,1
48-49,48,49,0,2
72-55,72,55,0,2
39-26,39,26,3,1
79-37,79,37,0,1
67-79,67,79,2,1
50-70,50,70,0,0
41-17,41,17,2,1
25-60,25,60,1,1
24-56,24,56,4,0
37-75,37,75,2,0
64-17,64,17,0,2
73-67,73,67,1,1
4-12,4,12,1,0
64-31,64,31,1,1
33-27,33,27,0,1
54-35,54,35,0,1
69-54,69,54,0,2
18-68,18,68,3,0
36-60,36,60,1,1
70-5,70,5,0,4
16-13,16,13,0,3
41-52,41,52,2,1
54-29,54,29,1,1
67-80,67,80,4,2
14-31,14,31,1,1
39-61,39,61,0,1
72-19,72,19,0,3
33-14,33,14,2,1
26-14,26,14,3,2
58-51,58,51,0,0
40-49,40,49,2,1
78-60,78,60,0,0
41-25,41,25,0,1
21-16,21,16,1,1
34-31,34,31,0,2
23-13,23,13,0,0
20-50,20,50,2,1
57-54,57,54,3,1
48-50,48,50,2,1
60-37,60,37,1,0
65-73,65,73,1,1
58-75,58,75,0,1
68-17,68,17,0,1
49-1,49,1,0,1
74-50,74,50,1,3
9-44,9,44,0,2
22-62,22,62,3,0
13-3,13,3,1,2
78-59,78,59,1,0
47-15,47,15,0,2
41-57,41,57,0,0
9-53,9,53,3,0
69-23,69,23,1,3
10-14,10,14,0,2
47-58,47,58,0,0
18-57,18,57,2,0
41-80,41,80,1,0
32-73,32,73,3,1
38-56,38,56,2,1
64-13,64,13,1,1
23-2,23,2,0,2
14-38,14,38,1,0
40-8,40,8,0,0
67-64,67,64,1,2
18-1,18,1,1,1
45-57,45,57,1,0
71-77,71,77,2,1
8-56,8,56,3,0
31-41,31,41,2,0
64-66,64,66,1,1
24-30,24,30,1,0
39-38,39,38,1,0
42-10,42,10,0,2
9-80,9,80,1,0
17-75,17,75,3,0
76-66,76,66,1,1
51-70,51,70,1,1
16-63,16,63,0,0
40-29,40,29,1,1
59-31,59,31,1,2
10-30,10,30,2,4
58-60,58,60,1,1
6-75,6,75,2,0
30-55,30,55,2,0
42-65,42,65,2,0
49-7,49,7,1,2
29-33,29,33,1,0
3-5,3,5,0,0
63-38,63,38,0,2
37-17,37,17,0,3
9-63,9,63,1,0
71-74,71,74,0,0
59-73,59,73,1,0
18-62,18,62,2,0
9-25,9,25,1,0
69-78,69,78,2,2
17-46,17,46,3,0
43-79,43,79,0,1
53-11,53,11,0,0
50-25,50,25,0,1
16-62,16,62,3,0
33-3,33,3,1,0
7-22,7,22,0,0
54-9,54,9,1,1
70-9,70,9,1,1
34-40,34,40,2,3
8-2,8,2,0,1
2-79,2,79,2,0
51-69,51,69,2,0
21-37,21,37,0,0
24-20,24,20,1,2
76-26,76,26,2,2
77-13,77,13,0,1
33-74,33,74,1,0
37-49,37,49,1,0
14-61,14,61,2,0
63-24,63,24,0,3
41-7,41,7,0,1
45-48,45,48,1,1
79-70,79,70,0,0
16-23,16,23,2,0
60-3,60,3,0,0
77-60,77,60,0,2
80-15,80,15,0,0
63-28,63,28,0,3
24-14,24,14,0,2
69-70,69,70,2,1
8-67,8,67,1,1
33-70,33,70,1,0
39-74,39,74,4,0
6-60,6,60,2,0
51-48,51,48,1,1
18-45,18,45,1,0
26-40,26,40,1,0
76-25,76,25,2,1
62-52,62,52,0,1
61-57,61,57,0,1
1-28,1,28,2,1
46-73,46,73,0,0
27-21,27,21,0,3
60-6,60,6,1,0
4-1,4,1,1,2
16-23,16,23,0,2
46-70,46,70,2,2
15-53,15,53,2,0
74-25,74,25,0,0
57-25,57,25,2,1
25-24,25,24,0,1
4-26,4,26,0,1
29-72,29,72,4,0
60-67,60,67,0,1
8-49,8,49,0,1
8-11,8,11,1,0
78-42,78,42,0,2
11-66,11,66,2,1
49-36,49,36,0,0
41-56,41,56,0,1
45-16,45,16,0,0
53-41,53,41,3,1
6-61,6,61,1,0
53-16,53,16,0,1
78-42,78,42,0,0
22-32,22,32,0,1
34-3,34,3,1,1
6-14,6,14,0,0
67-4,67,4,0,2
2-56,2,56,2,0
80-14,80,14,0,1
50-69,50,69,1,0
47-68,47,68,2,0
79-28,79,28,0,1
36-6,36,6,0,2
34-24,34,24,0,1
31-20,31,20,0,1
21-28,21,28,0,1
52-23,52,23,2,2
24-8,24,8,2,0
29-54,29,54,0,1
5-71,5,71,1,0
46-8,46,8,1,1
73-80,73,80,0,3
20-57,20,57,0,0
10-13,10,13,1,1
53-56,53,56,0,1
67-23,67,23,0,0
20-57,20,57,1,0
64-24,64,24,0,1
67-6,67,6,0,2
73-22,73,22,0,1
70-72,70,72,0,2
36-6,36,6,1,0
76-70,76,70,1,1
75-29,75,29,2,0
27-51,27,51,1,0
18-14,18,14,1,1
13-45,13,45,3,0
24-52,24,52,1,0
53-59,53,59,0,0
57-17,57,17,1,4
69-63,69,63,0,2
46-40,46,40,1,2
11-55,11,55,1,1
9-29,9,29,3,1
75-49,75,49,0,2
42-64,42,64,3,0
40-22,40,22,0,0
21-26,21,26,1,3
38-42,38,42,4,0
63-47,63,47,2,1
78-79,78,79,2,0
16-30,16,30,1,0
62-12,62,12,0,3
21-29,21,29,2,2
41-12,41,12,1,2
19-20,19,20,1,1
23-49,23,49,0,2
53-28,53,28,0,1
49-2,49,2,1,0
54-28,54,28,2,0
12-46,12,46,3,1
25-44,25,44,2,0
54-3,54,3,0,0
76-50,76,50,0,2
6-50,6,50,0,1
20-31,20,31,1,0
36-7,36,7,2,1
40-17,40,17,0,1
60-31,60,31,0,1
24-30,24,30,2,1
47-60,47,60,0,1
4-34,4,34,4,0
50-6,50,6,0,2
75-7,75,7,1,3
32-43,32,43,0,0
40-56,40,56,1,2
59-69,59,69,1,0
58-12,58,12,1,3
32-31,32,31,1,1
43-69,43,69,0,0
79-53,79,53,1,0
36-49,36,49,4,0
6-43,6,43,1,0
10-13,10,13,1,2
76-49,76,49,0,4
51-74,51,74,0,1
72-2,72,2,1,0
29-49,29,49,0,0
42-40,42,40,1,0
21-36,21,36,1,0
39-59,39,59,1,0
45-69,45,69,2,0
73-6,73,6,0,2
16-57,16,57,1,0
51-48,51,48,3,1
28-53,28,53,1,0
38-70,38,70,1,1
77-68,77,68,1,0
36-35,36,35,5,1
47-55,47,55,1,0
8-75,8,75,4,0
58-72,58,72,3,2
80-47,80,47,0,1
74-5,74,5,1,2
43-35,43,35,0,1
2-51,2,51,2,0
68-67,68,67,1,2
68-14,68,14,0,2
37-31,37,31,2,0
73-71,73,71,0,0
49-41,49,41,2,2
54-62,54,62,0,1
7-19,7,19,0,1
34-48,34,48,1,1
28-15,28,15,2,1
65-27,65,27,0,3
63-79,63,79,1,0
38-73,38,73,0,1
43-80,43,80,2,0
14-42,14,42,0,0
18-52,18,52,2,0
61-58,61,58,1,0
77-10,77,10,2,2
40-56,40,56,2,0
70-45,70,45,1,2
17-75,17,75,1,0
21-13,21,13,1,1
12-59,12,59,1,0
47-54,47,54,1,0
25-64,25,64,2,0
58-60,58,60,1,1
76-14,76,14,2,1
12-67,12,67,2,0
45-37,45,37,1,1
33-40,33,40,0,0
17-36,17,36,0,0
63-7,63,7,0,3
24-78,24,78,1,0
76-63,76,63,1,0
50-12,50,12,1,3
66-39,66,39,0,1
7-71,7,71,0,0
38-64,38,64,1,0
45-80,45,80,0,0
74-25,74,25,0,2
59-53,59,53,0,0
78-55,78,55,0,2
21-14,21,14,0,3
5-70,5,70,3,0
71-79,71,79,2,1
74-22,74,22,0,2
14-31,14,31,1,0
16-75,16,75,4,0
35-63,35,63,0,0
35-28,35,28,0,3
2-5,2,5,1,3
21-3,21,3,4,0
37-68,37,68,3,0
20-60,20,60,1,0
4-61,4,61,2,0
7-42,7,42,2,0
30-1,30,1,2,0
25-69,25,69,3,0
62-7,62,7,0,1
4-37,4,37,1,3
74-70,74,70,3,0
47-51,47,51,1,0
42-78,42,78,1,1
26-2,26,2,0,0
80-50,80,50,1,2
33-73,33,73,3,0
55-66,55,66,1,0
5-69,5,69,1,0
42-18,42,18,1,0
9-52,9,52,1,0
13-25,13,25,3,0
14-33,14,33,2,1
66-78,66,78,3,1
58-12,58,12,0,1
51-54,51,54,1,0
6-54,6,54,4,0
8-14,8,14,0,2
71-41,71,41,1,1
40-34,40,34,0,1
12-41,12,41,0,0
18-52,18,52,1,1
68-57,68,57,0,1
38-5,38,5,1,1
10-25,10,25,2,0
52-31,52,31,0,1
21-39,21,39,0,0
51-19,51,19,1,0
7-2,7,2,1,0
47-53,47,53,0,1
65-48,65,48,0,3
52-58,52,58,1,2
3-12,3,12,1,2
30-77,30,77,1,0
7-42,7,42,2,1
13-30,13,30,2,1
43-28,43,28,2,0
22-74,22,74,2,1
41-42,41,42,3,0
32-40,32,40,0,0
8-70,8,70,2,0
38-22,38,22,2,3
16-78,16,78,2,0
41-76,41,76,2,1
5-78,5,78,3,0
1-45,1,45,1,0
21-11,21,11,0,1
79-58,79,58,0,0
33-8,33,8,2,2
7-62,7,62,3,0
67-28,67,28,1,0
70-51,70,51,1,0
1-15,1,15,1,1
45-23,45,23,0,2
16-13,16,13,0,0
32-29,32,29,0,2
20-63,20,63,1,0
67-39,67,39,0,3
28-60,28,60,1,1
37-35,37,35,2,0
56-43,56,43,0,1
37-60,37,60,3,0
74-64,74,64,1,1
13-4,13,4,1,1
52-8,52,8,1,0
11-59,11,59,5,1
50-78,50,78,2,0
66-71,66,71,1,1
47-53,47,53,1,0
60-3,60,3,0,2
19-21,19,21,2,1
60-18,60,18,0,3
38-44,38,44,2,0
28-31,28,31,0,1
73-66,73,66,0,1
67-32,67,32,0,2
22-78,22,78,2,0
40-16,40,16,0,0
58-68,58,68,2,0
76-43,76,43,3,1
67-3,67,3,0,0
39-48,39,48,2,0
34-68,34,68,5,0
19-17,19,17,0,1
18-63,18,63,2,1
77-68,77,68,2,0
70-22,70,22,2,1
52-9,52,9,1,3
29-7,29,7,0,1
42-20,42,20,2,2
2-13,2,13,2,0
31-58,31,58,2,2
17-21,17,21,0,1
11-42,11,42,0,0
25-7,25,7,1,1
41-46,41,46,2,1
71-57,71,57,0,2
66-48,66,48,0,0
11-17,11,17,1,0
75-57,75,57,1,0
4-18,4,18,0,1
57-67,57,67,3,0
61-2,61,2,0,1
25-60,25,60,1,0
5-28,5,28,2,1
66-20,66,20,1,2
58-38,58,38,1,1
73-33,73,33,0,1
28-15,28,15,2,0
60-14,60,14,2,2
16-10,16,10,2,2
17-6,17,6,1,0
15-24,15,24,1,0
5-58,5,58,1,3
34-66,34,66,2,0
38-65,38,65,1,1
66-51,66,51,3,1
25-63,25,63,3,1
19-78,19,78,1,0
67-12,67,12,0,0
71-13,71,13,0,1
75-12,75,12,0,0
52-47,52,47,1,0
2-37,2,37,0,1
60-72,60,72,1,2
27-43,27,43,3,0
11-33,11,33,0,2
23-11,23,11,0,2
41-68,41,68,0,1
34-7,34,7,0,0
39-47,39,47,3,1
14-68,14,68,0,0
15-34,15,34,0,0
10-43,10,43,2,1
72-22,72,22,0,2
69-30,69,30,0,0
60-10,60,10,0,2
45-63,45,63,1,1
80-38,80,38,0,1
32-55,32,55,0,1
62-78,62,78,1,0
30-22,30,22,3,2
34-10,34,10,2,1
38-61,38,61,1,0
9-52,9,52,1,0
31-59,31,59,0,1
29-54,29,54,1,0
23-16,23,16,0,4
23-47,23,47,0,0
33-25,33,25,1,0
21-15,21,15,1,1
59-14,59,14,1,1
68-5,68,5,1,1
17-1,17,1,2,1
22-63,22,63,1,0
49-18,49,18,0,2
13-43,13,43,2,0
12-27,12,27,1,0
34-11,34,11,1,0
30-41,30,41,1,0
6-51,6,51,0,2
23-65,23,65,0,0
15-23,15,23,0,0
61-40,61,40,0,2
54-29,54,29,1,3
78-22,78,22,0,4
39-18,39,18,3,0
23-61,23,61,0,1
34-22,34,22,0,0
6-64,6,64,1,0
8-79,8,79,2,1
78-75,78,75,1,0
56-23,56,23,0,2
73-21,73,21,0,2
44-31,44,31,0,0
24-59,24,59,2,0
19-49,19,49,2,0
18-74,18,74,2,0
74-79,74,79,0,3
6-11,6,11,1,1
53-61,53,61,0,0
9-36,9,36,1,1
64-9,64,9,0,1
74-15,74,15,1,1
75-48,75,48,0,2
60-16,60,16,0,4
22-10,22,10,1,2
52-60,52,60,2,0
30-21,30,21,1,0
10-60,10,60,2,0
8-45,8,45,0,0
39-1,39,1,0,0
9-74,9,74,1,0
70-69,70,69,1,0
15-24,15,24,0,1
58-45,58,45,0,1
16-48,16,48,2,0
29-15,29,15,0,0
51-26,51,26,0,2
61-80,61,80,3,0
26-55,26,55,1,0
54-77,54,77,0,1
30-5,30,5,1,1
66-49,66,49,0,1
48-79,48,79,1,2
79-24,79,24,0,2
8-27,8,27,1,0
52-78,52,78,0,0
75-9,75,9,1,0
73-27,73,27,0,2
17-47,17,47,3,0
33-80,33,80,1,0
64-12,64,12,1,3
10-60,10,60,1,0
12-51,12,51,1,0
45-72,45,72,3,0
77-69,77,69,2,0
42-33,42,33,1,2
29-43,29,43,1,0
46-77,46,77,1,0
55-42,55,42,2,1
19-36,19,36,2,4
58-22,58,22,0,1
36-46,36,46,1,1
76-73,76,73,0,0
52-25,52,25,0,0
12-19,12,19,0,0
46-68,46,68,2,0
40-41,40,41,1,0
80-4,80,4,0,2
13-48,13,48,5,0
7-16,7,16,1,0
51-73,51,73,2,1
64-16,64,16,0,0
12-28,12,28,2,0
61-74,61,74,0,0
36-64,36,64,2,0
4-24,4,24,1,0
69-24,69,24,0,2
41-13,41,13,2,1
74-79,74,79,0,2
80-50,80,50,0,1
53-16,53,16,0,2
32-49,32,49,2,0
33-14,33,14,1,1
62-64,62,64,2,0
16-20,16,20,0,0
48-13,48,13,0,1
42-39,42,39,0,1
44-25,44,25,0,1
42-32,42,32,1,2
72-21,72,21,0,2
59-77,59,77,3,0
76-78,76,78,2,1
51-20,51,20,1,2
35-60,35,60,1,1
72-31,72,31,1,0
2-10,2,10,4,0
14-61,14,61,3,0
77-9,77,9,1,2
31-58,31,58,1,0
9-75,9,75,2,1
39-54,39,54,0,0
62-74,62,74,2,3
52-14,52,14,1,0
17-29,17,29,0,0
54-77,54,77,0,0
69-64,69,64,1,0
26-77,26,77,0,0
48-3,48,3,0,1
39-53,39,53,1,0
79-32,79,32,1,1
11-80,11,80,1,0
13-27,13,27,3,0
21-12,21,12,1,1
4-14,4,14,1,1
11-7,11,7,0,1
79-18,79,18,0,0
8-13,8,13,1,2
79-13,79,13,1,1
38-72,38,72,1,0
54-31,54,31,0,3
55-71,55,71,0,2
14-27,14,27,1,1
59-55,59,55,0,1
54-75,54,75,0,0
42-33,42,33,0,3
59-51,59,51,2,0
15-9,15,9,1,1
43-79,43,79,2,1
17-7,17,7,3,1
35-46,35,46,0,1
64-74,64,74,0,0
29-15,29,15,0,0
55-54,55,54,2,0
44-3,44,3,1,2
2-54,2,54,0,0
24-19,24,19,1,0
57-63,57,63,0,0
13-47,13,47,2,1
78-23,78,23,1,1
70-1,70,1,0,3
18-66,18,66,1,0
16-72,16,72,1,0
46-47,46,47,0,0
24-70,24,70,1,0
64-80,64,80,3,2
68-49,68,49,0,0
45-3,45,3,0,1
62-69,62,69,5,1
32-5,32,5,0,2
79-65,79,65,3,0
69-22,69,22,0,0
54-73,54,73,1,1
58-6,58,6,0,0
49-79,49,79,2,1
16-53,16,53,2,0
42-15,42,15,0,1
33-53,33,53,1,0
11-71,11,71,2,0
8-19,8,19,1,0
78-57,78,57,1,0
5-14,5,14,3,0
5-33,5,33,0,0
22-12,22,12,0,2
49-8,49,8,0,3
61-5,61,5,0,1
24-78,24,78,2,2
56-69,56,69,0,1
74-67,74,67,1,1
11-59,11,59,2,1
42-67,42,67,3,0
15-17,15,17,1,0
4-2,4,2,1,1
12-54,12,54,4,0
46-36,46,36,0,1
47-49,47,49,0,1
80-19,80,19,0,2
52-48,52,48,1,1
74-9,74,9,0,1
32-61,32,61,0,0
29-39,29,39,1,1
21-32,21,32,1,1
49-68,49,68,0,0
35-61,35,61,3,0
13-49,13,49,1,0
30-40,30,40,1,0
48-1,48,1,0,0
64-76,64,76,1,1
40-6,40,6,0,1
35-24,35,24,1,1
53-30,53,30,1,2
59-13,59,13,0,2
65-63,65,63,3,1
32-50,32,50,0,1
11-15,11,15,2,0
3-29,3,29,1,1
12-34,12,34,0,1
11-13,11,13,0,3
72-58,72,58,2,1
78-69,78,69,4,0
23-39,23,39,0,2
24-79,24,79,0,2
61-59,61,59,1,0
77-64,77,64,2,1
65-12,65,12,0,0
75-53,75,53,1,3
8-42,8,42,2,0
40-55,40,55,1,1
13-19,13,19,1,0
22-51,22,51,1,1
34-80,34,80,1,0
62-64,62,64,0,0
52-43,52,43,4,2
20-63,20,63,1,0
69-39,69,39,0,1
3-17,3,17,3,0
65-33,65,33,0,3
80-54,80,54,0,0
79-24,79,24,0,2
79-38,79,38,0,2
79-27,79,27,0,1
53-27,53,27,3,0
19-21,19,21,2,2
5-15,5,15,2,2
1-45,1,45,0,0
6-32,6,32,2,2
67-53,67,53,0,2
42-23,42,23,0,0
35-61,35,61,0,1
31-10,31,10,0,0
10-12,10,12,1,0
28-21,28,21,0,0
66-7,66,7,0,1
69-19,69,19,0,1
31-32,31,32,1,0
54-57,54,57,1,1
33-5,33,5,0,0
72-76,72,76,0,2
19-1,19,1,0,1
56-42,56,42,1,0
22-49,22,49,1,0
35-77,35,77,0,0
53-77,53,77,3,1
7-71,7,71,1,0
56-74,56,74,3,0
80-2,80,2,0,3
20-41,20,41,2,0
46-33,46,33,0,3
63-35,63,35,1,0
24-51,24,51,0,0
79-76,79,76,1,0
28-57,28,57,2,0
35-67,35,67,2,0
60-13,60,13,0,0
76-21,76,21,0,2
69-43,69,43,0,1
7-4,7,4,0,0
60-6,60,6,0,0
33-62,33,62,0,0
66-59,66,59,0,0
30-13,30,13,2,1
29-22,29,22,1,1
35-71,35,71,1,0
34-16,34,16,0,3
71-38,71,38,0,2
17-54,17,54,0,1
16-46,16,46,3,0
31-71,31,71,5,1
43-32,43,32,1,4
77-49,77,49,0,2
15-28,15,28,2,0
18-29,18,29,1,2
80-23,80,23,0,2
45-51,45,51,1,1
3-5,3,5,0,1
70-29,70,29,0,1
26-13,26,13,2,0
2-27,2,27,0,0
64-57,64,57,1,1
8-28,8,28,2,0
48-70,48,70,3,1
65-34,65,34,1,1
51-60,51,60,1,0
3-45,3,45,0,3
59-53,59,53,1,1
1-4,1,4,0,0
65-34,65,34,0,1
78-68,78,68,2,0
28-48,28,48,2,0
6-34,6,34,1,2
61-66,61,66,1,0
74-79,74,79,1,0
78-5,78,5,1,3
42-32,42,32,0,0
45-49,45,49,0,0
20-52,20,52,0,1
24-4,24,4,2,0
79-60,79,60,2,0
11-41,11,41,1,0
60-57,60,57,1,1
56-9,56,9,0,0
50-42,50,42,2,1
59-27,59,27,1,2
54-13,54,13,2,0
27-8,27,8,2,0
8-79,8,79,1,1
6-37,6,37,1,1
74-7,74,7,1,3
77-8,77,8,0,4
59-65,59,65,2,0
60-41,60,41,0,0
44-32,44,32,3,3
59-6,59,6,0,1
37-6,37,6,1,0
55-56,55,56,3,0
23-27,23,27,2,1
48-25,48,25,1,2
10-47,10,47,3,0
27-57,27,57,1,0
57-60,57,60,0,1
27-35,27,35,1,1
61-22,61,22,0,0
54-9,54,9,0,1
76-43,76,43,0,1
66-39,66,39,0,1
62-60,62,60,2,1
28-62,28,62,3,0
41-80,41,80,1,1
71-42,71,42,0,1
32-63,32,63,3,0
2-47,2,47,0,1
53-12,53,12,0,1
50-30,50,30,0,0
79-1,79,1,0,1
66-47,66,47,0,4
63-10,63,10,0,0
6-20,6,20,2,0
8-4,8,4,4,0
76-29,76,29,0,1
6-43,6,43,2,0
10-71,10,71,2,0
35-51,35,51,3,1
70-4,70,4,0,0
12-2,12,2,1,0
12-43,12,43,2,0
65-38,65,38,0,3
79-33,79,33,1,2
19-14,19,14,3,2
4-32,4,32,0,1
14-53,14,53,4,1
17-77,17,77,2,0
2-49,2,49,1,1
28-35,28,35,4,0
20-44,20,44,3,1
58-13,58,13,0,0
20-38,20,38,0,1
52-40,52,40,1,2
43-21,43,21,0,2
68-47,68,47,1,1
18-65,18,65,1,0
38-27,38,27,1,0
17-76,17,76,3,0
37-25,37,25,1,1
62-48,62,48,1,1
24-37,24,37,0,1
78-77,78,77,1,0
55-5,55,5,1,1
28-75,28,75,2,0
79-58,79,58,3,0
1-22,1,22,2,0
72-38,72,38,0,1
46-47,46,47,0,0
38-23,38,23,1,2
33-3,33,3,1,0
60-41,60,41,2,0
6-38,6,38,0,0
70-40,70,40,1,2
44-58,44,58,0,0
47-34,47,34,2,0
25-19,25,19,1,1
61-68,61,68,3,0
66-7,66,7,0,2
75-52,75,52,0,1
5-52,5,52,0,0
51-9,51,9,1,1
37-57,37,57,1,2
52-38,52,38,1,1
38-47,38,47,2,0
54-30,54,30,0,2
16-67,16,67,1,0
78-26,78,26,0,3
44-12,44,12,0,2
63-60,63,60,1,1
33-7,33,7,3,1
78-34,78,34,2,0
31-43,31,43,0,0
79-70,79,70,1,2
66-80,66,80,1,1
14-29,14,29,0,0
30-20,30,20,0,0
24-78,24,78,1,0
9-58,9,58,2,1
32-73,32,73,2,0
48-39,48,39,1,2
37-77,37,77,2,0
46-42,46,42,1,1
56-53,56,53,1,0
3-79,3,79,3,0
36-44,36,44,1,0
35-22,35,22,2,0
40-31,40,31,3,0
62-79,62,79,0,1
44-45,44,45,4,0
46-70,46,70,0,1
77-42,77,42,0,0
72-40,72,40,0,1
29-44,29,44,2,1
8-30,8,30,3,0
51-11,51,11,0,1
61-11,61,11,0,1
18-70,18,70,2,0
63-36,63,36,0,2
54-69,54,69,1,1
31-1,31,1,0,2
11-71,11,71,1,0
16-55,16,55,0,0
26-45,26,45,2,0
57-41,57,41,1,2
21-80,21,80,2,2
56-51,56,51,1,1
8-35,8,35,2,2
3-60,3,60,1,1
32-19,32,19,0,0
20-46,20,46,3,0
74-51,74,51,1,2
32-79,32,79,0,0
76-15,76,15,0,6
14-35,14,35,0,1
73-32,73,32,1,1
4-5,4,5,1,3
52-12,52,12,0,1
43-35,43,35,2,3
67-53,67,53,0,2
21-48,21,48,1,0
23-19,23,19,0,1
76-59,76,59,2,1
79-16,79,16,0,2
3-19,3,19,0,0
32-24,32,24,1,0
4-12,4,12,0,4
28-12,28,12,1,1
31-18,31,18,2,0
30-40,30,40,0,0
3-4,3,4,1,2
22-79,22,79,0,1
18-6,18,6,1,2
70-37,70,37,2,2
6-20,6,20,2,1
36-42,36,42,2,0
72-3,72,3,0,0
34-19,34,19,2,1
71-76,71,76,0,0
49-28,49,28,1,1
80-69,80,69,0,1
20-58,20,58,3,0
20-35,20,35,1,1
56-35,56,35,0,1
61-36,61,36,1,0
66-61,66,61,1,1
59-34,59,34,0,1
44-5,44,5,3,0
67-68,67,68,1,0
37-11,37,11,0,1
75-40,75,40,0,3
30-40,30,40,1,0
35-11,35,11,1,1
21-67,21,67,2,2
34-32,34,32,1,2
50-16,50,16,1,0
14-10,14,10,1,1
31-7,31,7,2,2
62-34,62,34,0,4
21-60,21,60,1,0
28-55,28,55,0,0
67-47,67,47,0,1
64-28,64,28,0,3
16-45,16,45,2,1
33-54,33,54,1,2
75-71,75,71,1,0
19-9,19,9,1,1
5-70,5,70,2,0
54-66,54,66,0,0
78-51,78,51,1,1
30-31,30,31,1,0
24-75,24,75,1,1
35-55,35,55,0,1
37-36,37,36,0,0
37-55,37,55,0,0
74-19,74,19,1,2
40-43,40,43,1,1
39-53,39,53,2,0
33-24,33,24,4,1
34-21,34,21,3,0
72-7,72,7,0,1
50-4,50,4,0,1
20-54,20,54,3,1
13-15,13,15,1,0
14-45,14,45,2,1
2-47,2,47,1,0
77-33,77,33,1,2
17-1,17,1,1,1
65-51,65,51,1,2
47-78,47,78,1,1
30-28,30,28,1,1
61-16,61,16,0,1
48-29,48,29,0,1
61-38,61,38,1,0
50-9,50,9,3,1
27-60,27,60,0,0
18-33,18,33,2,1
5-9,5,9,2,1
42-22,42,22,0,1
49-75,49,75,1,0
79-54,79,54,0,1
40-45,40,45,0,0
67-36,67,36,0,1
17-68,17,68,3,0
31-53,31,53,1,0
8-5,8,5,2,1
4-74,4,74,2,1
6-18,6,18,3,0
15-60,15,60,0,0
50-61,50,61,0,1
71-42,71,42,0,1
52-12,52,12,0,2
45-20,45,20,1,0
22-47,22,47,1,0
29-51,29,51,1,0
76-38,76,38,1,2
53-19,53,19,1,1
45-66,45,66,2,0
37-41,37,41,2,0
2-3,2,3,3,0
72-60,72,60,1,1
61-45,61,45,0,0
69-78,69,78,0,1
57-27,57,27,6,0
6-59,6,59,1,0
46-38,46,38,0,1
61-42,61,42,1,1
9-76,9,76,3,0
58-56,58,56,3,1
29-52,29,52,3,1
79-37,79,37,0,0
53-72,53,72,0,0
32-18,32,18,2,0
64-79,64,79,1,0
40-76,40,76,2,0
46-51,46,51,2,1
79-52,79,52,2,0
74-21,74,21,0,2
60-39,60,39,0,1
7-71,7,71,1,0
42-56,42,56,0,0
8-9,8,9,2,0
27-26,27,26,2,0
34-67,34,67,0,2
64-72,64,72,1,2
71-26,71,26,0,1
36-18,36,18,0,1
21-70,21,70,1,0
8-20,8,20,0,0
67-75,67,75,0,3
72-74,72,74,0,0
8-62,8,62,2,0
38-18,38,18,0,1
49-56,49,56,2,0
29-3,29,3,1,0
75-44,75,44,0,1
15-12,15,12,1,1
26-53,26,53,0,2
49-21,49,21,1,1
15-44,15,44,2,0
69-14,69,14,0,3
80-32,80,32,0,2
13-64,13,64,1,0
12-53,12,53,5,0
45-27,45,27,1,1
17-16,17,16,2,1
3-43,3,43,0,0
25-42,25,42,0,0
44-12,44,12,1,1
55-73,55,73,3,0
11-54,11,54,0,0
4-1,4,1,2,1
53-47,53,47,2,1
80-15,80,15,0,3
69-66,69,66,1,0
62-7,62,7,0,0
45-50,45,50,0,0
71-64,71,64,0,0
20-35,20,35,0,0
15-65,15,65,1,0
37-65,37,65,3,0
73-68,73,68,0,0
19-13,19,13,0,0
11-72,11,72,2,0
75-10,75,10,1,2
12-50,12,50,1,0
60-38,60,38,1,2
23-38,23,38,1,0
37-56,37,56,1,1
11-35,11,35,0,0
24-16,24,16,0,1
2-62,2,62,0,0
36-9,36,9,1,0
33-76,33,76,3,0
9-52,9,52,4,0
15-21,15,21,0,0
32-36,32,36,1,0
3-51,3,51,1,1
53-68,53,68,2,0
14-37,14,37,3,0
57-32,57,32,1,1
3-63,3,63,3,1
22-31,22,31,2,0
11-45,11,45,1,0
12-26,12,26,2,1
68-73,68,73,2,0
10-25,10,25,4,1
9-47,9,47,2,0
19-67,19,67,2,0
29-16,29,16,1,1
63-47,63,47,1,1
12-10,12,10,3,1
6-39,6,39,1,1
29-56,29,56,0,1
35-74,35,74,1,0
47-56,47,56,0,0
78-2,78,2,0,1
14-66,14,66,2,1
64-15,64,15,0,0
45-13,45,13,1,0
32-38,32,38,1,0
69-11,69,11,0,4
62-38,62,38,0,0
43-40,43,40,0,1
34-16,34,16,2,0
29-32,29,32,1,1
49-13,49,13,0,2
68-72,68,72,3,2
3-13,3,13,1,1
58-30,58,30,1,1
44-75,44,75,1,1
21-51,21,51,1,0
57-58,57,58,1,2
71-63,71,63,0,1
50-59,50,59,2,1
26-38,26,38,1,1
3-29,3,29,1,1
58-50,58,50,2,0
18-69,18,69,0,0
8-19,8,19,0,1
21-32,21,32,2,1
72-76,72,76,3,0
32-61,32,61,2,1
3-63,3,63,0,0
8-58,8,58,0,0
24-21,24,21,0,0
38-77,38,77,0,0
68-70,68,70,1,2
55-9,55,9,0,0
41-17,41,17,0,2
19-16,19,16,1,0
75-29,75,29,1,1
55-57,55,57,1,1
25-48,25,48,0,0
11-18,11,18,0,1
66-23,66,23,0,3
18-44,18,44,1,1
39-53,39,53,1,1
28-22,28,22,2,0
73-76,73,76,0,1
51-14,51,14,1,2
56-19,56,19,1,4
31-18,31,18,0,1
70-43,70,43,0,2
32-74,32,74,2,0
20-46,20,46,3,0
66-79,66,79,1,1
10-22,10,22,1,0
49-44,49,44,1,0
33-29,33,29,1,0
61-14,61,14,1,1
8-67,8,67,2,0
57-25,57,25,0,3
68-63,68,63,0,1
67-52,67,52,0,0
73-63,73,63,0,1
26-40,26,40,1,1
35-47,35,47,2,1
75-17,75,17,1,3
16-63,16,63,1,0
58-21,58,21,2,2
58-2,58,2,1,1
33-41,33,41,3,0
42-21,42,21,2,1
46-17,46,17,1,2
23-55,23,55,1,0
9-41,9,41,1,2
29-79,29,79,3,0
12-49,12,49,2,0
20-71,20,71,1,0
9-57,9,57,5,0
18-11,18,11,0,1
2-21,2,21,1,0
65-76,65,76,3,0
55-12,55,12,0,1
40-47,40,47,0,0
29-59,29,59,0,1
59-56,59,56,0,1
29-4,29,4,1,0
60-72,60,72,0,0
33-75,33,75,1,0
57-12,57,12,0,3
71-72,71,72,0,3
58-61,58,61,1,0
41-53,41,53,0,2
79-29,79,29,3,0
53-52,53,52,2,0
65-72,65,72,2,1
79-76,79,76,0,0
56-38,56,38,0,0
68-20,68,20,0,0
64-52,64,52,0,0
41-50,41,50,2,3
64-67,64,67,3,0
31-5,31,5,0,1
43-53,43,53,1,0
76-70,76,70,0,0
19-6,19,6,1,1
20-53,20,53,3,0
1-17,1,17,2,1
56-75,56,75,2,1
13-33,13,33,1,2
38-25,38,25,0,0
40-30,40,30,1,2
9-77,9,77,2,0
47-12,47,12,0,3
4-7,4,7,2,1
17-3,17,3,1,1
1-64,1,64,0,0
39-49,39,49,2,0
17-4,17,4,1,0
47-35,47,35,0,0
7-47,7,47,2,0
59-71,59,71,1,0
36-52,36,52,2,0
30-3,30,3,0,1
63-14,63,14,0,2
12-19,12,19,1,1
58-17,58,17,1,1
70-8,70,8,0,2
63-58,63,58,3,1
73-27,73,27,1,2
44-39,44,39,0,1
17-47,17,47,2,0
7-42,7,42,1,1
79-68,79,68,2,1
18-9,18,9,1,0
33-2,33,2,1,1
32-23,32,23,0,1
52-62,52,62,3,1
56-4,56,4,1,2
23-43,23,43,1,2
26-58,26,58,2,0
67-16,67,16,0,1
79-77,79,77,2,0
38-3,38,3,0,1
50-32,50,32,1,1
29-72,29,72,0,1
62-29,62,29,0,1
23-56,23,56,3,0
78-36,78,36,1,2
6-42,6,42,2,0
14-70,14,70,2,1
34-17,34,17,1,1
45-60,45,60,0,0
28-15,28,15,0,1
3-39,3,39,0,1
37-25,37,25,1,0
45-38,45,38,2,2
57-65,57,65,3,1
42-15,42,15,2,0
75-49,75,49,0,1
31-20,31,20,1,2
54-16,54,16,0,0
53-7,53,7,0,2
39-80,39,80,2,1
31-48,31,48,0,2
41-33,41,33,0,0
24-67,24,67,1,0
24-54,24,54,0,0
14-53,14,53,3,0
55-46,55,46,0,1
41-48,41,48,1,0
22-29,22,29,2,0
38-52,38,52,0,1
32-57,32,57,0,0
62-37,62,37,0,0
53-18,53,18,0,4
34-69,34,69,1,0
45-57,45,57,0,1
30-66,30,66,2,0
74-23,74,23,0,0
69-68,69,68,2,0
54-15,54,15,0,2
54-20,54,20,1,1
13-73,13,73,1,0
11-65,11,65,2,0
49-57,49,57,0,2
26-18,26,18,0,1
1-44,1,44,1,0
46-59,46,59,2,1
71-74,71,74,0,0
36-13,36,13,0,0
22-3,22,3,2,0
19-34,19,34,1,1
21-28,21,28,2,0
77-76,77,76,0,1
38-48,38,48,0,0
8-69,8,69,2,1
65-39,65,39,1,1
60-80,60,80,1,0
15-66,15,66,2,0
48-78,48,78,4,0
19-68,19,68,2,0
72-37,72,37,1,0
13-68,13,68,1,0
76-54,76,54,2,1
23-2,23,2,4,0
14-22,14,22,2,1
54-74,54,74,2,2
35-15,35,15,2,0
40-68,40,68,1,0
37-55,37,55,0,0
47-4,47,4,1,1
42-30,42,30,3,1
8-40,8,40,2,0
7-45,7,45,2,0
22-78,22,78,1,1
53-59,53,59,1,0
11-42,11,42,0,1
18-26,18,26,1,0
57-1,57,1,1,1
1-63,1,63,0,0
27-51,27,51,1,2
45-60,45,60,1,0
32-19,32,19,0,1
70-24,70,24,0,0
3-11,3,11,0,0
20-59,20,59,0,0
6-34,6,34,1,0
78-76,78,76,0,3
14-19,14,19,2,1
79-14,79,14,0,0
68-58,68,58,0,1
38-51,38,51,3,0
70-7,70,7,2,3
10-24,10,24,1,2
77-54,77,54,1,2
29-71,29,71,0,0
28-36,28,36,1,1
49-42,49,42,1,0
57-46,57,46,2,2
17-56,17,56,1,0
60-31,60,31,1,3
24-2,24,2,0,1
30-78,30,78,2,0
23-42,23,42,0,0
58-70,58,70,2,1
67-38,67,38,0,0
5-42,5,42,3,0
6-31,6,31,2,1
9-49,9,49,0,1
69-54,69,54,2,2
65-61,65,61,1,0
66-67,66,67,0,0
33-2,33,2,0,0
1-73,1,73,3,0
14-17,14,17,0,0
6-7,6,7,1,0
33-3,33,3,0,2
20-71,20,71,0,0
79-48,79,48,0,1
29-30,29,30,2,1
50-43,50,43,1,1
42-48,42,48,2,1
62-71,62,71,1,1
29-33,29,33,0,1
63-53,63,53,1,1
25-10,25,10,0,1
55-65,55,65,1,0
77-69,77,69,2,2
14-52,14,52,1,1
23-75,23,75,1,1
76-5,76,5,0,2
56-15,56,15,1,2
10-44,10,44,0,0
24-32,24,32,0,1
6-52,6,52,0,0
79-33,79,33,0,1
80-56,80,56,0,4
30-22,30,22,0,3
54-28,54,28,0,2
9-4,9,4,1,0
71-64,71,64,1,0
5-52,5,52,0,1
35-18,35,18,0,2
70-11,70,11,0,1
25-28,25,28,0,1
5-15,5,15,2,1
69-57,69,57,0,0
25-65,25,65,1,1
78-73,78,73,0,0
80-33,80,33,2,0
60-56,60,56,2,0
23-2,23,2,2,0
48-10,48,10,2,1
20-73,20,73,0,0
79-31,79,31,0,1
20-58,20,58,0,0
9-33,9,33,3,0
80-64,80,64,2,0
29-19,29,19,1,1
55-8,55,8,0,1
60-80,60,80,2,1
16-13,16,13,2,1
65-17,65,17,0,0
65-67,65,67,1,3
61-65,61,65,2,0
28-26,28,26,1,0
69-32,69,32,2,0
34-42,34,42,1,0
66-53,66,53,1,2
1-66,1,66,2,0
18-6,18,6,0,1
16-52,16,52,2,0
10-42,10,42,1,1
9-77,9,77,3,0
24-9,24,9,1,0
28-15,28,15,2,1
24-29,24,29,2,0
42-28,42,28,2,6
65-29,65,29,0,3
32-20,32,20,0,0
59-76,59,76,3,0
35-63,35,63,1,0
68-23,68,23,0,1
30-11,30,11,1,0
6-50,6,50,1,0
29-35,29,35,0,3
4-2,4,2,0,2
12-6,12,6,0,2
31-27,31,27,1,0
80-2,80,2,0,3
27-16,27,16,2,1
28-37,28,37,1,0
42-15,42,15,1,2
8-30,8,30,0,0
32-25,32,25,1,0
33-77,33,77,1,0
77-18,77,18,0,0
10-35,10,35,1,2
55-28,55,28,0,0
52-62,52,62,2,1
31-29,31,29,1,1
28-2,28,2,1,0
6-46,6,46,2,1
35-15,35,15,1,1
49-29,49,29,1,0
71-3,71,3,0,1
78-40,78,40,0,2
31-26,31,26,2,1
6-7,6,7,1,1
19-75,19,75,3,0
54-79,54,79,3,0
60-2,60,2,1,1
58-33,58,33,2,3
23-71,23,71,1,0
68-63,68,63,4,0
44-8,44,8,0,1
80-78,80,78,0,1
28-8,28,8,0,0
79-6,79,6,1,3
61-68,61,68,0,0
69-19,69,19,2,1
64-34,64,34,3,3
39-73,39,73,3,0
11-1,11,1,0,2
32-12,32,12,4,2
7-11,7,11,3,1
49-55,49,55,1,3
72-22,72,22,0,2
59-27,59,27,0,2
16-45,16,45,1,0
2-58,2,58,2,0
75-42,75,42,1,1
21-13,21,13,1,0
12-63,12,63,1,0
15-48,15,48,3,0
17-46,17,46,1,1
69-29,69,29,3,2
23-19,23,19,0,4
53-76,53,76,1,0
18-3,18,3,4,0
57-41,57,41,0,2
52-6,52,6,0,2
33-70,33,70,2,0
77-65,77,65,2,1
25-45,25,45,0,0
59-78,59,78,1,0
32-25,32,25,1,1
46-55,46,55,1,0
53-75,53,75,0,1
48-25,48,25,0,2
24-80,24,80,6,0
11-71,11,71,2,0
21-76,21,76,1,0
20-71,20,71,3,1
17-5,17,5,1,0
9-40,9,40,5,1
19-35,19,35,0,2
31-9,31,9,0,1
53-11,53,11,0,2
75-14,75,14,0,1
38-7,38,7,0,1
8-69,8,69,3,2
65-59,65,59,0,1
5-44,5,44,2,0
79-35,79,35,1,2
21-18,21,18,1,2
53-55,53,55,0,1
23-8,23,8,0,0
38-45,38,45,2,0
71-40,71,40,2,3
30-51,30,51,0,1
4-79,4,79,1,0
10-57,10,57,1,0
24-77,24,77,0,0
76-37,76,37,0,2
34-53,34,53,1,0
29-77,29,77,2,0
63-76,63,76,0,1
38-58,38,58,2,0
55-73,55,73,1,0
49-68,49,68,2,1
42-67,42,67,1,0
65-30,65,30,0,2
16-63,16,63,1,0
8-34,8,34,2,4
53-46,53,46,0,1
47-7,47,7,2,2
41-56,41,56,0,1
69-15,69,15,0,2
80-52,80,52,0,1
17-31,17,31,1,1
41-70,41,70,1,0
51-72,51,72,2,0
49-1,49,1,0,0
55-31,55,31,0,0
64-17,64,17,0,4
28-36,28,36,3,2
24-27,24,27,4,1
48-65,48,65,2,1
16-1,16,1,2,1
11-54,11,54,0,1
62-2,62,2,0,1
75-52,75,52,1,2
73-25,73,25,0,0
45-15,45,15,0,1
48-20,48,20,1,0
4-30,4,30,2,1
54-23,54,23,2,1
37-63,37,63,1,0
28-63,28,63,1,0
66-46,66,46,0,1
60-79,60,79,1,0
19-22,19,22,0,0
62-18,62,18,1,0
16-60,16,60,1,0
64-7,64,7,0,1
3-68,3,68,3,0
7-78,7,78,2,1
38-72,38,72,2,1
79-10,79,10,0,4
11-2,11,2,1,0
38-40,38,40,2,1
58-2,58,2,0,1
50-46,50,46,2,1
58-18,58,18,2,2
77-53,77,53,0,1
5-30,5,30,1,1
35-17,35,17,0,1
41-26,41,26,3,2
67-56,67,56,1,3
21-65,21,65,1,0
1-42,1,42,3,0
74-38,74,38,0,0
39-4,39,4,1,0
64-62,64,62,0,2
24-77,24,77,0,0
69-1,69,1,0,1
55-70,55,70,1,0
34-71,34,71,2,0
10-26,10,26,1,0
65-35,65,35,2,3
46-57,46,57,1,0
12-38,12,38,0,1
77-40,77,40,0,2
3-4,3,4,0,1
20-78,20,78,1,1
6-69,6,69,1,0
39-69,39,69,1,0
53-56,53,56,2,0
72-30,72,30,2,0
65-5,65,5,0,4
38-11,38,11,0,0
62-3,62,3,0,2
80-46,80,46,0,0
75-48,75,48,1,1
18-5,18,5,2,1
9-59,9,59,1,1
4-6,4,6,1,2
71-47,71,47,2,2
27-50,27,50,1,0
43-21,43,21,1,3
80-1,80,1,0,3
18-28,18,28,3,1
36-17,36,17,0,0
73-66,73,66,1,1
68-74,68,74,0,0
14-67,14,67,2,1
26-49,26,49,2,0
16-55,16,55,3,0
7-51,7,51,2,0
76-37,76,37,0,1
30-62,30,62,1,0
60-37,60,37,1,0
38-61,38,61,2,1
28-48,28,48,2,1
73-34,73,34,0,1
36-67,36,67,2,0
43-31,43,31,2,1
65-20,65,20,0,5
32-47,32,47,0,2
34-72,34,72,2,1
45-20,45,20,2,1
27-25,27,25,1,1
63-47,63,47,0,0
72-67,72,67,2,0
58-50,58,50,0,1
11-57,11,57,3,0
63-49,63,49,0,0
61-4,61,4,0,1
53-65,53,65,2,0
15-77,15,77,2,0
69-9,69,9,0,4
34-30,34,30,1,0
50-10,50,10,0,0
54-36,54,36,0,3
74-68,74,68,0,0
67-8,67,8,0,0
28-52,28,52,3,0
69-80,69,80,1,0
43-37,43,37,1,1
50-37,50,37,1,1
54-33,54,33,0,1
31-37,31,37,1,0
62-34,62,34,1,2
53-76,53,76,1,0
10-18,10,18,1,1
1-54,1,54,2,0
27-45,27,45,3,1
11-25,11,25,1,1
34-29,34,29,0,2
12-80,12,80,0,0
14-10,14,10,2,0
61-76,61,76,1,0
46-76,46,76,0,0
3-50,3,50,1,0
27-69,27,69,2,1
67-77,67,77,0,0
32-18,32,18,1,1
66-17,66,17,0,2
32-38,32,38,1,2
1-74,1,74,0,0
5-14,5,14,2,0
24-58,24,58,2,1
7-65,7,65,2,0
39-48,39,48,1,1
35-36,35,36,0,2
57-76,57,76,2,0
37-49,37,49,2,0
26-4,26,4,0,2
63-8,63,8,0,1
48-39,48,39,0,0
59-7,59,7,0,1
25-34,25,34,1,2
55-58,55,58,0,2
59-28,59,28,1,2
15-78,15,78,0,0
61-68,61,68,1,0
4-16,4,16,1,1
46-36,46,36,0,1
7-75,7,75,3,0
4-23,4,23,1,0
54-58,54,58,3,2
18-46,18,46,0,2
3-12,3,12,0,0
38-8,38,8,0,1
58-13,58,13,1,0
51-6,51,6,0,4
37-34,37,34,0,1
74-79,74,79,0,1
69-63,69,63,0,0
7-57,7,57,1,0
56-16,56,16,1,3
65-74,65,74,0,0
72-25,72,25,0,5
32-63,32,63,3,0
63-60,63,60,0,1
4-14,4,14,2,1
77-42,77,42,2,0
59-57,59,57,1,1
44-71,44,71,2,2
18-5,18,5,1,2
19-76,19,76,0,0
7-68,7,68,3,1
3-15,3,15,1,1
48-50,48,50,1,2
33-13,33,13,0,0
60-17,60,17,1,3
2-4,2,4,2,0
46-37,46,37,2,1
19-56,19,56,3,1
24-25,24,25,1,1
62-61,62,61,1,2
18-6,18,6,0,1
40-41,40,41,2,1
39-3,39,3,1,2
70-5,70,5,0,1
19-27,19,27,2,0
13-20,13,20,1,1
74-24,74,24,2,1
76-57,76,57,1,2
44-24,44,24,2,0
80-35,80,35,1,3
41-49,41,49,1,1
37-63,37,63,0,0
11-10,11,10,1,2
18-17,18,17,0,2
50-63,50,63,2,1
73-60,73,60,0,1
32-31,32,31,0,1
28-50,28,50,3,1
27-3,27,3,0,1
60-75,60,75,3,0
37-30,37,30,0,2
42-72,42,72,2,0
63-24,63,24,1,1
64-57,64,57,0,3
11-35,11,35,0,0
70-2,70,2,0,3
10-54,10,54,2,0
26-33,26,33,0,0
45-37,45,37,0,0
36-51,36,51,3,3
26-15,26,15,3,0
17-64,17,64,1,0
7-64,7,64,4,0
73-28,73,28,0,2
2-28,2,28,1,0
25-65,25,65,3,0
64-59,64,59,1,1
46-60,46,60,1,0
47-67,47,67,1,2
66-5,66,5,0,0
77-70,77,70,1,1
35-59,35,59,2,0
57-27,57,27,2,2
62-57,62,57,1,1
63-14,63,14,1,3
43-69,43,69,1,0
49-73,49,73,2,1
80-60,80,60,0,2
32-47,32,47,3,0
71-37,71,37,1,1
78-42,78,42,2,2
41-30,41,30,0,3
72-60,72,60,1,1
49-3,49,3,3,0
4-32,4,32,1,2
44-73,44,73,3,0
56-70,56,70,2,2
43-23,43,23,0,0
55-54,55,54,1,1
54-12,54,12,1,1
57-53,57,53,1,2
72-70,72,70,2,0
65-41,65,41,1,1
41-40,41,40,1,2
18-79,18,79,1,0
19-31,19,31,1,0
45-2,45,2,0,2
29-49,29,49,1,0
37-27,37,27,3,0
79-7,79,7,0,0
42-75,42,75,2,1
16-46,16,46,1,2
17-70,17,70,3,0
54-8,54,8,0,1
13-54,13,54,3,0
32-27,32,27,1,1
72-13,72,13,2,1
4-17,4,17,1,4
49-35,49,35,0,0
43-79,43,79,0,0
6-65,6,65,2,0
25-46,25,46,2,0
2-26,2,26,0,0
45-74,45,74,5,0
51-65,51,65,1,0
23-4,23,4,1,1
60-45,60,45,0,1
51-26,51,26,1,1
47-15,47,15,0,1
48-76,48,76,0,0
73-71,73,71,2,0
54-75,54,75,4,0
57-8,57,8,1,1
10-46,10,46,2,0
51-30,51,30,0,1
61-56,61,56,1,2
77-12,77,12,1,1
33-18,33,18,1,0
49-69,49,69,4,2
66-36,66,36,1,3
30-40,30,40,2,0
79-71,79,71,2,1
66-71,66,71,1,0
75-15,75,15,0,2
59-78,59,78,1,0
64-23,64,23,0,0
68-39,68,39,0,3
40-41,40,41,1,1
41-29,41,29,1,0
76-9,76,9,0,0
4-34,4,34,3,1
53-79,53,79,1,1
31-39,31,39,1,2
22-33,22,33,1,0
80-1,80,1,0,2
68-25,68,25,2,3
35-40,35,40,0,0
11-16,11,16,2,0
57-52,57,52,1,1
65-16,65,16,0,1
76-74,76,74,0,0
67-56,67,56,0,2
26-21,26,21,1,0
21-12,21,12,1,3
56-11,56,11,1,4
21-4,21,4,1,0
39-73,39,73,1,1
54-13,54,13,1,0
31-39,31,39,2,0
46-13,46,13,1,2
6-8,6,8,0,0
38-42,38,42,1,0
49-4,49,4,1,2
52-62,52,62,4,0
73-15,73,15,1,1
17-5,17,5,1,1
61-62,61,62,0,0
18-35,18,35,3,0
60-39,60,39,1,1
2-43,2,43,1,1
3-62,3,62,2,1
1-77,1,77,3,0
61-51,61,51,1,2
31-68,31,68,1,0
27-77,27,77,0,0
42-61,42,61,0,0
33-51,33,51,1,0
24-77,24,77,4,0
36-44,36,44,3,0
76-44,76,44,0,1
28-27,28,27,1,0
51-8,51,8,2,1
27-65,27,65,4,0
42-13,42,13,2,2
43-69,43,69,1,0
2-36,2,36,3,1
19-26,19,26,2,0
59-73,59,73,0,1
23-6,23,6,1,2
41-48,41,48,1,2
60-72,60,72,2,2
20-22,20,22,2,0
5-21,5,21,2,1
28-12,28,12,1,0
17-41,17,41,2,0
52-37,52,37,0,1
28-24,28,24,2,1
17-34,17,34,0,0
63-66,63,66,2,2
78-7,78,7,1,1
79-27,79,27,0,0
76-77,76,77,1,0
16-46,16,46,3,0
11-19,11,19,0,1
28-77,28,77,0,0
29-76,29,76,2,0
54-71,54,71,0,2
5-58,5,58,2,0
75-74,75,74,0,0
30-5,30,5,1,0
76-57,76,57,0,1
71-50,71,50,0,1
76-8,76,8,1,0
35-9,35,9,1,3
61-12,61,12,0,1
56-50,56,50,2,0
64-35,64,35,0,0
32-11,32,11,1,3
65-6,65,6,2,4
61-70,61,70,1,3
70-26,70,26,0,0
41-59,41,59,0,1
64-73,64,73,0,0
55-19,55,19,0,3
15-8,15,8,2,0
54-16,54,16,0,3
71-49,71,49,0,0
43-78,43,78,2,0
54-10,54,10,1,4
40-55,40,55,2,0
34-21,34,21,1,1
64-40,64,40,0,2
22-27,22,27,2,0
51-57,51,57,0,2
44-64,44,64,3,0
59-79,59,79,1,0
20-40,20,40,1,0
67-51,67,51,0,1
38-37,38,37,1,2
19-9,19,9,0,2
27-56,27,56,3,2
41-71,41,71,2,1
66-52,66,52,0,1
47-32,47,32,1,2
4-19,4,19,0,1
1-75,1,75,1,0
17-53,17,53,0,0
17-19,17,19,0,2
66-53,66,53,1,1
28-9,28,9,0,1
31-1,31,1,1,3
75-32,75,32,0,4
32-53,32,53,2,0
44-41,44,41,0,0
41-39,41,39,0,2
75-39,75,39,0,1
11-42,11,42,1,2
41-67,41,67,1,0
75-12,75,12,0,1
78-2,78,2,2,1
40-68,40,68,1,0
26-14,26,14,0,1
72-40,72,40,0,0
75-46,75,46,1,1
9-68,9,68,0,0
80-32,80,32,1,2
33-79,33,79,3,0
10-52,10,52,0,1
79-77,79,77,0,3
38-53,38,53,0,0
55-74,55,74,4,1
65-58,65,58,1,1
24-18,24,18,0,1
27-4,27,4,2,3
37-68,37,68,0,0
9-25,9,25,1,0
43-36,43,36,1,0
30-46,30,46,1,1
30-38,30,38,1,0
53-30,53,30,1,1
40-15,40,15,1,0
71-42,71,42,1,2
7-35,7,35,1,0
37-3,37,3,1,3
33-31,33,31,2,1
41-18,41,18,2,1
76-67,76,67,2,0
54-16,54,16,0,0
55-56,55,56,3,0
78-71,78,71,1,2
12-63,12,63,1,0
20-73,20,73,2,0
8-11,8,11,0,0
11-33,11,33,3,0
80-64,80,64,0,0
49-73,49,73,2,0
29-68,29,68,1,0
42-35,42,35,1,1
70-25,70,25,1,0
3-73,3,73,3,1
11-78,11,78,2,0
15-44,15,44,1,0
17-63,17,63,0,2
45-9,45,9,2,2
68-11,68,11,0,2
11-45,11,45,2,1
44-28,44,28,0,2
72-47,72,47,0,0
51-5,51,5,0,0
48-3,48,3,1,0
66-64,66,64,0,1
14-56,14,56,3,0
25-14,25,14,0,1
62-64,62,64,1,1
72-42,72,42,3,2
58-52,58,52,0,1
54-73,54,73,2,0
47-63,47,63,2,0
45-19,45,19,2,2
32-65,32,65,0,0
54-30,54,30,0,3
44-66,44,66,1,2
61-77,61,77,0,0
66-7,66,7,0,3
18-19,18,19,0,0
41-16,41,16,0,3
48-76,48,76,2,1
46-78,46,78,2,1
79-65,79,65,1,1
62-64,62,64,1,2
49-43,49,43,1,0
16-2,16,2,0,2
16-50,16,50,1,1
63-53,63,53,1,3
79-47,79,47,1,1
73-61,73,61,3,1
57-74,57,74,1,0
77-65,77,65,5,0
20-19,20,19,0,3
43-52,43,52,0,1
39-63,39,63,0,0
12-74,12,74,2,0
21-53,21,53,0,1
78-80,78,80,2,0
8-9,8,9,1,1
50-27,50,27,0,2
74-26,74,26,0,2
6-28,6,28,1,1
77-41,77,41,0,1
55-70,55,70,3,0
30-2,30,2,1,0
32-51,32,51,2,1
21-2,21,2,1,1
79-42,79,42,0,1
28-67,28,67,1,0
51-67,51,67,1,1
16-76,16,76,2,0
45-1,45,1,0,1
54-62,54,62,0,0
18-11,18,11,1,2
59-64,59,64,3,0
8-29,8,29,2,2
71-35,71,35,1,1
37-4,37,4,4,1
61-75,61,75,2,1
10-38,10,38,0,1
1-58,1,58,2,0
15-74,15,74,2,0
9-67,9,67,3,1
44-59,44,59,2,0
78-71,78,71,2,0
67-26,67,26,0,0
11-56,11,56,2,0
79-6,79,6,0,0
78-74,78,74,3,1
17-49,17,49,1,1
52-58,52,58,1,2
12-39,12,39,2,1
71-78,71,78,3,0
48-60,48,60,0,1
43-16,43,16,0,2
78-35,78,35,1,0
65-52,65,52,0,2
46-18,46,18,2,5
37-17,37,17,3,0
33-57,33,57,0,0
62-71,62,71,0,1
13-20,13,20,1,0
54-33,54,33,0,2
33-1,33,1,4,3
21-40,21,40,1,0
52-79,52,79,0,0
19-1,19,1,1,0
37-54,37,54,1,0
55-32,55,32,0,0
32-25,32,25,1,0
25-26,25,26,0,1
7-73,7,73,3,0
42-75,42,75,1,1
7-17,7,17,2,2
34-9,34,9,1,3
38-44,38,44,1,0
31-63,31,63,0,0
6-23,6,23,1,0
12-57,12,57,1,0
7-60,7,60,1,0
40-73,40,73,1,0
24-72,24,72,3,1
36-65,36,65,3,0
14-12,14,12,1,1
12-28,12,28,2,1
71-61,71,61,0,2
8-69,8,69,0,0
39-78,39,78,1,0
4-31,4,31,1,1
23-62,23,62,3,0
29-5,29,5,2,0
72-74,72,74,3,1
15-1,15,1,3,2
15-31,15,31,2,1
45-68,45,68,1,0
36-34,36,34,1,0
55-68,55,68,3,0
72-70,72,70,2,0
59-39,59,39,0,1
66-41,66,41,1,1
32-3,32,3,1,1
10-11,10,11,1,1
49-58,49,58,0,2
27-34,27,34,2,0
50-17,50,17,1,2
43-48,43,48,3,0
3-40,3,40,1,0
67-60,67,60,1,1
67-73,67,73,0,1
67-51,67,51,1,0
50-36,50,36,0,2
66-76,66,76,2,0
71-7,71,7,0,1
68-35,68,35,0,1
19-13,19,13,1,1
74-25,74,25,0,2
25-36,25,36,3,1
29-74,29,74,0,0
37-77,37,77,2,1
16-40,16,40,1,1
27-80,27,80,1,0
59-29,59,29,3,1
59-56,59,56,0,1
59-38,59,38,1,0
2-54,2,54,2,1
33-20,33,20,0,1
24-69,24,69,0,0
7-79,7,79,2,0
3-20,3,20,0,2
36-33,36,33,2,0
23-70,23,70,1,0
9-72,9,72,2,1
16-78,16,78,2,0
1-50,1,50,2,0
19-80,19,80,2,1
38-66,38,66,1,1
66-1,66,1,3,1
33-69,33,69,2,0
14-76,14,76,1,0
31-36,31,36,0,1
59-8,59,8,0,0
48-29,48,29,0,1
31-49,31,49,1,1
36-49,36,49,1,3
64-39,64,39,0,1
75-44,75,44,3,1
15-42,15,42,1,0
74-79,74,79,1,1
72-31,72,31,0,0
77-51,77,51,1,0
80-50,80,50,0,0
25-46,25,46,2,0
67-3,67,3,0,1
8-45,8,45,1,1
15-34,15,34,1,2
43-7,43,7,0,2
51-64,51,64,1,0
12-25,12,25,2,0
78-34,78,34,0,1
31-72,31,72,0,1
13-40,13,40,0,0
47-77,47,77,1,1
56-15,56,15,2,0
21-66,21,66,1,0
16-58,16,58,0,1
40-74,40,74,1,0
59-69,59,69,2,0
69-75,69,75,2,0
78-9,78,9,0,1
2-73,2,73,1,0
23-68,23,68,0,0
42-80,42,80,0,0
24-36,24,36,2,1
21-68,21,68,3,0
28-59,28,59,0,0
32-41,32,41,1,1
22-17,22,17,2,0
25-1,25,1,0,2
47-45,47,45,1,2
64-49,64,49,0,1
78-2,78,2,0,1
49-21,49,21,1,2
18-65,18,65,2,1
40-18,40,18,1,1
80-71,80,71,1,0
38-41,38,41,0,0
68-6,68,6,1,0
62-31,62,31,1,3
74-79,74,79,2,0
37-64,37,64,3,0
74-23,74,23,1,1
42-50,42,50,1,1
63-41,63,41,0,2
53-24,53,24,2,0
2-67,2,67,4,0
42-23,42,23,0,2
67-20,67,20,1,0
49-28,49,28,1,1
70-76,70,76,2,0
29-32,29,32,2,0
32-5,32,5,1,1
24-55,24,55,2,0
46-54,46,54,0,0
42-10,42,10,3,4
76-49,76,49,1,1
34-35,34,35,2,0
32-16,32,16,0,4
14-80,14,80,2,0
55-79,55,79,2,1
14-80,14,80,4,0
47-5,47,5,1,2
80-13,80,13,0,3
15-18,15,18,1,0
1-14,1,14,1,1
27-24,27,24,0,1
24-43,24,43,2,1
40-25,40,25,0,0
1-36,1,36,2,0
15-10,15,10,1,1
30-72,30,72,0,0
62-43,62,43,1,2
36-38,36,38,0,0
61-13,61,13,0,1
34-20,34,20,2,2
48-66,48,66,1,1
34-54,34,54,2,0
77-80,77,80,0,2
48-31,48,31,1,3
54-35,54,35,1,1
74-22,74,22,0,0
23-16,23,16,2,0
69-27,69,27,1,2
37-55,37,55,1,1
57-66,57,66,1,0
15-64,15,64,2,0
16-76,16,76,0,1
45-33,45,33,0,0
12-25,12,25,0,0
51-23,51,23,1,0
39-74,39,74,1,0
45-52,45,52,1,1
12-73,12,73,3,0
27-80,27,80,1,1
8-35,8,35,1,1
53-59,53,59,0,0
55-61,55,61,0,1
12-25,12,25,2,1
54-74,54,74,1,0
25-66,25,66,0,1
7-37,7,37,5,2
32-70,32,70,1,0
27-70,27,70,3,1
78-68,78,68,1,0
62-77,62,77,0,4
32-20,32,20,1,1
31-75,31,75,1,0
54-48,54,48,2,0
29-47,29,47,2,1
15-57,15,57,4,2
66-47,66,47,3,0
78-74,78,74,0,0
28-31,28,31,0,2
58-48,58,48,0,1
2-19,2,19,2,1
77-67,77,67,1,1
9-79,9,79,2,1
77-48,77,48,0,0
25-58,25,58,3,0
70-25,70,25,0,5
24-22,24,22,1,1
33-47,33,47,1,1
59-62,59,62,1,2
68-75,68,75,0,3
25-73,25,73,1,0
39-48,39,48,2,0
58-29,58,29,1,2
76-71,76,71,1,1
65-52,65,52,0,0
29-3,29,3,2,1
10-54,10,54,3,2
27-18,27,18,1,1
38-58,38,58,0,0
72-22,72,22,2,2
59-23,59,23,0,2
32-14,32,14,2,1
32-73,32,73,1,0
53-10,53,10,0,2
32-61,32,61,3,0
78-58,78,58,0,3
66-27,66,27,0,2
22-42,22,42,0,1
32-11,32,11,0,3
77-51,77,51,1,2
35-22,35,22,0,1
7-26,7,26,1,0
7-16,7,16,0,2
76-28,76,28,0,1
5-52,5,52,2,0
2-48,2,48,0,0
75-77,75,77,2,0
67-80,67,80,0,0
7-33,7,33,2,0
74-60,74,60,2,0
3-23,3,23,1,1
31-43,31,43,1,2
35-28,35,28,0,0
21-56,21,56,3,0
22-45,22,45,1,0
53-47,53,47,2,1
34-6,34,6,2,0
56-20,56,20,1,0
72-18,72,18,0,0
49-47,49,47,1,1
58-26,58,26,2,0
30-65,30,65,3,0
80-41,80,41,1,0
6-40,6,40,2,1
44-66,44,66,1,0
75-80,75,80,2,0
76-61,76,61,2,1
70-66,70,66,0,1
23-48,23,48,3,3
6-35,6,35,1,0
20-58,20,58,1,0
1-17,1,17,3,0
22-27,22,27,2,2
70-30,70,30,0,1
72-68,72,68,3,1
66-53,66,53,1,0
42-71,42,71,3,1
79-76,79,76,2,2
39-57,39,57,2,0
63-60,63,60,2,2
76-43,76,43,1,0
42-33,42,33,1,1
19-80,19,80,4,0
63-34,63,34,0,2
17-62,17,62,3,0
70-43,70,43,2,2
22-14,22,14,2,1
21-73,21,73,1,0
58-11,58,11,1,2
70-28,70,28,0,4
23-51,23,51,2,0
9-66,9,66,1,0
47-42,47,42,1,1
13-48,13,48,4,2
74-59,74,59,1,3
72-67,72,67,0,0
78-1,78,1,0,1
76-30,76,30,0,0
64-45,64,45,2,1
1-46,1,46,2,0
6-8,6,8,0,2
14-70,14,70,2,1
8-79,8,79,1,3
9-77,9,77,1,0
68-5,68,5,0,2
37-5,37,5,0,1
23-78,23,78,3,0
18-79,18,79,1,0
48-47,48,47,1,2
39-30,39,30,1,1
39-74,39,74,4,1
35-2,35,2,2,3
17-31,17,31,0,1
37-58,37,58,1,1
45-37,45,37,1,2
64-35,64,35,0,1
45-20,45,20,2,0
56-52,56,52,0,0
21-74,21,74,1,0
36-76,36,76,1,0
8-49,8,49,3,0
22-68,22,68,3,1
8-71,8,71,1,1
75-66,75,66,0,0
15-26,15,26,1,0
26-71,26,71,1,0
63-53,63,53,0,0
4-11,4,11,2,0
21-52,21,52,1,0
52-17,52,17,1,1
77-74,77,74,0,1
47-26,47,26,0,0
58-8,58,8,1,2
30-27,30,27,2,0
59-6,59,6,0,3
16-24,16,24,1,1
69-19,69,19,1,1
28-16,28,16,0,0
36-40,36,40,0,1
43-18,43,18,0,1
67-36,67,36,0,0
2-29,2,29,4,0
52-75,52,75,1,1
18-8,18,8,2,0
14-52,14,52,1,1
17-46,17,46,1,0
79-5,79,5,1,1
67-36,67,36,2,0
38-53,38,53,2,0
56-15,56,15,2,0
63-39,63,39,0,0
7-25,7,25,0,1
42-69,42,69,2,0
38-60,38,60,2,0
33-64,33,64,1,0
25-58,25,58,3,0
74-23,74,23,0,1
26-76,26,76,3,1
14-75,14,75,0,1
47-19,47,19,0,2
53-70,53,70,0,0
59-16,59,16,1,1
14-66,14,66,1,0
7-70,7,70,4,1
74-49,74,49,2,1
3-79,3,79,0,0
72-35,72,35,2,2
45-10,45,10,2,0
22-32,22,32,1,0
47-14,47,14,1,1
64-68,64,68,0,1
46-65,46,65,2,0
52-19,52,19,1,0
8-73,8,73,0,0
36-80,36,80,0,1
54-69,54,69,3,1
28-77,28,77,3,0
58-10,58,10,0,1
37-65,37,65,3,0
38-45,38,45,1,0
46-17,46,17,2,2
57-61,57,61,2,1
45-43,45,43,2,1
43-3,43,3,0,2
3-62,3,62,1,0
58-59,58,59,1,0
31-13,31,13,0,2
4-39,4,39,1,1
21-52,21,52,0,1
74-43,74,43,1,0
15-76,15,76,1,0
11-78,11,78,1,0
15-2,15,2,3,1
32-41,32,41,1,0
47-6,47,6,0,0
10-22,10,22,1,1
52-54,52,54,1,0
73-23,73,23,1,0
36-4,36,4,0,2
67-42,67,42,0,3
42-51,42,51,2,0
77-20,77,20,0,2
69-74,69,74,1,1
67-34,67,34,2,2
46-57,46,57,2,0
58-73,58,73,2,0
70-23,70,23,0,2
71-37,71,37,1,3
26-55,26,55,0,1
59-26,59,26,2,1
5-67,5,67,1,0
64-6,64,6,1,2
4-25,4,25,1,1
47-12,47,12,1,1
6-79,6,79,0,1
77-72,77,72,1,0
67-76,67,76,2,1
70-12,70,12,1,3
66-59,66,59,0,1
26-72,26,72,4,0
45-20,45,20,0,1
36-78,36,78,1,0
17-54,17,54,0,0
31-21,31,21,0,0
54-38,54,38,3,1
46-1,46,1,0,3
63-73,63,73,2,1
9-49,9,49,0,1
69-65,69,65,0,1
27-78,27,78,0,1
79-74,79,74,1,1
5-28,5,28,2,1
1-7,1,7,0,1
51-54,51,54,3,0
1-61,1,61,1,0
7-77,7,77,2,0
35-37,35,37,0,1
10-71,10,71,0,1
73-35,73,35,0,2
76-54,76,54,0,1
54-35,54,35,1,0
17-14,17,14,0,1
63-61,63,61,1,1
27-57,27,57,2,0
29-13,29,13,1,0
61-51,61,51,0,0
29-9,29,9,2,3
22-20,22,20,1,1
18-74,18,74,2,0
69-66,69,66,1,0
4-5,4,5,0,1
34-57,34,57,2,0
80-12,80,12,1,1
23-30,23,30,1,0
71-6,71,6,0,0
69-29,69,29,2,0
53-47,53,47,2,0
6-70,6,70,1,0
31-25,31,25,1,0
13-7,13,7,1,0
9-38,9,38,0,1
70-48,70,48,0,2
28-48,28,48,1,1
32-45,32,45,1,0
57-44,57,44,1,1
42-72,42,72,1,0
79-44,79,44,1,4
65-45,65,45,1,0
36-2,36,2,0,0
36-9,36,9,1,1
53-41,53,41,1,1
55-50,55,50,2,1
51-69,51,69,1,0
4-50,4,50,3,1
10-28,10,28,1,0
65-27,65,27,0,2
3-18,3,18,0,0
38-48,38,48,1,2
15-7,15,7,1,0
65-18,65,18,0,2
66-59,66,59,2,1
59-76,59,76,2,1
47-58,47,58,0,2
79-14,79,14,0,0
31-45,31,45,2,0
61-76,61,76,1,0
56-10,56,10,0,3
71-67,71,67,1,1
45-71,45,71,2,0
53-33,53,33,1,0
13-21,13,21,0,2
59-41,59,41,1,2
15-5,15,5,1,2
20-70,20,70,1,0
42-34,42,34,2,0
28-49,28,49,1,1
44-49,44,49,2,1
44-54,44,54,1,0
76-75,76,75,1,0
52-44,52,44,1,1
27-54,27,54,1,0
75-25,75,25,0,1
36-58,36,58,1,0
38-6,38,6,1,2
5-70,5,70,1,0
39-34,39,34,1,0
41-23,41,23,2,2
42-49,42,49,1,0
43-9,43,9,0,1
57-77,57,77,2,1
46-56,46,56,0,0
20-53,20,53,1,0
7-41,7,41,1,0
73-43,73,43,1,3
55-5,55,5,1,2
5-70,5,70,0,0
35-23,35,23,1,0
18-15,18,15,1,2
9-65,9,65,3,0
18-61,18,61,2,0
49-27,49,27,2,2
74-72,74,72,3,0
41-71,41,71,2,0
31-37,31,37,2,0
25-17,25,17,0,0
61-44,61,44,0,2
76-74,76,74,1,1
66-78,66,78,2,0
24-73,24,73,3,0
65-21,65,21,0,3
61-23,61,23,2,0
18-54,18,54,3,2
25-58,25,58,1,0
68-22,68,22,0,3
28-37,28,37,0,0
45-24,45,24,2,0
48-60,48,60,0,1
24-61,24,61,1,0
79-15,79,15,0,1
64-40,64,40,0,1
70-5,70,5,0,0
23-15,23,15,1,1
11-50,11,50,1,0
72-18,72,18,0,0
33-49,33,49,1,2
13-12,13,12,2,0
50-29,50,29,1,2
1-30,1,30,0,1
76-4,76,4,0,0
6-62,6,62,3,0
75-47,75,47,0,1
58-74,58,74,1,0
41-43,41,43,0,1
8-10,8,10,1,1
21-13,21,13,1,1
58-25,58,25,1,2
21-12,21,12,1,0
4-24,4,24,2,1
36-6,36,6,0,2
34-21,34,21,0,0
70-40,70,40,1,0
74-16,74,16,0,3
4-67,4,67,4,0
20-34,20,34,3,1
44-37,44,37,1,1
27-41,27,41,2,0
74-57,74,57,0,2
75-48,75,48,1,4
74-62,74,62,2,0
14-68,14,68,1,0
33-66,33,66,3,0
50-72,50,72,1,0
32-75,32,75,4,1
68-39,68,39,0,2
45-55,45,55,0,1
16-53,16,53,1,0
56-37,56,37,0,0
73-19,73,19,1,3
80-48,80,48,1,1
65-26,65,26,0,1
14-77,14,77,0,0
15-52,15,52,0,1
15-9,15,9,1,0
45-78,45,78,2,0
76-59,76,59,0,0
60-5,60,5,1,0
3-63,3,63,1,2
54-8,54,8,0,2
70-24,70,24,0,2
42-59,42,59,0,1
60-18,60,18,0,1
68-12,68,12,0,0
74-28,74,28,2,0
53-79,53,79,2,1
39-58,39,58,1,2
66-4,66,4,1,1
23-63,23,63,2,1
70-53,70,53,2,2
17-41,17,41,2,0
34-11,34,11,0,1
59-40,59,40,0,0
78-38,78,38,0,1
13-14,13,14,0,1
61-55,61,55,0,0
56-1,56,1,0,1
38-37,38,37,1,1
11-15,11,15,2,0
15-70,15,70,2,0
50-41,50,41,1,2
79-23,79,23,1,2
8-77,8,77,2,1
9-39,9,39,0,0
44-73,44,73,1,0
1-55,1,55,0,1
64-28,64,28,0,4
70-58,70,58,0,2
70-30,70,30,0,1
50-28,50,28,0,1
62-49,62,49,0,2
75-28,75,28,3,3
39-14,39,14,1,2
56-69,56,69,2,0
59-5,59,5,0,0
68-37,68,37,0,2
11-52,11,52,2,0
56-72,56,72,1,1
12-24,12,24,2,0
33-4,33,4,0,1
80-20,80,20,0,1
57-63,57,63,2,2
75-64,75,64,0,1
9-2,9,2,0,0
69-28,69,28,0,0
29-38,29,38,0,3
7-60,7,60,4,0
55-39,55,39,1,3
37-24,37,24,1,1
18-59,18,59,0,2
49-22,49,22,0,2
61-14,61,14,1,2
58-12,58,12,1,1
38-44,38,44,0,0
9-2,9,2,2,1
43-47,43,47,3,0
77-54,77,54,0,1
80-32,80,32,0,1
35-49,35,49,0,0
19-16,19,16,0,0
69-10,69,10,2,2
68-7,68,7,1,2
34-14,34,14,2,2
38-74,38,74,1,1
16-78,16,78,2,0
1-57,1,57,0,1
66-78,66,78,2,0
57-60,57,60,1,0
65-5,65,5,1,2
63-33,63,33,0,0
30-2,30,2,0,1
53-20,53,20,1,0
17-11,17,11,1,3
1-73,1,73,1,0
71-33,71,33,2,1
44-1,44,1,0,1
39-65,39,65,2,1
67-15,67,15,0,1
6-7,6,7,0,0
12-50,12,50,1,0
23-37,23,37,0,0
34-71,34,71,1,0
74-26,74,26,0,1
13-64,13,64,3,0
75-36,75,36,0,1
21-29,21,29,1,0
30-6,30,6,0,2
65-69,65,69,0,0
41-63,41,63,1,0
34-35,34,35,2,1
66-68,66,68,1,3
26-8,26,8,0,0
65-64,65,64,2,0
19-41,19,41,3,2
35-37,35,37,1,1
34-21,34,21,0,1
75-6,75,6,0,1
29-41,29,41,2,1
36-21,36,21,1,0
51-24,51,24,1,0
74-50,74,50,1,1
16-28,16,28,0,2
38-6,38,6,1,1
21-39,21,39,1,1
21-60,21,60,2,0
65-59,65,59,1,2
67-18,67,18,1,1
64-9,64,9,0,4
60-56,60,56,2,1
28-58,28,58,1,0
67-60,67,60,2,0
58-32,58,32,2,1
41-74,41,74,0,0
4-27,4,27,0,0
2-24,2,24,0,2
26-19,26,19,0,2
1-23,1,23,1,0
48-14,48,14,0,0
76-52,76,52,1,0
80-36,80,36,1,0
14-33,14,33,1,0
14-68,14,68,0,0
73-34,73,34,1,2
54-51,54,51,0,2
72-1,72,1,0,3
12-62,12,62,2,0
49-14,49,14,0,1
14-63,14,63,3,1
71-1,71,1,0,2
70-31,70,31,0,2
19-68,19,68,1,1
42-77,42,77,1,1
25-59,25,59,1,0
26-67,26,67,1,0
56-1,56,1,2,0
42-5,42,5,1,3
75-60,75,60,0,4
39-32,39,32,3,0
80-10,80,10,2,3
77-51,77,51,0,1
29-43,29,43,1,0
33-66,33,66,1,0
65-4,65,4,1,2
33-23,33,23,3,0
68-69,68,69,3,0
24-63,24,63,3,0
52-36,52,36,2,2
35-58,35,58,1,0
80-61,80,61,0,0
17-58,17,58,1,1
56-43,56,43,2,2
50-2,50,2,1,1
24-27,24,27,1,2
11-48,11,48,0,0
42-76,42,76,1,0
69-29,69,29,1,1
69-78,69,78,1,1
2-20,2,20,0,0
29-73,29,73,1,0
78-24,78,24,1,2
67-4,67,4,0,1
63-62,63,62,1,1
64-78,64,78,1,0
40-39,40,39,1,0
11-77,11,77,0,0
32-71,32,71,1,0
48-32,48,32,1,0
65-80,65,80,2,0
35-13,35,13,1,1
15-17,15,17,3,1
62-35,62,35,0,2
37-24,37,24,1,0
76-28,76,28,0,1
41-26,41,26,0,5
49-79,49,79,0,1
73-65,73,65,2,2
70-52,70,52,1,1
79-24,79,24,0,1
63-35,63,35,1,2
7-31,7,31,1,1
7-13,7,13,2,1
59-29,59,29,2,0
30-23,30,23,2,3
42-12,42,12,0,1
23-51,23,51,0,1
4-68,4,68,0,0
79-49,79,49,1,1
57-35,57,35,0,1
19-56,19,56,1,1
9-49,9,49,1,0
76-13,76,13,0,1
43-39,43,39,1,1
22-67,22,67,2,0
10-65,10,65,1,0
70-64,70,64,1,1
68-67,68,67,2,0
41-43,41,43,3,1
28-67,28,67,2,0
5-41,5,41,4,0
32-46,32,46,0,0
36-61,36,61,2,0
42-46,42,46,0,1
5-33,5,33,1,0
8-52,8,52,2,1
68-54,68,54,1,1
19-52,19,52,1,0
1-23,1,23,2,0
37-17,37,17,0,0
36-71,36,71,1,0
70-80,70,80,1,3
67-52,67,52,1,2
11-33,11,33,1,0
4-48,4,48,2,0
27-7,27,7,1,5
34-26,34,26,1,1
19-1,19,1,1,3
59-21,59,21,1,0
26-25,26,25,0,1
11-77,11,77,2,0
15-8,15,8,0,1
38-50,38,50,1,0
43-69,43,69,1,0
35-70,35,70,4,0
18-41,18,41,1,2
74-40,74,40,2,0
45-69,45,69,1,0
74-25,74,25,0,3
1-26,1,26,0,1
47-57,47,57,1,1
5-1,5,1,0,0
16-42,16,42,1,0
30-36,30,36,0,1
58-51,58,51,0,0
22-45,22,45,0,0
49-43,49,43,1,1
39-49,39,49,3,0
16-15,16,15,2,1
15-2,15,2,2,1
77-10,77,10,0,3
46-65,46,65,1,2
58-56,58,56,1,0
42-8,42,8,0,2
9-65,9,65,1,0
55-4,55,4,1,1
78-2,78,2,0,3
70-59,70,59,1,1
56-24,56,24,0,2
34-78,34,78,1,0
64-10,64,10,2,2
29-48,29,48,0,1
67-33,67,33,1,1
15-14,15,14,2,1
39-8,39,8,1,1
30-24,30,24,0,2
20-77,20,77,1,0
8-79,8,79,2,0
52-15,52,15,1,1
7-59,7,59,1,0
71-19,71,19,0,3
18-10,18,10,1,2
14-38,14,38,1,2
80-71,80,71,1,0
20-45,20,45,0,1
51-67,51,67,1,0
24-27,24,27,1,0
65-9,65,9,1,1
49-25,49,25,0,1
76-25,76,25,0,0
60-65,60,65,0,0
3-20,3,20,2,0
46-41,46,41,0,0
12-64,12,64,2,0
7-23,7,23,4,0
57-21,57,21,1,2
60-9,60,9,0,0
39-34,39,34,2,0
48-21,48,21,1,1
26-69,26,69,2,0
31-69,31,69,0,1
72-17,72,17,0,3
11-32,11,32,3,1
51-31,51,31,0,2
8-59,8,59,1,0
61-67,61,67,1,1
2-41,2,41,0,1
16-48,16,48,1,0
62-47,62,47,2,1
2-74,2,74,2,1
23-31,23,31,2,3
76-1,76,1,0,1
17-76,17,76,2,0
42-75,42,75,2,0
41-14,41,14,0,1
11-19,11,19,0,3
43-60,43,60,1,0
73-15,73,15,0,1
37-35,37,35,2,0
74-6,74,6,0,1
53-32,53,32,0,1
22-80,22,80,3,1
74-51,74,51,0,0
80-9,80,9,1,2
69-35,69,35,1,2
40-8,40,8,1,1
72-70,72,70,0,1
41-15,41,15,2,1
63-49,63,49,0,1
34-10,34,10,1,1
1-45,1,45,1,0
58-38,58,38,2,0
41-50,41,50,0,1
53-51,53,51,2,1
2-15,2,15,3,0
35-27,35,27,1,0
20-63,20,63,1,0
8-35,8,35,0,0
33-8,33,8,2,1
32-21,32,21,0,1
72-49,72,49,0,2
67-62,67,62,1,0
49-23,49,23,1,3
52-39,52,39,0,2
7-63,7,63,0,0
2-50,2,50,2,0
60-47,60,47,0,0
78-21,78,21,0,3
71-76,71,76,1,0
52-29,52,29,2,0
41-31,41,31,1,1
62-64,62,64,2,0
27-47,27,47,1,0
8-41,8,41,1,0
38-78,38,78,1,0
15-24,15,24,1,0
47-62,47,62,1,0
75-7,75,7,1,4
27-33,27,33,0,1
62-35,62,35,0,4
43-8,43,8,1,1
50-15,50,15,0,1
54-67,54,67,0,1
50-27,50,27,1,1
25-4,25,4,3,0
35-8,35,8,1,0
15-36,15,36,2,0
16-25,16,25,2,2
80-77,80,77,1,1
7-6,7,6,0,0
6-47,6,47,1,0
39-72,39,72,2,0
38-39,38,39,0,1
18-31,18,31,1,0
70-67,70,67,2,0
51-4,51,4,0,2
69-67,69,67,1,2
34-28,34,28,2,0
50-14,50,14,1,1
62-65,62,65,2,0
70-64,70,64,1,1
9-44,9,44,1,1
59-13,59,13,1,3
79-33,79,33,0,2
34-21,34,21,0,1
30-25,30,25,0,0
22-33,22,33,1,1
28-8,28,8,2,0
14-21,14,21,1,1
43-75,43,75,2,0
31-4,31,4,0,3
2-53,2,53,0,0
55-74,55,74,2,1
27-22,27,22,0,0
13-9,13,9,0,1
8-28,8,28,1,1
39-59,39,59,2,1
52-10,52,10,0,0
34-28,34,28,3,0
17-32,17,32,0,1
70-74,70,74,3,0
80-48,80,48,1,2
11-41,11,41,0,1
36-12,36,12,2,2
72-29,72,29,0,5
12-18,12,18,0,3
64-66,64,66,1,1
67-50,67,50,1,0
46-4,46,4,0,1
11-17,11,17,0,1
21-34,21,34,0,0
67-69,67,69,1,0
31-10,31,10,0,1
65-12,65,12,0,3
42-20,42,20,0,2
49-17,49,17,0,1
27-67,27,67,0,1
41-39,41,39,2,1
42-70,42,70,2,2
53-34,53,34,1,1
69-70,69,70,1,0
28-49,28,49,1,1
24-52,24,52,1,0
58-17,58,17,0,0
29-15,29,15,2,1
37-39,37,39,1,1
52-53,52,53,0,2
30-59,30,59,2,0
21-2,21,2,1,2
31-55,31,55,1,1
53-46,53,46,2,1
9-27,9,27,0,0
11-64,11,64,0,0
22-13,22,13,1,1
15-60,15,60,2,1
51-80,51,80,1,0
7-23,7,23,2,0
40-8,40,8,0,2
69-31,69,31,1,0
5-38,5,38,3,1
33-40,33,40,0,1
50-66,50,66,0,0
40-10,40,10,0,2
33-10,33,10,0,2
33-42,33,42,0,1
68-57,68,57,1,0
36-14,36,14,2,0
20-41,20,41,1,0
9-57,9,57,2,0
15-22,15,22,2,1
56-28,56,28,0,2
7-36,7,36,1,0
11-65,11,65,2,0
73-22,73,22,0,1
38-10,38,10,0,3
17-73,17,73,1,0
33-12,33,12,0,0
16-61,16,61,0,0
38-12,38,12,0,0
78-41,78,41,1,2
70-75,70,75,1,1
66-56,66,56,1,2
41-57,41,57,1,1
33-61,33,61,2,0
4-12,4,12,2,1
66-33,66,33,0,1
50-19,50,19,0,2
27-9,27,9,0,1
15-52,15,52,1,0
2-4,2,4,3,0
43-77,43,77,2,0
75-23,75,23,0,4
65-21,65,21,0,2
51-74,51,74,0,0
6-33,6,33,0,1
59-24,59,24,0,1
27-29,27,29,2,1
43-62,43,62,1,0
1-27,1,27,2,1
58-52,58,52,0,0
12-73,12,73,0,0
25-60,25,60,1,0
53-26,53,26,0,0
15-14,15,14,0,0
11-5,11,5,1,0
41-35,41,35,0,1
15-1,15,1,1,0
43-13,43,13,1,3
52-64,52,64,2,0
67-48,67,48,1,3
48-79,48,79,1,2
70-48,70,48,1,1
29-35,29,35,1,2
55-42,55,42,1,1
23-2,23,2,0,3
67-32,67,32,0,2
9-50,9,50,2,1
16-46,16,46,3,0
64-72,64,72,1,0
46-12,46,12,0,1
31-42,31,42,1,1
23-59,23,59,1,0
6-28,6,28,0,0
80-53,80,53,1,1
78-29,78,29,0,3
2-47,2,47,1,0
13-61,13,61,1,1
14-37,14,37,1,1
78-24,78,24,0,1
43-78,43,78,3,2
62-60,62,60,2,1
22-40,22,40,0,0
33-12,33,12,1,2
36-40,36,40,3,0
16-40,16,40,1,1
73-59,73,59,0,2
22-58,22,58,1,1
5-35,5,35,1,0
11-76,11,76,2,2
17-12,17,12,2,1
63-58,63,58,3,0
23-4,23,4,3,0
30-77,30,77,3,0
45-66,45,66,2,0
11-44,11,44,1,0
31-71,31,71,1,0
8-27,8,27,1,0
52-5,52,5,1,1
71-2,71,2,0,1
68-27,68,27,0,3
15-44,15,44,1,0
9-7,9,7,0,0
33-62,33,62,4,1
55-3,55,3,0,2
53-8,53,8,2,2
58-22,58,22,1,1
39-28,39,28,2,1
71-80,71,80,2,2
56-50,56,50,2,1
76-74,76,74,1,2
46-36,46,36,2,1
8-80,8,80,0,0
14-24,14,24,2,1
20-35,20,35,2,0
76-40,76,40,2,2
46-68,46,68,0,1
4-75,4,75,2,0
16-22,16,22,1,0
30-52,30,52,2,0
22-72,22,72,2,0
52-5,52,5,0,2
73-9,73,9,0,2
63-74,63,74,1,0
40-20,40,20,0,1
18-26,18,26,2,3
70-72,70,72,2,1
20-34,20,34,0,0
25-68,25,68,4,0
52-8,52,8,1,0
10-68,10,68,3,0
48-63,48,63,3,0
77-61,77,61,0,2
21-50,21,50,1,0
43-73,43,73,2,1
42-75,42,75,2,2
72-61,72,61,2,1
63-67,63,67,0,0
56-51,56,51,1,0
32-64,32,64,1,0
9-20,9,20,1,1
78-50,78,50,1,1
60-36,60,36,1,1
40-63,40,63,0,0
51-38,51,38,0,3
77-80,77,80,0,0
55-77,55,77,1,0
53-38,53,38,3,3
17-75,17,75,2,0
18-36,18,36,4,2
32-56,32,56,1,0
65-47,65,47,3,0
2-16,2,16,1,0
53-5,53,5,2,1
23-9,23,9,3,1
80-74,80,74,0,0
18-65,18,65,3,0
64-76,64,76,1,2
44-6,44,6,0,0
4-77,4,77,0,0
48-73,48,73,1,0
55-8,55,8,0,3
15-37,15,37,1,1
3-55,3,55,2,0
60-63,60,63,3,1
33-60,33,60,2,0
78-62,78,62,0,1
78-28,78,28,0,2
62-68,62,68,0,0
65-61,65,61,0,1
56-55,56,55,1,1
42-11,42,11,1,1
33-36,33,36,0,0
24-40,24,40,0,1
69-47,69,47,1,3
45-29,45,29,2,2
10-2,10,2,1,0
78-7,78,7,0,6
49-51,49,51,3,1
74-47,74,47,3,0
64-5,64,5,0,3
31-5,31,5,0,0
44-16,44,16,1,0
26-70,26,70,3,0
37-4,37,4,0,1
60-35,60,35,1,1
18-78,18,78,3,0
71-1,71,1,0,3
2-26,2,26,0,0
11-20,11,20,2,0
12-31,12,31,1,1
17-32,17,32,0,0
64-58,64,58,1,3
51-69,51,69,1,0
3-70,3,70,3,0
40-54,40,54,1,0
67-20,67,20,0,1
45-19,45,19,0,1
35-41,35,41,2,0
67-2,67,2,1,2
72-51,72,51,0,1
68-18,68,18,0,3
23-14,23,14,3,1
61-60,61,60,0,0
41-28,41,28,1,2
8-35,8,35,1,2
58-3,58,3,0,1
59-6,59,6,1,2
9-15,9,15,1,0
24-17,24,17,2,0
30-26,30,26,3,2
64-29,64,29,0,2
27-60,27,60,2,0
38-74,38,74,1,0
78-51,78,51,1,2
13-4,13,4,1,1
61-74,61,74,0,2
76-38,76,38,0,1
47-62,47,62,1,0
10-49,10,49,0,1
76-32,76,32,1,1
6-69,6,69,2,0
24-56,24,56,0,3
6-63,6,63,0,0
74-22,74,22,0,1
74-77,74,77,0,0
60-17,60,17,1,0
58-14,58,14,0,1
32-49,32,49,3,0
12-16,12,16,0,1
25-75,25,75,1,0
36-78,36,78,2,0
33-15,33,15,1,1
17-76,17,76,0,0
23-70,23,70,1,0
78-56,78,56,0,0
62-59,62,59,1,3
70-76,70,76,0,1
9-14,9,14,0,0
2-51,2,51,0,1
77-57,77,57,2,1
49-36,49,36,0,0
56-4,56,4,1,0
26-55,26,55,1,0
20-30,20,30,3,2
18-41,18,41,1,0
15-64,15,64,1,1
3-50,3,50,1,1
60-35,60,35,3,1
64-14,64,14,0,3
1-23,1,23,0,4
61-65,61,65,2,0
42-6,42,6,0,2
75-29,75,29,1,1
18-74,18,74,4,0
75-11,75,11,0,1
18-69,18,69,1,1
11-31,11,31,3,0
63-27,63,27,2,2
54-65,54,65,2,0
38-27,38,27,1,0
75-30,75,30,0,3
64-70,64,70,1,0
37-77,37,77,2,0
29-41,29,41,3,0
16-79,16,79,1,1
35-77,35,77,1,0
77-30,77,30,1,1
70-58,70,58,1,0
39-41,39,41,1,0
19-44,19,44,2,1
26-43,26,43,4,0
52-30,52,30,1,2
76-1,76,1,1,0
5-17,5,17,2,1
2-7,2,7,2,0
52-78,52,78,1,1
3-67,3,67,0,0
27-78,27,78,1,0
3-54,3,54,2,1
66-43,66,43,0,2
77-71,77,71,0,0
56-65,56,65,2,0
27-33,27,33,2,2
2-38,2,38,3,0
44-23,44,23,0,3
9-25,9,25,1,3
13-55,13,55,1,0
66-35,66,35,0,1
52-40,52,40,2,1
11-28,11,28,1,1
73-39,73,39,1,1
6-16,6,16,2,0
15-80,15,80,1,0
35-38,35,38,0,0
31-38,31,38,2,0
34-5,34,5,1,2
16-51,16,51,0,0
76-43,76,43,1,2
16-44,16,44,1,0
73-78,73,78,0,0
47-2,47,2,0,4
76-15,76,15,0,1
76-18,76,18,1,0
36-53,36,53,2,0
61-52,61,52,1,1
40-5,40,5,1,2
39-17,39,17,0,1
43-41,43,41,1,0
64-51,64,51,1,2
5-17,5,17,0,0
63-32,63,32,0,3
49-64,49,64,1,2
54-25,54,25,0,0
72-5,72,5,1,0
36-54,36,54,1,0
23-42,23,42,3,0
21-59,21,59,1,0
61-22,61,22,0,1
19-8,19,8,1,2
57-9,57,9,0,3
56-76,56,76,0,1
29-42,29,42,3,0
8-52,8,52,1,0
52-7,52,7,0,1
13-65,13,65,1,0
44-12,44,12,0,0
3-4,3,4,2,1
15-18,15,18,1,0
23-73,23,73,1,0
11-80,11,80,3,1
67-17,67,17,0,1
75-42,75,42,0,1
26-80,26,80,0,0
9-59,9,59,3,0
43-15,43,15,0,1
45-17,45,17,0,1
6-52,6,52,2,0
76-44,76,44,1,1
39-8,39,8,0,1
69-66,69,66,1,0
73-26,73,26,0,0
49-39,49,39,0,0
6-20,6,20,1,2
34-58,34,58,0,0
78-59,78,59,2,3
11-39,11,39,1,0
11-65,11,65,1,0
51-23,51,23,1,3
32-36,32,36,2,1
33-38,33,38,1,0
72-13,72,13,0,1
63-69,63,69,3,2
62-42,62,42,0,2
29-11,29,11,1,1
31-6,31,6,0,1
55-16,55,16,1,1
65-20,65,20,1,3
19-37,19,37,1,0
75-41,75,41,0,2
73-79,73,79,0,0
43-13,43,13,0,1
33-29,33,29,1,0
72-19,72,19,0,1
53-23,53,23,0,1
28-63,28,63,1,2
15-47,15,47,0,1
21-22,21,22,4,1
64-23,64,23,1,0
11-40,11,40,0,1
42-3,42,3,0,3
63-26,63,26,0,1
67-69,67,69,0,2
77-33,77,33,0,2
30-33,30,33,0,0
37-47,37,47,1,0
73-69,73,69,0,0
36-62,36,62,5,0
8-78,8,78,2,0
17-38,17,38,1,1
2-29,2,29,0,0
12-24,12,24,0,1
1-61,1,61,0,0
5-39,5,39,0,0
44-16,44,16,3,1
70-14,70,14,1,1
52-5,52,5,0,2
3-46,3,46,4,0
62-64,62,64,1,2
9-75,9,75,2,0
10-72,10,72,4,0
5-41,5,41,1,0
30-13,30,13,1,1
2-25,2,25,1,0
13-17,13,17,2,3
2-14,2,14,0,0
44-37,44,37,0,1
19-65,19,65,0,0
2-73,2,73,4,1
2-26,2,26,0,0
9-55,9,55,1,1
60-57,60,57,0,0
21-68,21,68,0,0
61-70,61,70,0,1
65-51,65,51,1,0
36-45,36,45,2,0
66-24,66,24,0,1
50-24,50,24,0,4
13-16,13,16,1,2
73-76,73,76,1,1
67-12,67,12,0,1
73-31,73,31,0,1
23-71,23,71,0,1
49-42,49,42,1,0
18-72,18,72,2,0
65-60,65,60,0,0
5-9,5,9,0,1
17-8,17,8,1,0
11-48,11,48,1,0
80-52,80,52,1,1
60-34,60,34,1,1
76-28,76,28,0,1
55-30,55,30,0,0
45-8,45,8,1,0
16-45,16,45,3,0
77-63,77,63,0,1
4-71,4,71,3,1
50-25,50,25,0,0
9-1,9,1,3,0
45-18,45,18,1,2
28-25,28,25,0,1
39-77,39,77,3,0
65-77,65,77,0,1
53-70,53,70,2,0
24-42,24,42,1,0
57-39,57,39,2,1
32-8,32,8,1,1
27-63,27,63,2,0
16-33,16,33,4,0
59-45,59,45,1,1
33-34,33,34,1,1
36-20,36,20,0,0
75-32,75,32,1,0
13-72,13,72,2,1
75-61,75,61,0,0
34-23,34,23,0,0
54-41,54,41,0,0
71-31,71,31,1,3
67-59,67,59,2,0
80-46,80,46,0,0
32-16,32,16,0,0
41-20,41,20,1,2
44-47,44,47,1,0
67-56,67,56,1,0
37-12,37,12,0,0
42-2,42,2,0,2
65-42,65,42,0,1
2-47,2,47,2,0
10-26,10,26,2,0
19-21,19,21,2,0
19-5,19,5,0,0
80-52,80,52,2,0
31-7,31,7,0,2
18-49,18,49,3,0
30-34,30,34,3,0
22-16,22,16,1,0
49-1,49,1,0,2
42-59,42,59,1,1
35-42,35,42,2,1
43-64,43,64,0,0
54-24,54,24,0,1
33-55,33,55,1,0
78-46,78,46,1,2
42-62,42,62,1,1
28-11,28,11,0,2
17-74,17,74,1,0
14-2,14,2,1,1
55-78,55,78,1,0
53-40,53,40,1,0
32-55,32,55,1,0
72-21,72,21,1,2
22-19,22,19,1,3
13-35,13,35,0,0
68-56,68,56,2,1
70-23,70,23,0,3
38-3,38,3,2,0
74-41,74,41,0,2
14-63,14,63,1,1
65-27,65,27,0,2
12-19,12,19,2,2
74-4,74,4,0,3
43-67,43,67,1,0
66-15,66,15,0,1
12-80,12,80,2,0
14-40,14,40,1,1
79-39,79,39,0,4
78-63,78,63,1,1
66-63,66,63,0,1
44-18,44,18,0,0
53-25,53,25,0,3
23-66,23,66,0,0
57-49,57,49,3,0
42-76,42,76,1,0
37-69,37,69,3,0
74-77,74,77,2,2
23-31,23,31,2,1
49-51,49,51,1,2
80-33,80,33,1,3
13-37,13,37,1,1
43-40,43,40,1,0
38-45,38,45,2,1
13-24,13,24,0,1
37-40,37,40,2,0
13-36,13,36,2,0
57-63,57,63,3,0
5-39,5,39,1,0
73-77,73,77,0,0
11-22,11,22,1,3
74-26,74,26,0,3
51-17,51,17,0,3
63-54,63,54,0,3
55-56,55,56,3,0
40-26,40,26,1,0
18-77,18,77,1,0
31-53,31,53,1,0
3-74,3,74,2,0
61-55,61,55,3,0
50-34,50,34,0,2
3-53,3,53,2,0
16-15,16,15,1,1
57-56,57,56,0,0
40-21,40,21,0,0
29-75,29,75,0,2
75-37,75,37,0,0
79-67,79,67,0,2
28-55,28,55,3,0
38-80,38,80,3,1
33-17,33,17,2,2
63-72,63,72,0,1
52-3,52,3,0,2
53-49,53,49,0,0
3-76,3,76,4,0
26-24,26,24,2,0
43-64,43,64,2,0
66-15,66,15,0,4
63-17,63,17,1,0
55-32,55,32,2,1
23-77,23,77,2,0
3-69,3,69,5,1
73-66,73,66,1,2
61-19,61,19,0,1
20-42,20,42,2,0
66-78,66,78,0,1
75-40,75,40,1,3
64-54,64,54,1,1
41-77,41,77,2,0
78-76,78,76,2,0
80-11,80,11,1,1
60-17,60,17,1,2
20-21,20,21,3,1
4-22,4,22,1,1
56-16,56,16,0,4
69-63,69,63,0,1
17-6,17,6,1,2
37-78,37,78,2,0
31-6,31,6,3,1
45-35,45,35,0,1
7-74,7,74,0,2
14-36,14,36,1,0
36-8,36,8,2,2
33-29,33,29,1,1
66-44,66,44,1,1
51-48,51,48,0,2
31-54,31,54,3,0
38-25,38,25,0,3
24-51,24,51,0,0
38-62,38,62,2,0
32-59,32,59,1,3
77-55,77,55,1,1
1-58,1,58,2,0
22-54,22,54,2,0
57-28,57,28,0,2
14-75,14,75,1,0
17-78,17,78,3,0
21-80,21,80,1,2
56-61,56,61,3,1
49-65,49,65,1,0
12-18,12,18,1,0
34-44,34,44,0,0
17-52,17,52,0,1
60-49,60,49,1,0
76-41,76,41,1,1
17-5,17,5,0,0
3-18,3,18,1,1
44-40,44,40,2,1
79-40,79,40,0,2
67-8,67,8,0,2
51-22,51,22,3,1
50-77,50,77,2,1
38-34,38,34,2,0
59-71,59,71,1,0
76-28,76,28,0,1
77-39,77,39,0,2
48-45,48,45,2,0
58-35,58,35,1,1
63-3,63,3,0,2
40-59,40,59,0,2
45-27,45,27,6,0
7-48,7,48,0,3
48-35,48,35,0,2
69-32,69,32,0,3
62-31,62,31,0,3
58-12,58,12,1,0
65-51,65,51,0,0
51-63,51,63,1,0
76-45,76,45,0,1
69-57,69,57,1,1
63-70,63,70,1,0
39-12,39,12,4,2
57-26,57,26,0,1
57-2,57,2,0,2
16-6,16,6,1,0
46-72,46,72,1,0
62-37,62,37,0,1
42-63,42,63,0,0
30-18,30,18,1,1
5-67,5,67,0,0
77-43,77,43,0,2
38-44,38,44,0,0
72-30,72,30,0,1
16-32,16,32,2,1
28-16,28,16,2,1
55-50,55,50,2,0
49-43,49,43,2,1
10-38,10,38,1,0
44-71,44,71,2,1
58-15,58,15,1,1
2-70,2,70,1,1
36-51,36,51,1,0
37-72,37,72,1,1
66-13,66,13,1,1
62-7,62,7,0,4
37-50,37,50,0,0
25-3,25,3,1,1
33-59,33,59,1,0
39-43,39,43,3,1
8-6,8,6,1,3
59-34,59,34,0,0
49-59,49,59,3,0
1-44,1,44,4,2
10-34,10,34,2,0
39-28,39,28,3,0
38-6,38,6,0,2
59-43,59,43,2,0
61-70,61,70,0,1
7-31,7,31,0,0
17-63,17,63,1,0
8-48,8,48,3,0
13-2,13,2,0,1
55-39,55,39,1,1
11-52,11,52,1,0
34-39,34,39,0,1
58-39,58,39,0,1
4-67,4,67,1,0
60-14,60,14,0,2
26-36,26,36,1,0
56-69,56,69,0,0
6-28,6,28,1,3
34-49,34,49,1,1
78-1,78,1,1,0
51-60,51,60,0,1
24-65,24,65,1,0
75-1,75,1,0,0
32-70,32,70,1,0
44-41,44,41,1,1
6-12,6,12,2,0
9-46,9,46,2,0
64-23,64,23,1,2
61-7,61,7,0,1
18-53,18,53,0,0
67-21,67,21,0,1
72-12,72,12,0,3
18-68,18,68,0,1
7-9,7,9,0,0
61-64,61,64,1,0
44-29,44,29,1,2
5-28,5,28,0,1
27-9,27,9,1,1
2-74,2,74,2,0
45-29,45,29,0,0
37-34,37,34,0,1
73-40,73,40,0,1
69-16,69,16,0,1
14-7,14,7,0,1
37-28,37,28,3,1
8-54,8,54,4,0
9-11,9,11,2,2
21-30,21,30,1,1
68-12,68,12,0,1
6-46,6,46,1,0
44-48,44,48,3,1
58-24,58,24,1,0
33-66,33,66,1,0
37-80,37,80,3,0
24-67,24,67,2,0
8-65,8,65,2,0
47-9,47,9,0,1
3-32,3,32,2,0
34-61,34,61,2,1
50-36,50,36,0,0
76-29,76,29,1,3
75-62,75,62,2,2
6-80,6,80,1,0
32-16,32,16,0,2
12-4,12,4,2,1
20-42,20,42,0,0
55-3,55,3,1,0
25-76,25,76,0,0
47-55,47,55,0,1
65-66,65,66,1,0
57-63,57,63,0,0
16-54,16,54,0,0
59-66,59,66,2,1
76-59,76,59,2,2
34-35,34,35,4,0
32-70,32,70,2,0
37-50,37,50,1,0
49-35,49,35,2,1
36-74,36,74,2,0
67-27,67,27,1,0
29-67,29,67,2,0
40-15,40,15,0,1
33-16,33,16,1,1
69-43,69,43,2,0
70-22,70,22,1,2
30-63,30,63,4,1
72-78,72,78,3,0
24-4,24,4,2,0
78-59,78,59,2,3
57-44,57,44,0,1
36-4,36,4,1,0
74-80,74,80,1,0
32-58,32,58,3,1
4-3,4,3,1,2
79-73,79,73,2,0
63-17,63,17,0,0
46-15,46,15,0,0
29-36,29,36,0,1
80-32,80,32,1,2
69-42,69,42,2,0
56-74,56,74,3,1
8-56,8,56,3,1
4-80,4,80,3,0
80-31,80,31,1,3
77-25,77,25,1,2
68-76,68,76,0,1
75-12,75,12,0,3
36-51,36,51,1,0
43-70,43,70,1,0
6-57,6,57,2,1
43-74,43,74,2,0
23-41,23,41,1,0
41-10,41,10,0,2
47-46,47,46,2,1
62-63,62,63,3,0
41-6,41,6,1,0
10-58,10,58,1,0
13-37,13,37,2,0
78-41,78,41,1,2
34-67,34,67,3,1
80-26,80,26,0,1
29-13,29,13,1,0
65-80,65,80,0,2
37-13,37,13,1,1
70-9,70,9,1,0
17-62,17,62,1,0
14-52,14,52,1,1
4-3,4,3,0,1
37-80,37,80,1,0
43-17,43,17,0,1
73-38,73,38,1,1
38-65,38,65,2,0
27-7,27,7,1,0
11-38,11,38,3,3
51-14,51,14,1,3
18-21,18,21,2,0
21-10,21,10,1,0
58-61,58,61,0,0
71-57,71,57,1,1
62-13,62,13,0,1
48-46,48,46,0,0
30-59,30,59,0,0
76-35,76,35,0,4
73-11,73,11,0,3
16-51,16,51,1,0
40-20,40,20,2,0
2-47,2,47,1,0
4-12,4,12,2,0
10-67,10,67,0,0
31-36,31,36,2,0
52-34,52,34,2,0
57-19,57,19,0,2
24-4,24,4,2,0
22-18,22,18,0,1
68-74,68,74,3,0
7-24,7,24,1,1
30-35,30,35,1,1
46-5,46,5,0,1
71-68,71,68,2,1
43-67,43,67,2,0
7-40,7,40,1,0
30-39,30,39,0,2
71-48,71,48,0,0
36-3,36,3,0,0
33-47,33,47,1,1
73-79,73,79,2,0
39-80,39,80,2,0
29-69,29,69,1,0
53-67,53,67,0,0
39-68,39,68,1,0
9-51,9,51,2,0
50-1,50,1,1,3
8-68,8,68,1,0
45-51,45,51,0,2
50-65,50,65,2,0
41-2,41,2,0,3
66-67,66,67,0,2
75-32,75,32,0,3
71-57,71,57,2,0
42-66,42,66,3,0
1-15,1,15,1,1
23-74,23,74,2,0
19-1,19,1,1,1
25-19,25,19,1,0
26-49,26,49,2,0
76-3,76,3,2,3
69-78,69,78,0,1
10-67,10,67,2,0
22-57,22,57,2,0
68-15,68,15,0,1
79-4,79,4,1,2
31-1,31,1,2,0
70-44,70,44,0,4
17-21,17,21,2,1
14-80,14,80,2,0
37-54,37,54,1,0
33-53,33,53,1,0
40-35,40,35,2,0
19-10,19,10,0,1
74-26,74,26,2,4
11-25,11,25,0,2
14-46,14,46,1,0
15-18,15,18,2,2
46-18,46,18,2,2
34-28,34,28,1,0
71-75,71,75,2,0
25-9,25,9,1,1
57-11,57,11,0,2
28-21,28,21,2,1
80-78,80,78,0,1
37-50,37,50,0,1
62-10,62,10,0,2
10-66,10,66,0,0
12-21,12,21,0,1
52-17,52,17,0,1
18-9,18,9,2,1
49-78,49,78,1,0
42-2,42,2,0,1
18-78,18,78,2,0
57-48,57,48,1,0
61-46,61,46,0,0
23-54,23,54,1,1
14-37,14,37,0,1
79-64,79,64,4,1
61-36,61,36,1,1
30-32,30,32,1,0
5-12,5,12,2,0
16-57,16,57,2,0
21-25,21,25,1,1
77-61,77,61,0,1
58-45,58,45,1,2
20-28,20,28,0,0
66-76,66,76,1,3
68-26,68,26,1,0
14-68,14,68,2,1
39-36,39,36,0,2
65-7,65,7,0,1
33-51,33,51,1,0
72-7,72,7,0,2
33-44,33,44,2,0
70-4,70,4,0,3
17-78,17,78,2,0
25-47,25,47,0,0
21-43,21,43,1,0
9-77,9,77,1,2
12-73,12,73,1,1
56-35,56,35,1,0
69-37,69,37,2,5
45-32,45,32,2,2
79-51,79,51,0,2
77-20,77,20,0,2
79-75,79,75,3,0
53-80,53,80,1,0
75-1,75,1,0,2
9-25,9,25,2,1
10-53,10,53,2,0
62-64,62,64,0,0
44-74,44,74,2,1
52-49,52,49,0,1
38-69,38,69,2,0
38-43,38,43,1,1
42-54,42,54,0,2
56-16,56,16,0,3
7-53,7,53,1,1
6-80,6,80,0,0
25-53,25,53,1,2
42-12,42,12,0,0
32-59,32,59,1,0
60-66,60,66,1,0
13-75,13,75,1,0
45-16,45,16,0,1
59-70,59,70,3,0
27-37,27,37,0,0
8-43,8,43,1,0
29-73,29,73,1,2
55-50,55,50,2,1
64-34,64,34,0,1
1-52,1,52,0,1
54-75,54,75,1,1
59-70,59,70,1,0
41-12,41,12,1,1
76-62,76,62,0,0
72-57,72,57,0,0
15-57,15,57,1,0
39-46,39,46,0,0
42-19,42,19,0,2
28-77,28,77,2,1
64-3,64,3,1,2
65-2,65,2,0,2
68-67,68,67,3,1
69-31,69,31,0,1
78-53,78,53,1,1
33-44,33,44,3,0
33-50,33,50,2,0
18-48,18,48,3,0
8-72,8,72,1,0
4-60,4,60,0,1
37-76,37,76,0,2
62-65,62,65,0,1
64-21,64,21,1,0
64-76,64,76,0,4
18-76,18,76,1,0
44-52,44,52,1,2
72-5,72,5,1,2
49-7,49,7,0,0
33-41,33,41,2,1
28-13,28,13,0,2
25-71,25,71,2,0
39-18,39,18,1,1
36-6,36,6,3,0
73-17,73,17,1,3
12-43,12,43,0,1
25-67,25,67,3,0
73-71,73,71,2,0
79-2,79,2,0,0
38-8,38,8,2,0
64-79,64,79,3,1
65-40,65,40,0,2
28-56,28,56,1,0
22-43,22,43,1,0
29-2,29,2,0,0
64-1,64,1,0,2
40-49,40,49,2,2
39-16,39,16,0,2
71-43,71,43,1,1
29-73,29,73,1,0
17-49,17,49,0,0
32-9,32,9,1,1
40-16,40,16,0,1
43-2,43,2,0,2
23-46,23,46,1,0
71-41,71,41,0,1
25-70,25,70,3,0
72-9,72,9,0,1
19-30,19,30,0,0
6-58,6,58,2,0
10-79,10,79,3,1
75-21,75,21,0,1
9-41,9,41,2,0
47-30,47,30,1,1
35-76,35,76,2,1
50-43,50,43,0,0
75-29,75,29,1,2
21-40,21,40,0,1
78-21,78,21,1,3
72-71,72,71,2,1
77-80,77,80,1,2
9-32,9,32,2,1
47-6,47,6,0,2
49-65,49,65,4,0
55-31,55,31,1,5
28-24,28,24,1,1
27-68,27,68,2,0
33-70,33,70,2,0
48-61,48,61,2,0
40-32,40,32,0,1
68-35,68,35,0,3
43-41,43,41,1,0
71-59,71,59,0,1
70-63,70,63,1,2
61-35,61,35,0,1
18-19,18,19,1,0
37-65,37,65,0,0
8-9,8,9,2,1
2-25,2,25,0,1
57-77,57,77,1,1
55-10,55,10,0,2
41-16,41,16,0,2
43-73,43,73,1,1
38-9,38,9,0,3
75-45,75,45,2,2
39-16,39,16,1,1
53-20,53,20,0,0
64-65,64,65,3,1
24-36,24,36,0,0
29-66,29,66,2,0
24-40,24,40,1,2
25-38,25,38,1,1
1-20,1,20,1,0
15-73,15,73,5,0
63-39,63,39,0,1
51-46,51,46,3,1
6-79,6,79,1,0
69-59,69,59,0,2
18-41,18,41,0,0
24-72,24,72,4,0
37-56,37,56,1,1
61-67,61,67,1,1
71-67,71,67,0,1
28-5,28,5,1,0
79-18,79,18,0,2
53-33,53,33,0,0
59-6,59,6,1,1
51-64,51,64,2,0
37-80,37,80,1,1
36-35,36,35,2,0
37-45,37,45,2,0
39-79,39,79,0,0
9-16,9,16,1,0
22-7,22,7,0,4
51-28,51,28,1,0
6-44,6,44,3,0
40-12,40,12,1,4
27-48,27,48,2,0
63-29,63,29,0,0
15-80,15,80,3,0
52-18,52,18,1,1
35-12,35,12,0,0
35-77,35,77,0,2
52-58,52,58,1,0
67-13,67,13,2,1
3-51,3,51,1,1
55-49,55,49,2,0
7-57,7,57,3,1
39-72,39,72,0,0
3-52,3,52,2,0
15-19,15,19,1,0
2-50,2,50,2,1
65-10,65,10,0,1
61-51,61,51,0,2
36-41,36,41,0,0
73-67,73,67,0,1
21-53,21,53,3,0
30-14,30,14,2,2
17-28,17,28,1,1
18-25,18,25,1,0
61-5,61,5,0,3
38-76,38,76,1,0
76-68,76,68,2,1
29-39,29,39,3,2
32-29,32,29,1,1
47-16,47,16,0,1
71-28,71,28,0,2
20-23,20,23,1,1
31-56,31,56,2,1
14-1,14,1,3,1
31-67,31,67,3,0
53-55,53,55,0,0
52-24,52,24,2,0
23-62,23,62,0,0
23-74,23,74,1,1
55-6,55,6,0,0
5-18,5,18,0,2
68-42,68,42,2,1
42-50,42,50,1,1
69-32,69,32,1,1
38-59,38,59,1,0
30-79,30,79,0,0
65-24,65,24,0,1
49-8,49,8,0,0
2-55,2,55,2,1
67-6,67,6,0,0
37-73,37,73,2,1
28-21,28,21,1,2
71-32,71,32,0,2
28-80,28,80,0,0
75-28,75,28,1,1
40-21,40,21,0,2
13-49,13,49,0,0
78-43,78,43,0,3
56-67,56,67,1,0
10-43,10,43,3,0
65-25,65,25,0,1
38-44,38,44,1,0
42-31,42,31,2,2
28-50,28,50,1,0
41-29,41,29,1,0
52-9,52,9,0,4
62-1,62,1,0,2
1-59,1,59,0,1
20-30,20,30,2,1
80-43,80,43,2,0
8-67,8,67,1,0
65-55,65,55,1,3
42-18,42,18,0,3
66-23,66,23,0,1
65-48,65,48,1,1
67-62,67,62,1,1
18-76,18,76,4,2
80-38,80,38,0,0
36-37,36,37,1,0
62-68,62,68,1,1
34-12,34,12,0,0
52-34,52,34,1,1
21-70,21,70,1,1
9-46,9,46,2,0
74-16,74,16,0,0
9-64,9,64,2,0
51-48,51,48,1,2
36-18,36,18,1,1
76-8,76,8,0,2
8-16,8,16,0,1
22-38,22,38,2,0
5-76,5,76,1,1
48-41,48,41,0,3
65-50,65,50,1,0
68-48,68,48,0,1
68-62,68,62,2,0
9-44,9,44,2,1
41-68,41,68,2,1
60-72,60,72,0,1
73-59,73,59,0,0
54-9,54,9,0,3
6-36,6,36,1,1
57-59,57,59,2,1
58-26,58,26,2,1
10-5,10,5,2,1
36-53,36,53,0,0
66-2,66,2,0,2
64-37,64,37,0,1
5-37,5,37,1,0
28-22,28,22,2,2
38-17,38,17,1,0
67-37,67,37,0,0
35-41,35,41,1,1
41-54,41,54,3,2
60-6,60,6,0,0
64-15,64,15,1,3
6-19,6,19,1,1
22-14,22,14,2,1
44-61,44,61,2,0
79-16,79,16,0,1
61-50,61,50,2,3
64-14,64,14,0,2
47-63,47,63,3,0
2-53,2,53,2,0
45-8,45,8,1,2
49-12,49,12,3,0
5-39,5,39,1,0
60-61,60,61,2,1
22-35,22,35,2,0
17-36,17,36,1,0
59-25,59,25,1,0
1-19,1,19,1,0
73-65,73,65,0,0
45-11,45,11,1,1
19-80,19,80,1,1
32-27,32,27,0,1
63-61,63,61,1,1
20-7,20,7,0,1
41-22,41,22,1,0
10-38,10,38,3,1
14-6,14,6,1,1
69-24,69,24,1,0
54-55,54,55,0,0
9-2,9,2,0,2
27-34,27,34,0,0
19-47,19,47,1,0
3-77,3,77,2,0
31-40,31,40,1,3
26-74,26,74,1,0
5-11,5,11,2,0
40-78,40,78,0,0
35-1,35,1,1,1
39-50,39,50,1,1
55-25,55,25,1,1
20-28,20,28,1,1
51-2,51,2,0,2
31-35,31,35,0,1
44-71,44,71,2,0
18-49,18,49,2,0
72-11,72,11,0,2
62-77,62,77,0,1
79-1,79,1,0,2
64-14,64,14,0,0
41-13,41,13,1,0
78-48,78,48,1,1
16-72,16,72,0,0
6-26,6,26,2,1
1-31,1,31,2,1
5-66,5,66,2,0
22-68,22,68,2,0
59-72,59,72,3,2
66-20,66,20,1,3
18-7,18,7,3,1
78-57,78,57,0,1
66-30,66,30,1,5
5-41,5,41,0,0
38-14,38,14,1,2
35-63,35,63,2,0
38-29,38,29,1,0
17-68,17,68,1,0
20-80,20,80,3,0
4-56,4,56,0,0
12-43,12,43,0,2
42-80,42,80,1,1
47-30,47,30,1,2
30-51,30,51,3,2
26-39,26,39,2,0
79-57,79,57,1,1
4-75,4,75,2,0
16-28,16,28,0,0
40-14,40,14,0,2
80-44,80,44,0,2
48-2,48,2,1,0
18-2,18,2,1,1
68-39,68,39,0,1
48-75,48,75,1,0
5-76,5,76,1,1
14-30,14,30,2,0
7-27,7,27,0,0
52-21,52,21,0,0
62-14,62,14,0,2
26-24,26,24,1,0
13-65,13,65,5,0
47-60,47,60,2,1
14-25,14,25,0,1
22-32,22,32,0,1
19-10,19,10,0,0
53-17,53,17,0,0
5-48,5,48,3,0
14-76,14,76,0,0
4-56,4,56,2,1
64-42,64,42,1,1
51-72,51,72,0,0
24-7,24,7,0,5
36-67,36,67,3,1
28-75,28,75,6,0
24-71,24,71,0,0
54-50,54,50,0,0
77-39,77,39,1,2
45-20,45,20,1,1
68-11,68,11,1,2
3-73,3,73,1,0
77-3,77,3,0,0
48-66,48,66,0,0
47-14,47,14,1,1
33-54,33,54,2,2
21-20,21,20,1,2
72-4,72,4,0,4
67-29,67,29,1,1
35-56,35,56,1,4
70-3,70,3,0,1
40-18,40,18,2,1
78-5,78,5,0,2
43-7,43,7,2,2
2-60,2,60,1,0
51-29,51,29,0,3
49-43,49,43,0,3
8-66,8,66,3,0
25-66,25,66,1,1
37-44,37,44,2,0
55-64,55,64,1,0
37-19,37,19,2,1
59-19,59,19,0,1
45-52,45,52,1,1
15-57,15,57,0,0
13-16,13,16,2,1
54-17,54,17,1,1
31-28,31,28,0,0
32-1,32,1,0,3
78-6,78,6,0,1
40-65,40,65,2,1
73-45,73,45,0,3
62-20,62,20,2,1
70-75,70,75,3,0
59-48,59,48,2,0
45-40,45,40,0,1
15-69,15,69,1,0
55-33,55,33,1,4
16-9,16,9,0,1
9-72,9,72,2,1
51-32,51,32,0,1
23-60,23,60,1,0
75-37,75,37,0,1
38-60,38,60,2,1
63-49,63,49,1,1
76-10,76,10,1,2
12-76,12,76,1,0
24-55,24,55,1,0
29-22,29,22,3,1
42-25,42,25,0,1
64-31,64,31,0,0
22-55,22,55,3,0
24-38,24,38,0,0
61-11,61,11,1,1
3-33,3,33,2,0
17-47,17,47,1,0
32-40,32,40,1,1
74-38,74,38,0,1
51-20,51,20,0,1
75-26,75,26,0,1
49-40,49,40,3,1
42-64,42,64,1,0
17-40,17,40,1,1
47-41,47,41,1,1
58-36,58,36,2,1
63-58,63,58,1,1
37-74,37,74,1,0
47-71,47,71,2,0
62-43,62,43,1,1
16-25,16,25,2,0
55-16,55,16,0,3
45-16,45,16,0,1
33-19,33,19,1,0
30-66,30,66,4,1
49-38,49,38,3,0
50-75,50,75,3,0
48-77,48,77,1,2
67-78,67,78,2,1
58-74,58,74,1,0
50-16,50,16,1,2
3-48,3,48,0,0
29-80,29,80,1,0
75-70,75,70,1,0
24-44,24,44,1,0
56-19,56,19,1,0
22-79,22,79,0,0
77-38,77,38,0,2
57-30,57,30,1,0
75-44,75,44,1,1
30-79,30,79,3,2
26-45,26,45,1,0
72-44,72,44,2,1
7-57,7,57,4,0
18-8,18,8,4,0
5-57,5,57,1,0
27-10,27,10,3,2
8-45,8,45,3,1
60-78,60,78,0,2
4-40,4,40,0,0
49-26,49,26,1,2
44-45,44,45,0,0
36-18,36,18,2,4
51-11,51,11,3,3
35-72,35,72,0,0
40-10,40,10,0,1
14-55,14,55,1,0
26-4,26,4,0,1
25-14,25,14,1,2
5-28,5,28,1,0
57-61,57,61,1,2
35-68,35,68,2,1
3-23,3,23,0,2
39-75,39,75,3,0
11-63,11,63,1,0
34-7,34,7,0,3
67-41,67,41,1,2
24-19,24,19,0,0
13-37,13,37,0,2
53-79,53,79,0,0
65-76,65,76,0,0
24-76,24,76,0,0
50-16,50,16,0,0
38-26,38,26,0,0
24-56,24,56,1,0
8-44,8,44,1,0
27-39,27,39,1,3
75-11,75,11,1,0
55-31,55,31,2,0
26-64,26,64,0,0
16-65,16,65,2,0
35-63,35,63,1,0
49-2,49,2,2,3
74-31,74,31,1,1
10-33,10,33,2,0
2-3,2,3,3,1
64-24,64,24,1,0
36-75,36,75,2,1
48-76,48,76,0,0
69-9,69,9,0,1
3-49,3,49,1,1
27-38,27,38,1,0
12-46,12,46,2,1
13-54,13,54,2,0
72-32,72,32,1,2
52-70,52,70,1,0
77-41,77,41,1,2
7-42,7,42,2,0
48-4,48,4,1,1
34-63,34,63,2,0
58-39,58,39,1,3
34-31,34,31,1,1
77-44,77,44,1,2
57-24,57,24,1,2
57-39,57,39,3,1
19-71,19,71,1,0
80-71,80,71,1,0
75-15,75,15,0,2
75-29,75,29,0,5
73-52,73,52,1,1
23-67,23,67,3,1
72-7,72,7,1,1
32-57,32,57,2,0
26-16,26,16,0,3
2-27,2,27,2,0
34-67,34,67,0,2
45-73,45,73,3,1
6-59,6,59,0,1
4-72,4,72,2,1
49-4,49,4,1,0
12-46,12,46,1,0
73-55,73,55,2,0
46-51,46,51,1,1
35-32,35,32,1,1
3-73,3,73,2,2
70-55,70,55,0,1
14-17,14,17,0,1
68-49,68,49,1,1
74-77,74,77,1,2
54-34,54,34,0,2
48-14,48,14,1,3
26-8,26,8,1,2
59-11,59,11,1,2
52-7,52,7,0,1
33-45,33,45,3,0
72-12,72,12,0,0
31-29,31,29,2,0
69-35,69,35,0,2
69-49,69,49,0,1
33-5,33,5,1,1
59-14,59,14,1,1
32-21,32,21,0,0
19-44,19,44,3,0
78-6,78,6,0,1
59-70,59,70,2,0
41-39,41,39,1,3
13-57,13,57,0,0
42-69,42,69,0,2
52-51,52,51,1,2
76-57,76,57,0,2
41-56,41,56,0,1
37-59,37,59,2,1
30-27,30,27,0,1
31-16,31,16,0,1
64-25,64,25,1,1
30-63,30,63,0,0
76-36,76,36,0,2
18-72,18,72,1,0
55-27,55,27,0,2
61-34,61,34,1,1
10-7,10,7,1,1
59-49,59,49,1,1
45-29,45,29,1,0
41-78,41,78,1,0
37-28,37,28,1,0
5-26,5,26,0,0
50-20,50,20,0,0
73-12,73,12,1,1
69-53,69,53,4,2
6-53,6,53,2,0
54-69,54,69,1,0
18-46,18,46,2,0
3-26,3,26,2,1
54-42,54,42,2,1
58-45,58,45,3,0
3-56,3,56,3,1
54-15,54,15,2,1
9-21,9,21,0,1
54-42,54,42,1,0
4-53,4,53,0,0
48-3,48,3,1,2
5-25,5,25,0,0
43-12,43,12,2,1
3-10,3,10,0,0
45-64,45,64,0,0
24-26,24,26,0,0
77-55,77,55,3,0
31-44,31,44,2,0
33-29,33,29,0,1
25-41,25,41,1,0
45-12,45,12,0,0
18-54,18,54,1,0
18-7,18,7,2,0
51-53,51,53,1,1
1-66,1,66,1,1
30-50,30,50,1,0
46-9,46,9,0,2
30-18,30,18,1,0
14-53,14,53,2,0
26-25,26,25,3,0
24-70,24,70,2,1
50-27,50,27,2,4
30-1,30,1,1,0
13-9,13,9,0,1
63-35,63,35,0,0
48-14,48,14,2,1
60-79,60,79,1,0
57-39,57,39,1,0
20-31,20,31,2,2
63-6,63,6,2,2
12-14,12,14,0,1
2-79,2,79,1,0
75-34,75,34,0,3
32-70,32,70,2,0
68-27,68,27,0,3
24-5,24,5,0,2
25-33,25,33,1,1
44-48,44,48,1,1
65-59,65,59,0,0
6-48,6,48,0,0
5-30,5,30,0,0
52-39,52,39,0,0
53-28,53,28,1,1
60-68,60,68,1,0
27-70,27,70,3,0
34-80,34,80,3,0
16-61,16,61,2,0
36-13,36,13,0,0
3-38,3,38,2,0
15-79,15,79,3,0
30-4,30,4,1,3
8-25,8,25,1,1
3-46,3,46,0,0
62-18,62,18,0,3
15-62,15,62,2,0
35-19,35,19,4,2
8-70,8,70,0,0
61-34,61,34,0,3
34-78,34,78,1,0
34-24,34,24,0,3
58-36,58,36,0,1
53-63,53,63,1,1
49-71,49,71,2,1
66-9,66,9,1,1
42-16,42,16,0,0
14-67,14,67,1,0
32-79,32,79,0,1
6-36,6,36,2,0
37-47,37,47,3,0
5-25,5,25,2,1
15-13,15,13,0,1
29-21,29,21,1,1
60-27,60,27,0,1
52-18,52,18,1,2
45-48,45,48,1,0
29-45,29,45,3,1
67-76,67,76,0,0
7-43,7,43,1,0
7-45,7,45,1,0
40-78,40,78,2,1
53-65,53,65,2,0
17-20,17,20,2,0
63-39,63,39,0,1
45-32,45,32,0,2
22-23,22,23,0,0
75-2,75,2,1,1
79-66,79,66,2,1
53-40,53,40,1,0
5-18,5,18,1,1
16-17,16,17,3,0
52-78,52,78,1,0
40-48,40,48,3,1
21-61,21,61,4,0
14-63,14,63,5,0
61-22,61,22,1,1
71-41,71,41,1,0
69-48,69,48,2,1
40-61,40,61,3,0
25-18,25,18,0,0
15-26,15,26,3,1
53-15,53,15,1,2
60-52,60,52,0,0
64-50,64,50,0,1
14-78,14,78,1,0
56-1,56,1,1,1
52-29,52,29,1,0
32-70,32,70,2,0
40-8,40,8,1,0
68-13,68,13,1,1
62-21,62,21,0,1
10-58,10,58,3,0
74-9,74,9,0,1
62-19,62,19,1,1
45-57,45,57,2,0
76-45,76,45,4,0
26-68,26,68,1,0
49-4,49,4,1,2
55-49,55,49,1,2
31-64,31,64,0,1
16-78,16,78,1,0
34-32,34,32,0,1